{
"type": "FeatureCollection",
"name": "Udupi",
"crs": { "type": "name", "properties": { "name": "urn:ogc:def:crs:OGC:1.3:CRS84" } },
"features": [
{"type":"Feature","properties":{"KGISTalukC":"1601","LGD_TalukC":5522,"KGISTalukN":"Kundapura","KGISDistri":"16","SHAPE_STAr":889194713.04299998,"SHAPE_STLe":196382.96372900001},"geometry":{"type":"MultiPolygon","coordinates":[[[[74.708898342900454,13.542411367354218],[74.708882396557996,13.54245111922309],[74.708867391120592,13.542488525727926],[74.708825000059676,13.542594202623832],[74.70882293654283,13.542599347057275],[74.708822425872256,13.542603569183063],[74.708737658764505,13.543303800031442],[74.708754785384926,13.543332417830831],[74.708807749822157,13.543420919727087],[74.708859329890345,13.543507106998778],[74.708887252297416,13.543553810057505],[74.70890943694161,13.54359091534374],[74.708897568293125,13.543604659276115],[74.708829802943868,13.54368313563187],[74.708824400780074,13.543689391083779],[74.708428048467923,13.54414838648367],[74.708422327767423,13.544165748121497],[74.708350121841278,13.544384869180071],[74.708339979978746,13.544415690437653],[74.708340658008893,13.544418998874843],[74.708365432832295,13.544539831007768],[74.708373056563318,13.544577016107571],[74.708327086644388,13.544675650247575],[74.707810079749791,13.544746814777572],[74.707699242934197,13.544896507674784],[74.707689478620907,13.544928367391558],[74.707669122292415,13.544994791289653],[74.707639290205663,13.545092131228738],[74.707638145273279,13.54556865243339],[74.707649992971255,13.545712170914754],[74.707664639365092,13.545889589253878],[74.707677035359197,13.546039743556319],[74.707686707664934,13.546156650934213],[74.707663720175248,13.546208555360106],[74.707592559350985,13.54636923475376],[74.7075443774511,13.546391967515243],[74.707145700176952,13.546579107999515],[74.7070157587126,13.546568691025314],[74.706962648481991,13.546632463262444],[74.706922940511475,13.546680142477603],[74.706821068266976,13.54680246468704],[74.706802343098502,13.546860316573714],[74.706791326377981,13.546894353953627],[74.706760424807243,13.546989828001058],[74.706746546972326,13.547032703508254],[74.706720452792439,13.547113362984479],[74.706711061407418,13.547142391970647],[74.706730720957864,13.547179597558532],[74.70675485442078,13.547225271009184],[74.706755692587123,13.547226857094017],[74.706770090788837,13.547254106445203],[74.706825275165841,13.5473585455454],[74.706837787738337,13.547382225524467],[74.70679527112793,13.547603984101604],[74.706754133864848,13.547818546674973],[74.706712427262588,13.548036079842797],[74.706711901719615,13.548038821732272],[74.706698963148824,13.548106307646085],[74.706695065721775,13.548126669774796],[74.706686441149401,13.548171729708169],[74.706686204885685,13.548172963694302],[74.70667869371222,13.548212219826897],[74.705471640530575,13.548147434528282],[74.705199508917516,13.548207929026537],[74.705186036298699,13.548199176544202],[74.705009391680946,13.548084430345854],[74.704482623677805,13.548203925050316],[74.704320430817575,13.548240716848623],[74.7042118754391,13.548233672936226],[74.703701747695305,13.548200569271078],[74.703624360916066,13.548195547716848],[74.703609692001223,13.54819459535976],[74.702517826081817,13.547972938634587],[74.702414905032342,13.547926411469689],[74.702378165008966,13.547909802386258],[74.70207822538454,13.547828320135794],[74.702021005733243,13.547819859855325],[74.701958070866212,13.547810555438671],[74.701801591236944,13.547787419681535],[74.701671419193502,13.547768173537369],[74.701670955323891,13.547768104262945],[74.701671834489673,13.547764948673498],[74.701827529071977,13.54720611730659],[74.701860967618131,13.54692751034103],[74.701874645596547,13.546813547664714],[74.701894407014976,13.546648894322081],[74.701918431665078,13.54644872098425],[74.701951815813686,13.546170566031758],[74.701991082488775,13.545843402010005],[74.702012765681957,13.54566274077691],[74.702038113443948,13.545451541092387],[74.702082206465548,13.545094351759683],[74.702092660189777,13.545009669346546],[74.702099144166212,13.544957143575113],[74.702105690691369,13.544904111513349],[74.702109940001037,13.544868613198295],[74.701922168057962,13.544851955186317],[74.700953975044797,13.544766058139144],[74.700230426429968,13.544631705067003],[74.700224953049698,13.544623788371009],[74.70021049236982,13.544602870846502],[74.700184184548547,13.544564815864092],[74.700182070468571,13.544431613288838],[74.70020872282177,13.544322235284039],[74.700225330135424,13.544254078661712],[74.700248280482711,13.544159891663668],[74.700254295598512,13.544135205474447],[74.699913218941106,13.544064679392477],[74.699812714533223,13.544036963711156],[74.699747611956866,13.54423445172694],[74.699426110572929,13.54417810860175],[74.699362787237561,13.544172840433955],[74.699344884562763,13.544171350452569],[74.699006450774405,13.544143183688938],[74.698053068317122,13.544202505916612],[74.697894570242909,13.544196209168652],[74.697238714407064,13.544170151967876],[74.697185347262902,13.544347741612686],[74.697184550947426,13.544350390018202],[74.697180323573818,13.544362868584892],[74.697164158065775,13.544410584684373],[74.697084707408948,13.544536766637583],[74.697050208764338,13.544591548712777],[74.696994497676641,13.544680013561376],[74.696966997268561,13.544723677655377],[74.696767813533071,13.544822505427632],[74.696573651051864,13.544773169742918],[74.696405181029036,13.544730758891411],[74.69634308156904,13.544714331539167],[74.69630316566645,13.544856034280954],[74.696208153048232,13.544866866273932],[74.696184232146052,13.544869577001402],[74.696139631989794,13.544874629849533],[74.696095928466278,13.54487955899684],[74.696031699134181,13.544886806022996],[74.695982193802493,13.544844168749858],[74.695974765789572,13.544837770487907],[74.695883149035808,13.54475886338977],[74.695828218995103,13.544761799494829],[74.69503721742069,13.544804074981226],[74.694996703212283,13.544806184846189],[74.69492812561765,13.5445892815035],[74.69491213577686,13.544538697017511],[74.694905875522736,13.544518892351089],[74.69490071525405,13.544502568471454],[74.69482424000887,13.544504983458076],[74.694710048410144,13.544508589350313],[74.694329118596173,13.544520617601654],[74.694079424663627,13.544497821535218],[74.693772047922522,13.544469759831481],[74.693590466277342,13.544453181827906],[74.693362592196166,13.544432377562943],[74.693321300140894,13.544434992567636],[74.693266006218451,13.544438494611317],[74.693257719561871,13.544458172964827],[74.693253862219109,13.544467333421963],[74.693250179158767,13.544476078150925],[74.69323609582267,13.544509522494149],[74.693210635895866,13.544531886111633],[74.69318625479805,13.544553302521802],[74.693153724268527,13.544545736768479],[74.693107143592158,13.544534903090813],[74.693098310855788,13.544532848709338],[74.692971116697095,13.544503265578371],[74.692798710257193,13.544463167711283],[74.692738257252472,13.544479046612468],[74.692575211884261,13.544521873584577],[74.692547735334827,13.544529090753253],[74.69243983901508,13.544557431091622],[74.692326445931329,13.54451498940038],[74.69232201080915,13.54450986152875],[74.692292976608329,13.544476385884501],[74.692282354792582,13.544464138697316],[74.692262492644559,13.544441238355764],[74.692247390475956,13.544423825261399],[74.692238160296966,13.544413182969743],[74.692254620584521,13.544356193876173],[74.692298018356837,13.544203018823156],[74.692307549442489,13.544169379950404],[74.692287807589665,13.544160758319624],[74.69227920441773,13.544157000638865],[74.69208455714471,13.544072615083918],[74.692074188781461,13.544068120090534],[74.692039114249965,13.544053202453577],[74.691902965735181,13.544324603173717],[74.69185140009013,13.544368993868915],[74.691752499466276,13.544466597503906],[74.691718587369394,13.544468318928063],[74.691702417233017,13.5444692737422],[74.691684511771953,13.544470692993828],[74.69168000120716,13.544471050929145],[74.691537262177249,13.544482364825885],[74.691511583889437,13.544484725717167],[74.691559084091168,13.544347075016656],[74.691594159668711,13.544222754384172],[74.691084430224308,13.544118566518836],[74.691056670166361,13.544185763792781],[74.691017288133693,13.544280987510223],[74.690996056793338,13.54433228035613],[74.690970863379448,13.544392173777629],[74.690965525484174,13.544401969844007],[74.690934822670144,13.544396900809231],[74.690470462635801,13.544320239816258],[74.690484794678085,13.544239122684138],[74.690502397368746,13.54413948843357],[74.690511879747021,13.544085814742211],[74.690609835779483,13.544093622746937],[74.6906378407771,13.544095854653511],[74.690641842845537,13.544049870908156],[74.690644056837968,13.544024429763262],[74.690650650960393,13.543948661460778],[74.690653333078544,13.543917840777722],[74.690659362141105,13.543918876335882],[74.691063937791881,13.543988353218918],[74.691102603018805,13.543788943313775],[74.691277371009988,13.543818222626756],[74.691347924677871,13.54356425334629],[74.691348306293719,13.543562880304977],[74.691360857464957,13.543526605774098],[74.69138568056924,13.543454865643445],[74.69138237787449,13.543451697696682],[74.69130541687862,13.543385271732673],[74.6912997166921,13.543254638155609],[74.691145238721546,13.543166778622401],[74.69111430347948,13.543149288939691],[74.691101970322322,13.543142653900485],[74.691053411639018,13.543116530635643],[74.690930007146747,13.543253447262256],[74.69077684692158,13.543423377226302],[74.690756778783793,13.543445642371138],[74.690756380847972,13.543446053299766],[74.690734580469666,13.543469258499195],[74.690310687995222,13.543363528645694],[74.690310707796385,13.543362510516969],[74.690335672957872,13.543249055323358],[74.690350316995364,13.543182502871552],[74.690360640887022,13.543135584757401],[74.690644510718968,13.543181233056504],[74.690687164616094,13.543188091893384],[74.690690722957569,13.54318866414572],[74.690694353276314,13.543182169092638],[74.690704684723045,13.543163685118285],[74.690726040508679,13.543125480145973],[74.690779540178085,13.543029769365775],[74.690802450331319,13.54298878401876],[74.690820728798798,13.542956082844968],[74.69082826546925,13.542942599370795],[74.690784393852653,13.542896848489692],[74.690770158239999,13.542882002560001],[74.690751854257655,13.542862913512712],[74.690738315945893,13.542849147179682],[74.690812473618493,13.542743056154885],[74.69085853833981,13.542677155574838],[74.69087971143837,13.542640093296621],[74.690892012541966,13.542618562712914],[74.69089684869185,13.542610097039761],[74.690913255371058,13.542580454333432],[74.690940399627209,13.542506916806195],[74.690943667505252,13.542497666138079],[74.690945721229411,13.542491811129475],[74.690947467466742,13.542486463009091],[74.690959527605216,13.542368080962213],[74.690962083036609,13.542342995591058],[74.690962524851088,13.542338661299281],[74.690963825963124,13.542325892587208],[74.690967494360208,13.542289883787326],[74.690729480139566,13.542242903699451],[74.690708377879744,13.542238738076444],[74.690628173774883,13.542222907227],[74.690604466017007,13.54220388110938],[74.690446322374711,13.542076969625946],[74.690442639085489,13.542074407024341],[74.690443410366271,13.542068299058881],[74.690443846442605,13.542064835526265],[74.690449722626624,13.542018245555298],[74.690473894962139,13.54182660493651],[74.690475148083479,13.541816660955428],[74.690489506503241,13.541797217166691],[74.690500830109457,13.541781882924905],[74.690465632676336,13.541731549278506],[74.690234626944843,13.541676237770254],[74.690109242120187,13.541713982881038],[74.690093552314408,13.541715984374379],[74.690068424960742,13.541719190349234],[74.689933655617907,13.541736424136616],[74.689616185718606,13.541567609151029],[74.689606027553964,13.54156220738431],[74.689253234831497,13.541550629279804],[74.689179139576524,13.541553600707472],[74.688939679704617,13.541508358669059],[74.688924485099747,13.541505512270042],[74.688638444990943,13.54145193656991],[74.688632338478698,13.541451526589016],[74.688607653677295,13.541449870970046],[74.688281619720172,13.541428002223558],[74.688103228636905,13.541407673552307],[74.68810166978389,13.541407478104922],[74.688100992463674,13.541407393167649],[74.688097463561149,13.541406950219406],[74.68806989672423,13.541403490648648],[74.687997002113434,13.541394342137471],[74.687807348742552,13.54137060023818],[74.687539950285768,13.541338022683783],[74.687281669150096,13.541308185184789],[74.687253851561081,13.541304972063402],[74.686689443180057,13.54123976935672],[74.686554725660685,13.541234412134962],[74.686415712742743,13.5412288848869],[74.686265592375847,13.541199804942398],[74.685274673818981,13.541007847963771],[74.684624213137482,13.540954399318391],[74.684385995434823,13.540934824445889],[74.683600741441907,13.540870297204169],[74.683556809794723,13.540857326636168],[74.683416629674525,13.540814966424531],[74.683382022876231,13.540852476724156],[74.683354020161801,13.540883109736901],[74.683197592251545,13.541054232584671],[74.682846432488972,13.54143643664962],[74.682814281935066,13.54143144888455],[74.682676499480294,13.541408922669353],[74.682588365735427,13.541394514194394],[74.682588018314078,13.541394458595986],[74.682480576514948,13.541377195366554],[74.681881943527515,13.546468763962451],[74.681698370098246,13.548578033973483],[74.681692432748548,13.548646256164846],[74.681676332709429,13.54877838655551],[74.680806323392773,13.555918083973836],[74.679840443816644,13.562478599244564],[74.679790938753825,13.562470488225378],[74.678981470796231,13.56755631788694],[74.67844739130426,13.570821567664655],[74.678457063103139,13.570866961944095],[74.678586479829988,13.570856971544437],[74.67861384817401,13.570984939229609],[74.678203994819057,13.571583773225036],[74.677421357392873,13.571625826327379],[74.677109662025998,13.575274633446417],[74.676925029777038,13.578544188307795],[74.676547038622928,13.580876721114873],[74.676160673189514,13.583332602452513],[74.6760376405648,13.58411540805921],[74.675997050018097,13.584373664885041],[74.675513643848575,13.587449312300674],[74.675511005860699,13.587461431704844],[74.6750070975162,13.592994605524073],[74.67492171247747,13.593003600530514],[74.674908440399179,13.593190537225952],[74.674905171445928,13.593245690171379],[74.674875351487088,13.593748817929594],[74.674971425920276,13.593748350085454],[74.674897289099547,13.595338680608533],[74.674700184730852,13.596394074253578],[74.674562649026228,13.596363989509657],[74.673694633311953,13.600648257951176],[74.673826049081342,13.600684316588792],[74.673533821971191,13.601984806506366],[74.67335137427564,13.603056332423959],[74.673307043252024,13.603316689303631],[74.673207705883115,13.603312115660898],[74.673020635815945,13.60330678119877],[74.672894427594827,13.603289119797719],[74.672133986945113,13.606581333226385],[74.671852832420967,13.607798524917522],[74.672018565013104,13.607910035921082],[74.671901553929672,13.608582044603041],[74.671735365755325,13.609416532764167],[74.671689580463976,13.609809503046197],[74.671486158002324,13.611555450194828],[74.671373453603252,13.612371204374767],[74.671434829923129,13.612431279158054],[74.671167030195377,13.614015263545742],[74.670983964130983,13.61521592720276],[74.670762859351171,13.615480788472151],[74.670535711376033,13.617005621065882],[74.670259942758378,13.619218164925154],[74.670065622447666,13.620423146204034],[74.669758274175521,13.62128065584324],[74.669666663687622,13.621884134171305],[74.669472090598177,13.623417506701882],[74.669479202570926,13.624288089677645],[74.669123627527384,13.624319739957578],[74.66898664610811,13.625781188490512],[74.668526484148913,13.629810679666415],[74.668462043229624,13.630695416232442],[74.670584601873045,13.629948086192691],[74.669517775958226,13.630558968346124],[74.667836740244795,13.635446609218011],[74.667377090834592,13.636776475786558],[74.666654883781263,13.638880587386605],[74.666446005452656,13.639512598461355],[74.667163052992137,13.639135197802215],[74.6676242074752,13.6391780916355],[74.667842104729573,13.639382484640384],[74.668212624562585,13.63943193019462],[74.66795146441163,13.639573049871402],[74.666599813399813,13.641426359906058],[74.665690546373895,13.643516243504926],[74.665234387181414,13.645567812491725],[74.664845854149448,13.645547065733739],[74.664619918663163,13.648415722655137],[74.664390047108682,13.649539353471205],[74.66459936012383,13.649559927743995],[74.663312748106577,13.653720912325252],[74.662693527920595,13.654838823980308],[74.662448445821454,13.654763681765886],[74.66215865847721,13.655013120067382],[74.661579209447595,13.65609695152539],[74.661117631560117,13.656840074840652],[74.660911559454021,13.657026182825796],[74.660762013036944,13.65706596443531],[74.660018009613651,13.657692519950366],[74.659629099290456,13.658310767937419],[74.659515587407299,13.658327039895736],[74.659181617691758,13.658675732336787],[74.658686048094026,13.658813536378066],[74.658605252444616,13.659264928240741],[74.658536944887658,13.65936285697981],[74.658395341097531,13.659361587850803],[74.65806537241599,13.659657377948596],[74.65715149173846,13.660217721740439],[74.65234645842969,13.665055665482404],[74.652049901908512,13.665157369207899],[74.651384159280823,13.665383369147353],[74.650400762634973,13.668913052747623],[74.648805685061873,13.674872695813237],[74.648144365207301,13.676575397591812],[74.647788364586944,13.677472999408351],[74.646891246238653,13.678974098719147],[74.645867719371097,13.680848739043428],[74.645980283588187,13.681270748108297],[74.645764050399691,13.682196448071254],[74.645829810172103,13.683170278783175],[74.645270606557716,13.685033335065075],[74.644822019484891,13.687152483231873],[74.644425090195554,13.687087783628176],[74.644223751092653,13.687083097295433],[74.643790974905301,13.689045482496052],[74.643932166700054,13.691922166672258],[74.643930329154003,13.693954784588373],[74.64368811389626,13.695747508411193],[74.643262421064549,13.698362835658076],[74.64281682230866,13.701985763572143],[74.642418959991289,13.703607732928392],[74.642238005769386,13.70536568578469],[74.641727374862441,13.7082510775647],[74.641852961224558,13.708300881372134],[74.64203589227462,13.708377374378536],[74.642087325030388,13.708362148765042],[74.642138416419428,13.708346986845251],[74.642322896321517,13.708497684600275],[74.643144115265528,13.708654755188102],[74.643141940413599,13.708407640816906],[74.643629084713865,13.707016559284735],[74.643728610330569,13.70673788090663],[74.644518383222646,13.704967029800081],[74.645354049680407,13.703177243173611],[74.645737249040494,13.702457634531999],[74.646305131982487,13.701659032910873],[74.647620735296385,13.700057529753117],[74.648266268276629,13.699358179124692],[74.648978172947494,13.698779071840262],[74.650522598385081,13.697618851983089],[74.651377432577618,13.697062397966608],[74.652108337057754,13.696575330978902],[74.652670644228294,13.696282311302182],[74.652839520439528,13.696219477983142],[74.653557123314783,13.696003000883364],[74.654503951951483,13.696406370325462],[74.655407206645876,13.697440340314387],[74.655048710810917,13.698296445293041],[74.654984070861858,13.698523713577812],[74.654802333584669,13.699272035204478],[74.654680474633437,13.69967802328294],[74.65470914752224,13.700211835766988],[74.654743598001971,13.701093295883041],[74.65474488005745,13.701100711265909],[74.654874061986234,13.70180146570493],[74.654907989994484,13.701965953931474],[74.654960211652877,13.702084862178074],[74.654982855073072,13.702135971508158],[74.655319954587924,13.70292131931542],[74.655534419932422,13.703383532183539],[74.65553560926142,13.703386061098168],[74.655554208137644,13.703401368998501],[74.656526405289085,13.704199310917442],[74.657118810368246,13.704708282688427],[74.657604401380866,13.705075775869881],[74.658228362491371,13.705502098995504],[74.658742174880558,13.706067777827506],[74.659360793821122,13.70679735008539],[74.659944811033625,13.70748394060502],[74.660224582706562,13.707844518741844],[74.660533574884653,13.708612456631862],[74.660609869965398,13.708833582101182],[74.660672936556978,13.709552494213021],[74.660757795828971,13.710570832643917],[74.660892834845782,13.711472790629307],[74.660929871306379,13.711697118174516],[74.661228941767178,13.712409260992303],[74.661539832765556,13.713130402020884],[74.662126050374582,13.714033812077632],[74.663211762625252,13.715351171364519],[74.666676604112382,13.715937779623086],[74.670255720199705,13.71442390642749],[74.670314258169455,13.714484335831738],[74.670552929718795,13.714731003543436],[74.670968514421887,13.715161434472087],[74.671102628506546,13.715300560706691],[74.67114724719201,13.715429792429527],[74.67083637498358,13.716089770075211],[74.670463512266664,13.716057091579209],[74.670400836233966,13.716353149450338],[74.670385892633135,13.716423774330309],[74.670384842664603,13.716423948346241],[74.670281461084485,13.716441021131237],[74.67025462277185,13.71623264602913],[74.670096465330317,13.716261438323954],[74.670053958816396,13.716722686406706],[74.669864468253834,13.716738266934714],[74.66972121276082,13.716749928787793],[74.669298782157867,13.716783676761287],[74.669256977232948,13.716936186784839],[74.669134585882972,13.717060667914264],[74.669021324416775,13.717537196146811],[74.66916467383146,13.717536095975417],[74.669443523378007,13.717722175160437],[74.669505012528106,13.717763257764839],[74.669597067536614,13.717556613104726],[74.669809395081643,13.717079660872253],[74.670025811692,13.717093872898655],[74.670070559804671,13.717009058328841],[74.670221864441601,13.717027979166581],[74.670616905593008,13.717005324815702],[74.670961535846089,13.717239511511202],[74.670973509955473,13.717364489797527],[74.671250284880983,13.717366167417524],[74.671335090057894,13.717751743763005],[74.671874001942143,13.717821682375334],[74.671918335953904,13.717813567201688],[74.671992887077593,13.717668513765661],[74.672146418262443,13.71775489748984],[74.672147892068651,13.717749885615554],[74.672319642216422,13.717737773687075],[74.672348230167458,13.717642352615805],[74.672683378814071,13.717779547241593],[74.67281240909287,13.717924972684475],[74.673428611747198,13.718167555614047],[74.673157391188283,13.718886640460855],[74.673107503799272,13.719023235458192],[74.673038042655378,13.718952391149841],[74.672945659543188,13.719068438735324],[74.672820984729512,13.719045210984358],[74.672831208370539,13.719172716839385],[74.672772092611254,13.719184238638482],[74.672853905402079,13.719265844067438],[74.672393403258056,13.719491122116098],[74.672379234373082,13.719486915043017],[74.672170778250162,13.719592897384439],[74.671913978161427,13.719596513365097],[74.671749962216907,13.719514226083826],[74.671824714085488,13.719153289017092],[74.671693353409651,13.719181951502051],[74.671645700616452,13.719124905955368],[74.671686564990452,13.718893046483903],[74.671513511111911,13.718821825391396],[74.67141537263133,13.718879434874097],[74.671360197467337,13.71891179450833],[74.671332525658713,13.718928015350079],[74.671494710509819,13.719662103602818],[74.67122971335759,13.719739967788021],[74.671243027588559,13.719926266627393],[74.671090554918194,13.719912522313136],[74.671076707711904,13.719598315434087],[74.670921692907399,13.719644874630468],[74.670929994941659,13.719835830707673],[74.670896825744592,13.719924882573707],[74.670868951881786,13.719911438769616],[74.670807444169427,13.719881775700784],[74.670748152973502,13.71953332019647],[74.670646750055383,13.719514033051732],[74.670459254903008,13.720968017357178],[74.670569434116231,13.721001626270102],[74.670460347836482,13.721306237412234],[74.670639652839597,13.722206211178959],[74.670675580783367,13.722388187299607],[74.670749058880816,13.722878976581539],[74.670793582160314,13.723178946846145],[74.670804940135454,13.723255708341473],[74.670818311290532,13.723345970517432],[74.670883839991205,13.723786656990772],[74.670992708626017,13.724516151443382],[74.670968629041084,13.724898930647697],[74.671875264358576,13.725553459477869],[74.672579462594058,13.726062203693093],[74.673892650896434,13.727025206857931],[74.674137815373115,13.727194454359191],[74.675754518132322,13.728309497148702],[74.676349722685856,13.728724191259227],[74.677545110292328,13.729558458153823],[74.678814181882345,13.730433012658628],[74.680018171212808,13.730911238482811],[74.680935677793329,13.731278366519662],[74.681245841588719,13.731399231921694],[74.68305381704829,13.732102285567377],[74.683951432518697,13.732447871353157],[74.685486453806178,13.732999688177991],[74.685996240599394,13.733250026702818],[74.686949525833299,13.73360674003103],[74.686951566182316,13.733607484068351],[74.686961563083628,13.733612227557614],[74.688816756013082,13.734446636460371],[74.691316076028912,13.735554366114272],[74.693040825734059,13.73624966988087],[74.693524174683489,13.733520169017918],[74.69356226067471,13.732999006483036],[74.693686280524588,13.732671357907384],[74.69371900168457,13.732564655856018],[74.693839584106883,13.732171366464478],[74.693888685717113,13.732037530426433],[74.694768026841274,13.729641769567834],[74.695193556155701,13.730254491164137],[74.699004623030319,13.735714376719139],[74.699846371921126,13.736924221246577],[74.699865253381745,13.73694859543461],[74.700027019765159,13.737157474270422],[74.700182515030519,13.737635025373921],[74.700215998713901,13.737738084275382],[74.699839556281916,13.738019988276614],[74.69988069391475,13.73845737294817],[74.700102405672382,13.73850502658464],[74.700114916004793,13.738507712817164],[74.700114359891458,13.738555163165982],[74.700111973550875,13.738753705340724],[74.700028645979629,13.738962350412047],[74.698990125979236,13.741567293771732],[74.698986467380664,13.741807382656734],[74.698930916633714,13.741931103614048],[74.698855534012736,13.7429364786795],[74.698908335822352,13.743012815742588],[74.698959153595297,13.743086254196923],[74.698587152370223,13.743710078403202],[74.697155244898809,13.746057614399545],[74.696120107843029,13.747826167454264],[74.69384251928885,13.75158032034731],[74.693795105755669,13.75165819864827],[74.685214515498402,13.746796442040608],[74.685233473809035,13.746545906168681],[74.681669729843605,13.744413565793486],[74.681622904836402,13.744385330303428],[74.681589900129637,13.744435029892053],[74.682275062959064,13.745668074973239],[74.682716840710796,13.746538165245171],[74.68273109533898,13.746559730811072],[74.682946115239801,13.746885624550384],[74.683463131675396,13.746725576823376],[74.683466210714286,13.746843537170745],[74.683473537956175,13.74712975763299],[74.683310454411753,13.747217499507215],[74.683347973763887,13.747290553274512],[74.683558867319448,13.747702962859625],[74.683524710169209,13.747768375410404],[74.682995186055948,13.748786243572694],[74.682195248206284,13.750348697038877],[74.682188973813837,13.750361116355874],[74.682159892353283,13.750488891968095],[74.682107597189272,13.750719349086896],[74.681993181123786,13.750732730283534],[74.681981739220689,13.750860595527261],[74.681785512064991,13.750949257438307],[74.68178211356971,13.751088997130136],[74.681792996958862,13.751102860892921],[74.681848113332066,13.751110449579167],[74.681828467274102,13.751148026525462],[74.681585860740626,13.751613979636671],[74.681650359056235,13.751745177249704],[74.681654084930486,13.751752750260907],[74.68146137728975,13.751788877570062],[74.681441223426489,13.751831136705578],[74.681275242891502,13.752179735766088],[74.681627289803686,13.75240540378268],[74.681772337504938,13.752497476401917],[74.682707825024565,13.752735828954851],[74.682811126943903,13.753340188206627],[74.682698199539985,13.753787126412972],[74.682648081476103,13.75404444219016],[74.682629305883339,13.754057875310478],[74.682613387457266,13.754120207923272],[74.682192722812943,13.754487083542527],[74.681998506503461,13.755290338922574],[74.682659751560848,13.755469789697969],[74.682323778595105,13.755990443259762],[74.682322222255706,13.755992832877089],[74.682678339319878,13.756124540591081],[74.68297827407288,13.755666862406821],[74.683265562138345,13.755742641539008],[74.683004415576661,13.756262493393418],[74.682968200373026,13.756630473761344],[74.682925519172798,13.756669969706273],[74.682876356623581,13.756777916497082],[74.682934971165537,13.756968125480961],[74.683504800923188,13.757351399070084],[74.684192409069539,13.757240344949297],[74.68476626503886,13.757335076224456],[74.685251920106552,13.757727913166107],[74.685934529300056,13.758237297320818],[74.686383306032326,13.758569070203972],[74.686860709740159,13.758920675335672],[74.687373306201962,13.759291014134339],[74.688163801974724,13.759641018180927],[74.689080053610056,13.759949905057933],[74.689099932234825,13.759956588707244],[74.69016801429926,13.760496873884442],[74.690932224042839,13.761054047504638],[74.69154190713023,13.761605723147424],[74.692718004071764,13.762358417539581],[74.695019973916118,13.763398670197555],[74.695814798574716,13.763304135206379],[74.696282176171067,13.763244371429654],[74.698647126536429,13.76294444776113],[74.698660650019121,13.762856183046924],[74.69902179529916,13.760560259077057],[74.699212779201517,13.759506447217799],[74.699291316882679,13.759285555027413],[74.700451679632508,13.758395889839496],[74.701480967508758,13.757186746885816],[74.702473358019517,13.757060182386802],[74.702893315620642,13.757114952215456],[74.704650079857643,13.757607967422707],[74.704943423369755,13.757551181024784],[74.705161539162233,13.75730545073198],[74.70573511191904,13.757442034868808],[74.707430255809243,13.758360654791691],[74.707527245678094,13.758421095888778],[74.707570642004612,13.758452294603043],[74.708243529656713,13.758756456266983],[74.708472901137242,13.758919997652528],[74.708582557340861,13.758998211046226],[74.709430710456431,13.760910302035789],[74.709387089229395,13.761328280848891],[74.70994123299684,13.763230421257745],[74.709977292759419,13.764166523025226],[74.709977577001851,13.764173828446495],[74.710072884581237,13.76417708545617],[74.710200111577223,13.764180886333907],[74.710408878771588,13.764920066790097],[74.710379500147695,13.765481299600514],[74.71362547284771,13.767728261692726],[74.713646512764285,13.767737339977042],[74.714401399924199,13.768153751927505],[74.715588940631505,13.768546481294814],[74.715692824780319,13.768581008115008],[74.715745633972318,13.768586146191234],[74.7159029883979,13.768646063272859],[74.716491385102884,13.768709277141319],[74.716591490313007,13.768720167787738],[74.716694622007125,13.768757496364547],[74.716978421236249,13.768860315415409],[74.717127389782334,13.769522430226283],[74.71784983963822,13.770575430303495],[74.718485394429521,13.770593671250694],[74.719640143494246,13.770403489323439],[74.719711929295059,13.770376141014266],[74.721725617756192,13.769615286492282],[74.722002218254744,13.769511664776443],[74.723210337489519,13.769255435860899],[74.724373637178616,13.769012395642369],[74.725789081084173,13.768893319099281],[74.725997174804462,13.768868628025809],[74.726061275854335,13.768861036172899],[74.726588221711438,13.768848391350696],[74.728606289951557,13.768741497284523],[74.728640781344751,13.768704724087705],[74.729787248762804,13.767482891534822],[74.730120361689785,13.767196089347406],[74.730349891278024,13.766998506352843],[74.73051598015121,13.766867088781458],[74.7322504342511,13.765495619134477],[74.732402344032664,13.76550282888425],[74.732847286512396,13.765524227960334],[74.732928117074749,13.76552815939522],[74.73302754350054,13.765606138488208],[74.733807362686207,13.766219156714536],[74.73461067496379,13.766493725534822],[74.735076558971386,13.767040669953815],[74.735719989882497,13.767301868989843],[74.735785413088792,13.76733465162499],[74.73613886595804,13.767512022964601],[74.736415186658419,13.767847956431906],[74.736422223368407,13.767856515964503],[74.736458753385577,13.767867501399635],[74.737015750396097,13.768035579643445],[74.737565557539114,13.768391172750018],[74.737935608239994,13.768864333921117],[74.738119451903387,13.769256748829326],[74.738457386249365,13.769119003673524],[74.739617505908825,13.768644581317327],[74.739652791507524,13.768630069904924],[74.740994609913358,13.767668239369375],[74.74107461984029,13.767610876403914],[74.74109008713161,13.767575521829492],[74.742136755491515,13.76522898546019],[74.742656037616612,13.764075354567346],[74.743026036157175,13.763891348140017],[74.74346013356886,13.763600180455322],[74.744070093568467,13.76361617462744],[74.744296733013243,13.76362215168089],[74.745189354517265,13.764236075142797],[74.745454894330265,13.76446192903013],[74.746135576415767,13.765041000640503],[74.746114806528439,13.765097910956362],[74.746561886331406,13.765435053584207],[74.746236754985816,13.766420967755339],[74.746390687830598,13.766637929394738],[74.747363498441217,13.767047816925334],[74.747655828798344,13.76742483992207],[74.747716287821149,13.767502619527777],[74.747748648721881,13.767464700304261],[74.74805611071119,13.767104722927904],[74.747955080056997,13.766701106302069],[74.748164470943564,13.766203114779909],[74.748210986728708,13.766092818066108],[74.748922274936874,13.766289797268998],[74.750358358288125,13.766134340358482],[74.751276258650648,13.766589215435127],[74.751617424789373,13.766843502364495],[74.752490567393409,13.767485343649071],[74.75294201159592,13.767593427632033],[74.753433363534143,13.767709892982086],[74.75372151233104,13.767888693000263],[74.75371868376466,13.768039534904503],[74.753718639725875,13.768041837881784],[74.753716845923179,13.768137371235104],[74.753745544730023,13.768149622128535],[74.753811899036222,13.768095349998436],[74.754059281313616,13.768244076465216],[74.754181278873091,13.768239511738207],[74.754239057724519,13.768237414666798],[74.754469903610271,13.768391570278254],[74.755250183428942,13.768912572946562],[74.756937681638107,13.769942001180302],[74.757051921152666,13.77011950261849],[74.757779431057401,13.770500878775838],[74.75831176374372,13.770409297212229],[74.75849702262569,13.770306450616383],[74.758590145254175,13.770255305792828],[74.75933055836569,13.770448700372249],[74.759785484389099,13.77041087658932],[74.760621785987681,13.770342625592127],[74.760735145368798,13.770548912732387],[74.76110059065951,13.771213317264348],[74.761620502045176,13.772158488657782],[74.762094998165679,13.773030374095896],[74.76279842454413,13.774323774889696],[74.763015543420323,13.774723020659511],[74.763285047541729,13.775117253038973],[74.763621194377819,13.775608244375375],[74.764010575894631,13.776176031971294],[74.76397255691333,13.777156491224583],[74.763606171601324,13.778174848024682],[74.763602256182352,13.778215655747955],[74.763210286835516,13.77927827721898],[74.7622764131075,13.780624437734719],[74.762358744178528,13.780994777261647],[74.762446926751622,13.781370802643149],[74.762303438028511,13.781771676216801],[74.762189380707099,13.782091444374675],[74.76344812727433,13.782967809804683],[74.763884366926661,13.783045234854297],[74.764372605818295,13.783360989684256],[74.764847161821137,13.783347102928031],[74.765110670392303,13.783340008832011],[74.765386008764352,13.783104838117088],[74.765855173704239,13.783177991563718],[74.767251318791779,13.783399441359256],[74.768113148661143,13.784075803266186],[74.769560644590541,13.785277911344034],[74.76970910239028,13.785472746459094],[74.770131301082884,13.786026318326513],[74.770809171489432,13.786222656903373],[74.771253597647544,13.786553371800583],[74.771365529259612,13.786636656761772],[74.771574759092914,13.786792322651314],[74.771719332617366,13.786751329812166],[74.772054287942751,13.786656453425083],[74.772188528232562,13.7868378662778],[74.772730350110464,13.786678041233291],[74.772772661671041,13.786793099338718],[74.773079691543273,13.786888256899029],[74.785999537926386,13.790720242941777],[74.785998976811541,13.790800981132946],[74.796724108127563,13.793937645644455],[74.797315812711318,13.794107861549808],[74.797408236993007,13.79412665305817],[74.797433816562489,13.794131861585765],[74.797387096349226,13.794250246554565],[74.797381352204013,13.794407518278094],[74.803677765102307,13.795611119951438],[74.803702024897603,13.795599534690567],[74.803741746926292,13.795580720856648],[74.803831350640252,13.795539548634521],[74.805379722237561,13.794905503755524],[74.805724573528138,13.794934125293542],[74.808594678956595,13.793408990536808],[74.809665829580723,13.790177213781423],[74.812071610401162,13.784032515253891],[74.812404371704019,13.783986969988035],[74.812625445676204,13.783956848272501],[74.813649990455758,13.783117956658023],[74.81393237065798,13.783336695666996],[74.814103496385613,13.783361614877661],[74.81501635688393,13.784100704580899],[74.816726358860052,13.784034372790364],[74.817533947682378,13.784497081206716],[74.817594717872709,13.784576717681807],[74.818679212865405,13.785736750186928],[74.818871461463814,13.785640011872374],[74.820026100895276,13.786046212796375],[74.82037036887472,13.785598775700915],[74.81984288561712,13.785234226004979],[74.819394189148397,13.784925511136857],[74.819436447888918,13.784783581837086],[74.819473960361677,13.784657593008832],[74.820076541052401,13.78371035004608],[74.820016124244631,13.783480112541092],[74.820687982438628,13.783263981073221],[74.821797051458219,13.78272410882073],[74.822506241360031,13.782626018911637],[74.822691938473071,13.782132148357386],[74.822689927647133,13.781788172923029],[74.822688225613348,13.781347569085826],[74.828375467693277,13.775910534455477],[74.828808972356853,13.776262564173253],[74.829011028954753,13.776424391390016],[74.829052657138064,13.777553314360874],[74.834482584943103,13.781423004767118],[74.834554544284572,13.781474759644837],[74.834881004058829,13.78165211323949],[74.834907798623334,13.781429650633903],[74.835045792825994,13.781329013897887],[74.835807762466771,13.781234863275301],[74.83594814978234,13.781291568748911],[74.836413713624381,13.780718976801692],[74.837453110386363,13.780412770317541],[74.837703755841474,13.780505258569214],[74.838190090924812,13.780612030875496],[74.838434227506312,13.780513599538136],[74.839043258624713,13.781538908357703],[74.841391990479138,13.781273829893594],[74.841676119196094,13.781210860827786],[74.841955754052194,13.781215826575803],[74.842729369968978,13.781268399435868],[74.844432099828538,13.780116137336895],[74.846054109516359,13.779196044477009],[74.857670204510285,13.772553729207969],[74.860509948455103,13.771082597391327],[74.860922064344948,13.770003829773868],[74.863604520716208,13.769922836758036],[74.864699230933908,13.769875037117092],[74.867544723596637,13.77005857795289],[74.867716706753285,13.769894744432728],[74.870045485642834,13.767631015957054],[74.870650089381769,13.767029365835642],[74.870901795212021,13.766777598086936],[74.871206802562384,13.766471610476097],[74.872049735532457,13.766315723655865],[74.874142497028529,13.765931059139568],[74.874248453350575,13.765911725976396],[74.87579332663509,13.764602075952716],[74.87588649875228,13.764522991419817],[74.876166347864796,13.764285525280322],[74.876157989624076,13.763195847631646],[74.876402759269709,13.762322610629795],[74.876476205234155,13.762061908812132],[74.877004047043442,13.760202189834486],[74.877215276028551,13.759895591574859],[74.878493422897293,13.758044481758613],[74.878320580808591,13.757608579856065],[74.87841759657654,13.757224825193861],[74.87847217129621,13.756907297836079],[74.878714719915578,13.755736709088119],[74.878824642933807,13.7553010938142],[74.879043798989272,13.7550019276523],[74.879463530005197,13.754995119236307],[74.879525109070457,13.754843756449176],[74.878546887010259,13.754104538284418],[74.877075093749241,13.754823609048763],[74.876458695625075,13.755130767789145],[74.876350012158866,13.75512296868915],[74.875302941904238,13.75536713654728],[74.875994932776024,13.753065865353799],[74.875556993944542,13.752025928223757],[74.874968188463242,13.750618974740576],[74.874681834072092,13.749934655987728],[74.872209468820003,13.748150490693275],[74.870428922282741,13.747623778014233],[74.869639998035552,13.747397897777919],[74.869731226457844,13.746766683647767],[74.869939699674347,13.745491473329404],[74.869835739794226,13.745268339260381],[74.868731939787764,13.741009229856189],[74.868463519860683,13.739812214092389],[74.867819128477379,13.736925228839823],[74.869378906002652,13.734412382668584],[74.8692306937794,13.730094901384987],[74.870412236100023,13.728825164552999],[74.870965590662195,13.728283256445234],[74.871093855063108,13.72815753770232],[74.871143509766654,13.728121867812346],[74.87126032928677,13.728037940472987],[74.871435128211459,13.727912251226613],[74.871893583424523,13.728824950043807],[74.872856715470533,13.728004015691127],[74.873030394202473,13.72785628623085],[74.875317788303732,13.727679138049599],[74.878695578212529,13.729150326279379],[74.882081114534373,13.730382308337015],[74.885837401446992,13.730987428397428],[74.885653317271846,13.731282054065563],[74.885250732171144,13.731928694141688],[74.88524460826855,13.732107193848327],[74.885477137003306,13.732114442424743],[74.885437748913176,13.732187578088995],[74.885445906421396,13.732251442260088],[74.885466353150164,13.732411606811352],[74.88717231430175,13.733017673046108],[74.888722483260892,13.73367869347512],[74.889402267163305,13.734125259393824],[74.890042077133202,13.735115771308269],[74.890275660113602,13.735545830792958],[74.890726640711748,13.735887241936858],[74.8910440265022,13.736142047025822],[74.89141146693278,13.736359108175298],[74.892195075873715,13.736517885990397],[74.893145382709434,13.736381496504928],[74.893393813312514,13.736120442325673],[74.893942520474837,13.735844915780454],[74.894109524821587,13.735810575662954],[74.89477731459219,13.735821614195293],[74.89529780308014,13.735982995176384],[74.895674269096119,13.736461859258501],[74.895929507545247,13.73680650926063],[74.896302955930139,13.737344780917299],[74.896600529030351,13.737702207413797],[74.896887007295732,13.738029666753047],[74.897107413992501,13.738221749484511],[74.897299841836698,13.738490036888315],[74.897431585659788,13.738628725432807],[74.897683944536723,13.73908307660643],[74.89797224267231,13.739463867086734],[74.898255499882069,13.739957884895352],[74.898521750320171,13.740541043994853],[74.898564045362178,13.740924673885585],[74.898727450153842,13.741456094503326],[74.89886485636795,13.742235361203569],[74.899081726431703,13.742689865396994],[74.899473729196146,13.74298232457093],[74.899975219496,13.743430392718107],[74.900396067346122,13.743736531172001],[74.900701343317408,13.743825745872199],[74.901076764875867,13.74381853274849],[74.901857398478327,13.743716559456388],[74.902525033666265,13.743635576592192],[74.903317935659828,13.743543507410532],[74.904067473467407,13.743620132241812],[74.905578602722599,13.744395770687175],[74.906575503261365,13.744904166745931],[74.907761174607558,13.744996402764677],[74.908898525339723,13.745083641148353],[74.909947961697156,13.745488424202241],[74.910237171160219,13.745926737823169],[74.910404476873651,13.747073670974743],[74.910351681122719,13.748203005702313],[74.910273630269813,13.749164540958201],[74.910429097557014,13.749451658414078],[74.910705400174194,13.749834654819859],[74.910967307110809,13.749991532641497],[74.911444966194679,13.750030722509523],[74.912007848952555,13.750076795844031],[74.912426659054901,13.75011099413288],[74.912684692434354,13.750358106924358],[74.912803505031974,13.750560388897146],[74.912930542467834,13.750901987359319],[74.913233578591402,13.751527897442525],[74.913350322695308,13.751768671837629],[74.913663611545132,13.752184154659515],[74.914155489251058,13.752523405099923],[74.914676380758223,13.752883292503771],[74.915058138643985,13.753272132766892],[74.915358801558114,13.753434460845419],[74.915722689525879,13.753490869397664],[74.915835505317631,13.753450707350842],[74.915858345198728,13.753380631996034],[74.916002625961184,13.753132119157582],[74.916579869803925,13.753078828895593],[74.916683356672863,13.753069221317627],[74.917401137527008,13.753308355181218],[74.918125430993811,13.75336418351954],[74.919664937121127,13.753483865781321],[74.919960556104101,13.753816335865626],[74.920261428655166,13.753852433861486],[74.920337278047782,13.754016960790835],[74.92053953342571,13.754393569183399],[74.921593075448826,13.756163434815521],[74.921618980523093,13.75620691057185],[74.92257047253473,13.754320311953633],[74.922821657051287,13.753823327184607],[74.922837256756154,13.753792165510593],[74.923778574732765,13.751915665017028],[74.923930111865133,13.751614027841251],[74.925325797966252,13.74407567461699],[74.926749913308143,13.736485257434232],[74.926876608869605,13.736520806374331],[74.931903939632988,13.737883585352307],[74.934852847531971,13.738892088590491],[74.938486621264559,13.740162421759296],[74.938852949439834,13.740321907525486],[74.941371140743726,13.741387660848988],[74.941894186107788,13.741267750489127],[74.946601390506856,13.739676838829139],[74.948919681914475,13.745605625858138],[74.952796901595704,13.754296401564963],[74.954385999484757,13.758302609171228],[74.955997001393925,13.757877687527714],[74.961850347288291,13.756329649896196],[74.968992985291237,13.754308888986872],[74.971114535015786,13.75276662978143],[74.972916606290326,13.752827218893646],[74.974456196806997,13.752873551668003],[74.975649699820138,13.751605539332346],[74.977387377239282,13.749759363879274],[74.980270291142332,13.746747156741867],[74.986973608100513,13.746036229712823],[74.987793928731818,13.74594981391901],[74.9904903651681,13.745465269701628],[74.995408437988416,13.744581420918486],[74.996002520085341,13.744629702064305],[74.996209514681624,13.744646524701146],[74.996280694996315,13.744746587514172],[74.995876070418021,13.742219554907837],[74.99625009031945,13.74162844956377],[74.995781872382011,13.740645592319819],[74.995788180496746,13.739881595290836],[74.995728254677474,13.739548937545566],[74.995647691328116,13.739101719392588],[74.995615931175635,13.739070667951136],[74.994606836392308,13.738084083544011],[74.993664086890092,13.736465332638517],[74.99376251885073,13.734280576002732],[74.993758666986906,13.734259343931628],[74.993666830065379,13.733753118919392],[74.994267851263217,13.732734999752241],[74.994414343618374,13.732486843702251],[74.994405515059569,13.732251013122049],[74.99435683120349,13.730950484845881],[74.994236526750413,13.73047475587215],[74.993697917221709,13.729889898891949],[74.99402250606164,13.727714995419182],[74.993953209014393,13.727378872624458],[74.99394854797174,13.727356263397921],[74.992767413040312,13.726759089371328],[74.992575741598017,13.72666218024956],[74.992414818840984,13.72658081817691],[74.992615187248816,13.725670780259968],[74.992619756069374,13.725650027644621],[74.992543257660543,13.725424249763138],[74.992405288808726,13.725017046370025],[74.992319986465162,13.724765282662652],[74.992288238377853,13.724210793155443],[74.992409071354999,13.723618639450267],[74.9925167395496,13.723171143299508],[74.992643023495972,13.72264627623405],[74.992135918428588,13.722482652823832],[74.990624995349222,13.722426679516884],[74.99022344761454,13.722492441449521],[74.990047051238889,13.721838206682841],[74.989736979212694,13.721094066852487],[74.989635543807026,13.720898162391078],[74.988800737398165,13.719597763090221],[74.988539540454951,13.719602799376551],[74.988424843253966,13.719604818579796],[74.988267083854538,13.719607420719472],[74.988014276102689,13.719531303974176],[74.987508599512879,13.719354163857117],[74.987596464360053,13.718985179445657],[74.987656672330033,13.718732335302194],[74.987775150764023,13.716465102276619],[74.987726670860113,13.71515439677637],[74.987527582434168,13.71426641673542],[74.987666830866885,13.713603624459756],[74.987693688382379,13.713475787963457],[74.988861193771157,13.713346528897663],[74.990217369434447,13.71285978542428],[74.991102447871043,13.712665225104404],[74.991710397154563,13.712620983720427],[74.992415286618197,13.712475859908233],[74.993047007434129,13.712291625386628],[74.993973583263255,13.712191413202955],[74.994799781863406,13.712086690625775],[74.995979271741675,13.711592966384936],[74.996981891575572,13.711186524279684],[74.997413578326203,13.711001384494764],[74.998555208395217,13.710811032669872],[74.998714974422896,13.710786986697643],[74.999669623529698,13.710643530626946],[74.999891115331621,13.710711878179739],[75.000488856147953,13.710824088838486],[75.000512314803885,13.711481830003668],[75.00165648798675,13.711807529900822],[75.001961144437331,13.711888630866483],[75.00238719546654,13.712002046266274],[75.002459318476468,13.712021245786906],[75.003167793029988,13.710731259781651],[75.003314356255117,13.710450124685687],[75.003085985772231,13.709691517797205],[75.003098941040761,13.709612474241975],[75.003309588387594,13.709377595552963],[75.003517932660245,13.708785326913382],[75.003463626614419,13.708304524333906],[75.003521980808415,13.708231369300467],[75.00360059526399,13.708132815288641],[75.003965797481612,13.708539106131909],[75.004400445752822,13.708617513745624],[75.005050201946673,13.708870472577004],[75.005129636356614,13.708901397114472],[75.005417417615661,13.708837778113567],[75.005811154206881,13.708615304541008],[75.006464782111735,13.708620609658816],[75.007043753223513,13.708625113142569],[75.007176452547967,13.708373636370178],[75.007072159060229,13.707448539666736],[75.008034753640047,13.70755534400903],[75.009023027292017,13.707438934840608],[75.009329529712559,13.706754472254735],[75.009358970791624,13.706440297632518],[75.00916475667168,13.705036512041939],[75.009437098738132,13.704794664156463],[75.009878035117609,13.704599466215434],[75.010125614432539,13.704487474703864],[75.010214392274776,13.704447316386087],[75.010512367237553,13.704311528715658],[75.010584338258596,13.704278731341319],[75.011194828874665,13.703846665618885],[75.012186923544903,13.703264244898273],[75.012722235651765,13.702503896891168],[75.013780261723682,13.700997859927924],[75.014645662387778,13.699811772361217],[75.015463061617183,13.69996141926087],[75.016291317903963,13.699849904500569],[75.017207212428644,13.699848398459377],[75.017997552644786,13.698908627890637],[75.018292634292465,13.698842721030735],[75.018692235284163,13.698763976845653],[75.018936968643615,13.6989846073604],[75.019255432830306,13.699097038142098],[75.019392145292002,13.699163940786175],[75.01998463627055,13.698410945385868],[75.020260460327819,13.697794431691385],[75.020246404811715,13.697553593327392],[75.020229421720416,13.69726260523826],[75.020106245848893,13.697176919447045],[75.019634310960512,13.696848624387057],[75.019626855259631,13.696793864389454],[75.019601063391178,13.69660442287886],[75.019571676517103,13.696388576554966],[75.019605406949438,13.696277767803391],[75.019787104922145,13.695680859175788],[75.019755917978515,13.695516144953219],[75.019717670483232,13.695365531726695],[75.019531975073377,13.694634291154465],[75.019419386666172,13.694567446347152],[75.019398346519239,13.694554954359191],[75.018706406939842,13.694562635638077],[75.018017361596463,13.694323065161095],[75.017915061274195,13.694220706495223],[75.017803100830875,13.69410868144141],[75.017767006993694,13.694096098165778],[75.017617285307281,13.694043903597443],[75.017069582123156,13.693965987166528],[75.016465217057998,13.694431367078666],[75.016079748503742,13.694558691532869],[75.015716545651486,13.694459890609306],[75.015696325612041,13.694413614704455],[75.015528600685712,13.694029760347892],[75.01541053573095,13.694013458270108],[75.015064927754139,13.693965736611522],[75.014533533338124,13.694112643912073],[75.014516145457549,13.69402401939897],[75.014437945485184,13.693625434667727],[75.01454343708987,13.693362264546558],[75.014399869095726,13.693110512135767],[75.014207769839047,13.692604943602001],[75.014065981098682,13.692587758815501],[75.013811537506015,13.692556921075946],[75.013775045148279,13.692553611847023],[75.013312609948471,13.69273219935752],[75.013249842672977,13.692699787258613],[75.012944082036327,13.692541897279389],[75.012439200582861,13.692480563539251],[75.012017297864389,13.691672475410325],[75.011340752765136,13.69184831890599],[75.01074139402786,13.691902921788019],[75.010525330622187,13.69192259519285],[75.010341996013906,13.691766515143794],[75.009901386140982,13.691669711734434],[75.009314801159761,13.691901515638882],[75.008708434234862,13.691666726522389],[75.008347648932229,13.691097425128465],[75.007916887285873,13.690917849844354],[75.00781021679397,13.690873380858141],[75.008369433929829,13.690544867596371],[75.008857095995097,13.690844432201967],[75.009423511978682,13.691190218514413],[75.010169670001062,13.691108695940164],[75.010599910299305,13.691061689069169],[75.010679182302468,13.691053027732442],[75.010770325703305,13.690820054481778],[75.010486677692981,13.690448838114166],[75.010063397122039,13.690226846447384],[75.009816251554412,13.689980418655882],[75.009639420960653,13.689300216039182],[75.009913593220247,13.688775020062529],[75.009921945814909,13.688687614855624],[75.009809075980073,13.68825670843084],[75.009861559175491,13.687958753218862],[75.00988500395664,13.68782565160774],[75.010433612684224,13.687591250958379],[75.010478145961486,13.687572223327916],[75.010564148791076,13.687307462355772],[75.010148021984094,13.686519017399741],[75.01001429743765,13.685955261619769],[75.009943830968652,13.685658196510591],[75.009920632919631,13.685560398504766],[75.009534363258993,13.685019748973817],[75.009124284721963,13.685223336642315],[75.008949440476869,13.685080624096772],[75.008953753223423,13.683800010053014],[75.008954279966716,13.68364355956203],[75.008934828775693,13.683253598715186],[75.008920982173294,13.68297600545225],[75.009355871972033,13.682848219073666],[75.009436668358816,13.682824478345061],[75.009321678178068,13.681832640379492],[75.009100599303153,13.681264543273736],[75.008999906396284,13.68072297060518],[75.008788868808963,13.679968880407934],[75.008737371183528,13.679748643277167],[75.008634176445781,13.679307310870678],[75.008586161279851,13.679101967037825],[75.008763359787565,13.678716811418727],[75.008767321957265,13.678708200359445],[75.008826255151533,13.67858010417612],[75.008781854539436,13.678344137811012],[75.008943176148009,13.678296137671872],[75.009347098993985,13.677390949902263],[75.009398150450565,13.677015699750738],[75.009424652908862,13.676869946959382],[75.010376849737284,13.677087234511403],[75.010975938628363,13.67692569178115],[75.011472805484615,13.676878065526475],[75.011602451622579,13.676788937414345],[75.01206064901983,13.676473988958074],[75.012647352877394,13.677121848503933],[75.012885870936273,13.67737803889157],[75.013613050841769,13.677738519320989],[75.014151290518669,13.677770368468961],[75.014451456796806,13.677641058950845],[75.014785992292559,13.677602340261213],[75.015147929849377,13.67760138705059],[75.015688503935522,13.677892136294819],[75.016130354899559,13.677829849432534],[75.016574526768508,13.677279356026576],[75.01677017637536,13.677005644370139],[75.017545548757838,13.676767665980858],[75.017937195532951,13.676460683907754],[75.018415038798125,13.676418267905776],[75.018598299667531,13.676402000803014],[75.018786853059467,13.67630841843709],[75.019281181995922,13.676063070056697],[75.019746369287475,13.6757200994199],[75.021346936134861,13.675102732873212],[75.021440287119233,13.675066724961802],[75.021711464662673,13.674819832942513],[75.021733568236371,13.674799709317467],[75.022001232192324,13.674742382339586],[75.022117227572025,13.674717538418687],[75.022068204443428,13.674190451848562],[75.022380215545041,13.673950741309042],[75.02299402819753,13.673483567697785],[75.023044802227048,13.673291495922681],[75.023080553276827,13.673156254185733],[75.023113540415423,13.673031469143075],[75.023888281954527,13.673993239220994],[75.024153235578538,13.673605297976515],[75.02430114251483,13.673386315808749],[75.025391545546839,13.671770788187629],[75.026739021194985,13.670533937757513],[75.02615239107331,13.670051091419154],[75.026254242912074,13.669505981910978],[75.026204866267705,13.669074729263778],[75.026179355291305,13.668961928206638],[75.026220980380728,13.668484177952573],[75.02659187588209,13.667836768282537],[75.026314373609608,13.666534282017087],[75.025695434091503,13.666378980408805],[75.024900722904434,13.666454035227973],[75.024226358418417,13.66620425945111],[75.023741762828152,13.665482888185601],[75.02357545511299,13.66491779009149],[75.023048556734466,13.663857134718754],[75.022596093846815,13.663002180616667],[75.022393753327762,13.662759545809919],[75.022055253386256,13.662635073469412],[75.021635297154546,13.661815879423504],[75.020859759475599,13.662074054032951],[75.020191693307481,13.662295422785785],[75.020011261277261,13.662655672313054],[75.019996036207417,13.663057431328145],[75.01977234104605,13.663390573687369],[75.019363221745877,13.663145572890517],[75.018831850169562,13.663130321557789],[75.018805656249882,13.663518253015249],[75.018430223317338,13.663662108942415],[75.017781668553269,13.663551417726785],[75.015987178085069,13.664081108863854],[75.015455666417225,13.664470802685898],[75.013468160962503,13.665657818823952],[75.012415588414967,13.666463107172147],[75.012537794112689,13.665850943905694],[75.01259430874255,13.665567844689068],[75.012474586726611,13.665435707398142],[75.009870136489184,13.66256111801974],[75.009839389068929,13.662466254331841],[75.009579905529947,13.662341480596471],[75.008632151198057,13.661376297229047],[75.00813182675958,13.660566605366336],[75.008107346954134,13.660261586762417],[75.008081187313152,13.659935626358461],[75.008285258801834,13.659633562447237],[75.00843347556355,13.65917056000948],[75.008275089251441,13.658436592495994],[75.008509102976149,13.65815364358253],[75.009423922852264,13.65761713299838],[75.009554630787193,13.657295360469394],[75.010008631167508,13.657259617550535],[75.010697764228425,13.655492815458043],[75.010622442217056,13.655027199749394],[75.010577407085677,13.654996906515574],[75.009529446596204,13.654291979801593],[75.008972959747211,13.654366265459133],[75.008528858326983,13.654271551779001],[75.008125036707312,13.653726989391576],[75.007669360898689,13.653477041685411],[75.00770376367413,13.653186952511815],[75.008077240581414,13.650037691967578],[75.008576321566835,13.646454686780155],[75.008740659737498,13.64534978770916],[75.012884971028882,13.642813061088548],[75.013776202671167,13.642269795880669],[75.013651922272473,13.641877540453384],[75.013336680695787,13.64088256167949],[75.013137668320951,13.640254607130348],[75.012861714795378,13.639484330275684],[75.012730546725905,13.639131362379315],[75.012666785907868,13.638959782379393],[75.01262283619721,13.638841516343572],[75.012053141039615,13.637148479411731],[75.012027151089171,13.637071239844918],[75.011996353583868,13.636979712825797],[75.011794702807592,13.636407122910608],[75.011743800867976,13.636262574778373],[75.011636795757155,13.63595874073385],[75.011651029575788,13.635960625379084],[75.011302608229158,13.634975393557902],[75.011204747621051,13.634698672112483],[75.01405600311513,13.632283881290796],[75.014157329536999,13.632205335310656],[75.014330572601182,13.632071036861761],[75.016752159064211,13.630037660949727],[75.017255360605219,13.629621560090118],[75.017329472166111,13.629560283615444],[75.018537530051702,13.628561332231701],[75.019553945890038,13.628498904303134],[75.020385248203084,13.628447595894722],[75.021595858465005,13.628372383170191],[75.022380089106264,13.628323657361692],[75.022542229062921,13.628313499095775],[75.024195833007511,13.628209891967909],[75.025755839467678,13.628119021402327],[75.026232409623958,13.628091154843553],[75.026677959360683,13.627327677625068],[75.026769164669133,13.62717143457232],[75.029660878000911,13.622067819021312],[75.033565945295237,13.621285235639144],[75.035191647062689,13.617428482314804],[75.037360392998693,13.61638894807964],[75.038308231825823,13.615933948473105],[75.039463865203004,13.615947453368991],[75.039556093446933,13.615948540074589],[75.040615665790725,13.615961135273032],[75.04092958448409,13.615964905103198],[75.041357419183186,13.615970464085759],[75.043867962519457,13.616003071930724],[75.044643915029184,13.616013145370191],[75.046998916718081,13.616056632765225],[75.04742676695048,13.616064531396342],[75.050543803233012,13.616125624085237],[75.050624876658446,13.616009242552728],[75.051273811485913,13.615077693723638],[75.053717514313604,13.611569667842934],[75.053841030963554,13.611392351903719],[75.053979194614158,13.611194008522052],[75.054024245073876,13.61118602255404],[75.054443711640545,13.611111663305342],[75.054900124747633,13.611118913529044],[75.056257217924667,13.610688137447855],[75.056600519238657,13.61114133189537],[75.056910931843916,13.61116111434613],[75.057152131037071,13.61117648521101],[75.057544601917144,13.610527769511872],[75.057479852265857,13.609846596101558],[75.057570567146129,13.609103735562183],[75.057792770789817,13.608652628005812],[75.057936858332269,13.608360108385654],[75.058670904639115,13.607859839579753],[75.059192791127401,13.607354170251529],[75.059488844557222,13.607302007109991],[75.060108123272897,13.607192890751014],[75.060180056441823,13.607179557711728],[75.06037683611693,13.607143083242214],[75.060813531106987,13.607062138066592],[75.060865800603537,13.606584012855684],[75.060925817953105,13.606457408947275],[75.061440122924978,13.605372495374485],[75.061454666177411,13.605339556176361],[75.06162112196948,13.604962556750458],[75.062107934706859,13.604220401666916],[75.062143018055252,13.603400698168057],[75.06107041908092,13.602742753931121],[75.060748754277398,13.601865557366573],[75.060724089480729,13.600980565977178],[75.06065406982799,13.600197974993963],[75.060404512304686,13.599896587506047],[75.060516416178103,13.599496337888564],[75.060567669693668,13.599313017480863],[75.060646240467847,13.598267275021856],[75.061233970662784,13.597687052222696],[75.061374462313353,13.597619982651716],[75.061988778794756,13.597326713947778],[75.061911851791407,13.5970571860794],[75.0618526196819,13.596850082653006],[75.061668151180356,13.596634079167593],[75.061645133714578,13.596607281711178],[75.06140769774079,13.596330846137141],[75.061391729839855,13.596289408357341],[75.061276947452029,13.59599166951006],[75.06113997113458,13.595892087873493],[75.060844882872374,13.595681155567354],[75.060768518438692,13.595547965000902],[75.06064778133576,13.595337908569581],[75.060727505302111,13.59469218464943],[75.060713733391552,13.594372360386782],[75.06054339682872,13.594332575963646],[75.06030403273013,13.594276761688141],[75.060216171529902,13.594148150019569],[75.059961491360781,13.593780411725499],[75.060034701782342,13.593128453039776],[75.059221203655298,13.592064010023737],[75.059129259007079,13.591148921991461],[75.058474915916946,13.590772265911745],[75.05796132864063,13.590892008173766],[75.05745393206891,13.591328747243494],[75.056989091140025,13.590748685943405],[75.056573984135895,13.590789992565332],[75.05650605858844,13.590796645016329],[75.05675048146675,13.590138666760001],[75.056758370059697,13.590114729107174],[75.056707518267785,13.589456829671525],[75.056024154305078,13.589033303843737],[75.055973677458212,13.58900243122371],[75.05600601677061,13.588520762595966],[75.05602242460084,13.588284686276133],[75.055844567896969,13.588134913425435],[75.055575984807646,13.587907976553076],[75.054454602075481,13.587664239347095],[75.053179077863788,13.587645330542751],[75.052808812785386,13.587390779078678],[75.052404009688118,13.587395598133956],[75.051818204980819,13.587511952064759],[75.051637819062407,13.587547563694361],[75.050711158969563,13.586513556532207],[75.05049521906534,13.586272599615219],[75.050450938452954,13.586223188804617],[75.048988691789404,13.58622559899446],[75.048802769581187,13.586225904914313],[75.048701853862696,13.586208399768086],[75.047830008780053,13.586057168815312],[75.046737443277081,13.586044839759181],[75.046248317288573,13.586164553335657],[75.045789779879016,13.586373977116487],[75.045025444644807,13.586164777157359],[75.044903101005062,13.585865743278745],[75.044992049822127,13.585341531615647],[75.045130356685021,13.584850909443897],[75.045117000307272,13.584850047416966],[75.044945246421804,13.584180015092388],[75.045016829623449,13.583980331921067],[75.045116105952133,13.583703398059901],[75.044880046959918,13.583240349183878],[75.044515806074543,13.582525856584461],[75.044381004698167,13.582396416556765],[75.043707549174044,13.581749740560026],[75.043529106838491,13.581239240682338],[75.043373910980762,13.580795246364914],[75.043294487186543,13.580568023481536],[75.042835062351017,13.579253529140464],[75.042684334726204,13.579017019159926],[75.042644245655481,13.57895411509088],[75.042478283701371,13.578693648189573],[75.042101083204997,13.57810145023654],[75.042099891396504,13.578099579584832],[75.041941255140941,13.57752878278056],[75.041745586742522,13.576824736493903],[75.04129880656231,13.576165870893059],[75.041154985859791,13.575953776621194],[75.041032716181761,13.575773464234588],[75.041111842091979,13.575156719782624],[75.041148266385861,13.57487280885074],[75.040725207942813,13.574203144390493],[75.040557404639827,13.573937525899828],[75.040103903289761,13.573279498202595],[75.039585461702416,13.573587078232009],[75.039084122480929,13.573312626443965],[75.037850454982248,13.573296824375419],[75.037308875295977,13.572585455262494],[75.037195975837321,13.57243715925577],[75.037663865681409,13.570960906710283],[75.037655768284083,13.570923245805686],[75.037669125264074,13.570897863833823],[75.037606048302564,13.570605444123654],[75.037791184077889,13.570256275370005],[75.03825306431888,13.569385155580079],[75.038310946495287,13.569275987016791],[75.038234554909067,13.569136137681266],[75.03611589844536,13.569091018289999],[75.035498066985852,13.569068975853325],[75.022301908960657,13.569336193850457],[75.021901552313722,13.569303181453668],[75.017827409173208,13.569397451671666],[75.017595280181027,13.569389550692552],[75.008462172964542,13.569062238099626],[75.006450889248171,13.568747282062652],[75.003547868155991,13.568197130780543],[74.991140938086147,13.565848393190196],[74.990583205323304,13.565742090305305],[74.990453909345632,13.565717449606584],[74.990447081626101,13.565716133688523],[74.990446844984376,13.565716685260732],[74.990446780277637,13.565716836264922],[74.984357030801149,13.579896709900021],[74.983996164776585,13.580703851972061],[74.982089432920276,13.581789312445579],[74.97107389190748,13.587953256506236],[74.970091232718403,13.588542217359871],[74.969735208331386,13.588766219028539],[74.969706907357818,13.588708052817971],[74.969440521636642,13.588176203869468],[74.966841943398066,13.582917325820281],[74.966223754318733,13.581622171765558],[74.966172520493501,13.581514182545474],[74.966376421717499,13.580988131632958],[74.966261959918455,13.58072575555232],[74.965999970652277,13.580840585263207],[74.965716916728809,13.580590079234952],[74.965655527179749,13.580535645164742],[74.965548779644934,13.580660728000673],[74.964764157547748,13.580357004067286],[74.964666835214814,13.580226302789807],[74.964400302984302,13.57986713080814],[74.964109360705535,13.579715125060469],[74.963808363586139,13.579247018450731],[74.963787151160034,13.579250255229974],[74.963701518351087,13.579221807449844],[74.963408231332849,13.579123935910669],[74.963277720707808,13.579131033026366],[74.96235733574818,13.579179309243234],[74.961656713613849,13.578735748942998],[74.961630165445797,13.578718682936719],[74.960304843742179,13.577285782940754],[74.960278949198141,13.577269573199676],[74.960029176498892,13.577839850488287],[74.959395886052107,13.579043081831308],[74.959093867652683,13.579075561274591],[74.959050095754705,13.57917466678717],[74.958681710326175,13.579338220201896],[74.958442644536248,13.579166996115202],[74.957411792997036,13.579186516394396],[74.956429742119369,13.578127900807205],[74.956169803518648,13.57798339632277],[74.955619596298973,13.5774635636577],[74.955550289993994,13.57739982296342],[74.954722987682359,13.577067736610482],[74.954723918837729,13.57705129063508],[74.954729524075844,13.576953554280985],[74.954257619259664,13.576665255583341],[74.954045747193405,13.576304959449343],[74.953814525139705,13.576205803141152],[74.953452816838862,13.57576911553743],[74.953329095459893,13.575850313129846],[74.953322304331181,13.575841072431498],[74.953082901892117,13.57551536436522],[74.953136028592368,13.57527188855696],[74.95290649439103,13.574931204486003],[74.952793212034663,13.57476307665825],[74.952434388933455,13.574516564975648],[74.952426939330266,13.574319217020896],[74.952115979833891,13.574077585085666],[74.952091333555543,13.573427922237212],[74.952109512009827,13.57336924476842],[74.952233342528686,13.572969055064377],[74.952586579566812,13.572916025992546],[74.95282297487239,13.572880445003152],[74.952887378076824,13.572870733975703],[74.953072714482843,13.572548876293482],[74.953269233537171,13.572549321880018],[74.954010344901249,13.5722790628813],[74.954290476766602,13.572188299727445],[74.954881240977002,13.571500582303317],[74.95577418952459,13.57043092026006],[74.955981587250406,13.57038455992406],[74.955952597780637,13.569553634311992],[74.955551793559096,13.568993206748035],[74.955008967668533,13.569062326586637],[74.95451853140591,13.568732657236318],[74.954451829283883,13.568283998146608],[74.953217322354746,13.56704293954467],[74.953175186264104,13.566538264825653],[74.953157763384269,13.566330045131091],[74.954034967901677,13.565769356896181],[74.954450516984338,13.56550456108784],[74.954497142446897,13.564988192902288],[74.954617281538248,13.564250786027722],[74.954925544199156,13.563299940296938],[74.954907096313704,13.562212616625864],[74.954989574004429,13.56136662698462],[74.955259263792712,13.560679752344043],[74.954645869171827,13.56020132575159],[74.954111340151258,13.559286698079971],[74.953895724765474,13.558206690915419],[74.953727051806425,13.558015093688505],[74.9539186192453,13.557547570682495],[74.95383772376826,13.55695498453669],[74.953687341129964,13.556791391092156],[74.953686962094238,13.55670594833563],[74.953233666144214,13.556038276659462],[74.953111090764509,13.555808751463587],[74.95313801199643,13.555575612944788],[74.953150713469512,13.55546533880379],[74.953421221134462,13.554880690315333],[74.953448546181278,13.554821571287837],[74.953278900402609,13.554518832556347],[74.953059985972757,13.554126792434159],[74.953350858987235,13.553926424751925],[74.953334417805962,13.553796988081787],[74.95330620891437,13.553573845438304],[74.953059859586944,13.553565154826009],[74.953007451179516,13.553376087206052],[74.952972715832701,13.553250534360565],[74.952813725914069,13.552955315072246],[74.952671655990017,13.552690897032049],[74.95269612157216,13.551995047011271],[74.95176629391527,13.550707488407159],[74.951003407341133,13.550661367944922],[74.949929281408416,13.550200515596767],[74.949239558611495,13.54963479719831],[74.948848999792872,13.549060060688356],[74.949023976535784,13.548632982223015],[74.949228974574524,13.546775970792284],[74.948905890258658,13.546088990175393],[74.94889961554864,13.545769536145428],[74.948894979164251,13.545533848752271],[74.949874500377788,13.545195887508408],[74.950151113271787,13.545002323064779],[74.950342767885118,13.544868278851856],[74.950534628316859,13.543764090367114],[74.950431718787513,13.543222165938223],[74.949962582246499,13.54300118468651],[74.949177960955907,13.541875912926137],[74.948391832606632,13.541846654627763],[74.947261973373429,13.54140471196815],[74.947090865081222,13.540809950928811],[74.947067796883573,13.540401124204193],[74.946940676133522,13.540285052519767],[74.946775953498801,13.540302674481275],[74.946644253193995,13.540316759691327],[74.946528576466847,13.540331465849206],[74.946423017202093,13.540344881971885],[74.946304821015758,13.540359902159549],[74.946115717654692,13.54038297278435],[74.946030320284706,13.539819825145603],[74.946199840717284,13.539565168136761],[74.946767125056567,13.538712798391522],[74.946956381856296,13.538428884959082],[74.947258627140272,13.537975379153316],[74.947539669896088,13.537553895554993],[74.948079861367418,13.536744747472214],[74.948129549526513,13.536653464572627],[74.948228862373895,13.53592600317441],[74.947858319272612,13.534718005992145],[74.947606939093234,13.534112867552379],[74.947299120266038,13.533372713980144],[74.947259592680609,13.53328827465122],[74.946596526658141,13.53187398408455],[74.944975640295851,13.531184276856635],[74.943106411080294,13.531078947015914],[74.941788398247482,13.530989868985669],[74.940770642246406,13.529544875431354],[74.939828554383695,13.528168424989737],[74.939838122946171,13.527815363756403],[74.93780675583325,13.526288219409112],[74.936565624515382,13.525359273305488],[74.934841484247585,13.524095789248435],[74.933283552349735,13.522867885762011],[74.93283720794733,13.522498186069507],[74.930484188009274,13.520640024529705],[74.930283503391721,13.520740780013556],[74.929853104901696,13.520990442782884],[74.92967351513407,13.521095943675631],[74.929229600890253,13.521568245714732],[74.92922316019957,13.521585479501626],[74.928923039575963,13.522389951270926],[74.928231025591074,13.523212238856665],[74.928133972288819,13.523425459238791],[74.927769983323373,13.524116515685273],[74.927176412652727,13.525960222177048],[74.927123655026506,13.52601267499155],[74.926976813339181,13.526155884537969],[74.926916916644927,13.526214336624834],[74.926365402607786,13.526339648309271],[74.926363248641678,13.526347985615145],[74.926269689135609,13.526697117085241],[74.925704070525427,13.526985612914585],[74.925825594201669,13.527512850638017],[74.925909455301365,13.5278737126196],[74.925925664610631,13.527943328033883],[74.926269841660044,13.529412525276728],[74.926662537094302,13.531541620335213],[74.926788635926656,13.53170031856377],[74.92688471110111,13.53182129148021],[74.92741105349613,13.532484755921471],[74.92879016087025,13.534212493621704],[74.928990971514949,13.534961408594437],[74.929207892779331,13.535760322975332],[74.929427985193328,13.536654111055677],[74.929771101580698,13.538423234584183],[74.929766602314771,13.538458956851633],[74.929729383266107,13.538755269858044],[74.929717281259755,13.538851951561981],[74.92999462271753,13.538921575693372],[74.930221254932732,13.538981427799907],[74.931013905340691,13.539203565402607],[74.93116483743573,13.539247369142441],[74.931576576414088,13.539367075048682],[74.932027226103614,13.539500186160808],[74.932413804053212,13.539615864536428],[74.933114513846078,13.539832468372918],[74.933329466211845,13.540110212966322],[74.93365680231814,13.540534959405589],[74.933685903517301,13.540541423345497],[74.93605090202675,13.54358882984919],[74.936346606085053,13.544153802039146],[74.935797282590627,13.544073457071921],[74.933960281960992,13.543808637117499],[74.933058765285622,13.543680478332915],[74.927519453585219,13.542909762273187],[74.927412449644237,13.542895156816403],[74.927128349247553,13.542856159638994],[74.926697789271472,13.542937052138168],[74.926553627811359,13.542964031021562],[74.926365687824941,13.542999127794008],[74.926252674985179,13.543547649866364],[74.926221000518211,13.543550534971448],[74.926001381262566,13.544636759800385],[74.925444804420337,13.545362876633845],[74.925112985991291,13.545462724986773],[74.9245512695678,13.545631814845953],[74.923615516900639,13.545337002365164],[74.923442014542672,13.545380900417237],[74.923128620566104,13.545460249209693],[74.922608915429038,13.545410527012464],[74.922138997649981,13.545458604733438],[74.921357109976569,13.545538627823882],[74.921315661540788,13.545513569358206],[74.921137914598361,13.545406120404529],[74.920977994225098,13.545309470779696],[74.920861949736818,13.545239363309962],[74.920454854719196,13.545239850817332],[74.919795890902947,13.545589644199742],[74.91972552371071,13.545708358160281],[74.919626046858241,13.545720992687409],[74.918885773454676,13.546122076286107],[74.918798280875919,13.546330425476592],[74.91860142201007,13.546401142043196],[74.918431757192664,13.546740597884037],[74.9179031113147,13.547304898064784],[74.917717756522677,13.54721586792617],[74.917581977062952,13.547376772892147],[74.917472605539515,13.547368114958909],[74.917381109901072,13.547360793011354],[74.916946891145869,13.546689408731721],[74.916692880831789,13.545686110321522],[74.9165546350944,13.545424758303824],[74.91633666783396,13.545004567433507],[74.915324865256494,13.545096016352216],[74.913858782814501,13.545204091244727],[74.912785080281125,13.544901846564063],[74.912517253059704,13.544841408166661],[74.912597554256394,13.545499610530486],[74.912537453215847,13.545583508581577],[74.91253955133844,13.545633679728478],[74.912180995042377,13.546084000865443],[74.911290943907474,13.547285132453139],[74.91052141466956,13.548188550274439],[74.910534804287465,13.548719098628146],[74.909342360177561,13.549917335800215],[74.908733522477235,13.550190498739624],[74.908318193072574,13.550295651753524],[74.906685703971533,13.550281169479964],[74.906222929390594,13.550321240919905],[74.905193166710077,13.550413018061453],[74.904791639827593,13.550912879259307],[74.904464880322138,13.553349854499464],[74.904209719148355,13.55428161329607],[74.903096870216302,13.555132022385811],[74.902536384765739,13.555428148973235],[74.900275935984553,13.555915881792032],[74.899567808096506,13.555881703054768],[74.89824994076244,13.555616111705815],[74.898075169252408,13.555584461108575],[74.897957420582429,13.55556375317763],[74.897616104575789,13.55574436752231],[74.897370755860535,13.555997264366393],[74.897450667146089,13.556188985101771],[74.897699009236248,13.556783966887817],[74.897783302673091,13.556866092897945],[74.898273026255154,13.557342548492045],[74.897999335795006,13.557483028527471],[74.897714342718359,13.557479696562178],[74.89710499647785,13.557834803637748],[74.897076818768028,13.557851231851394],[74.897017105566022,13.557886047257311],[74.895450706248624,13.559175557586334],[74.894949768707264,13.559586609619517],[74.894915998441135,13.55959335453932],[74.892855325859344,13.559960964865221],[74.891172782326535,13.560222439916158],[74.889892055483088,13.560422574395345],[74.888707794127029,13.560614469772975],[74.886719081666811,13.560940852878902],[74.886858756613023,13.56261575773669],[74.886925259899769,13.562744142431216],[74.887072873701328,13.563029067056446],[74.886801895032363,13.563140211708431],[74.886788391546816,13.563447878040366],[74.885910155332112,13.563704889161546],[74.885909611470638,13.563703751391586],[74.885659038091603,13.56371790463368],[74.885549891330925,13.563618714845594],[74.884900039886432,13.563685659239736],[74.884817685740828,13.563793578201917],[74.88479563410074,13.563797436326027],[74.884795387663416,13.563785211021699],[74.884772759129177,13.563158608908564],[74.884106031574774,13.563072497088969],[74.883632962542947,13.563025596224605],[74.883427247317528,13.563027913674178],[74.883393672867342,13.563023816305165],[74.883256890757849,13.563007112759058],[74.883206370584986,13.563000951223501],[74.883178137260288,13.562997501039439],[74.882922862655874,13.562966359169957],[74.882829075087969,13.562884501350551],[74.881357486576178,13.562837333674596],[74.88101954264323,13.562826744414188],[74.880984597218358,13.558753846245301],[74.880983608103634,13.558661306841666],[74.878884711119852,13.558099989934057],[74.878850311301207,13.558059113798848],[74.878280798920656,13.557897882161321],[74.878031405730397,13.557329066564646],[74.877718338658539,13.556599526956386],[74.877527249677712,13.556197818522596],[74.877508262843619,13.556157775317503],[74.877263499105922,13.555877226220579],[74.876658234958796,13.555175693845008],[74.876054010282232,13.554474467946534],[74.875451646211872,13.5537745255111],[74.874828600767714,13.553075144537356],[74.874225908908528,13.552372278298114],[74.873620634371008,13.551669775502509],[74.873513404897167,13.551544196866875],[74.872380155131481,13.550163017017844],[74.872310621086598,13.550078652047429],[74.871265084132759,13.550714255564234],[74.869804922523102,13.550883575960706],[74.867864106852835,13.55100594693106],[74.867623255135967,13.551138403180156],[74.867550609224864,13.551146659199338],[74.86731008423277,13.551274372626889],[74.86719132174197,13.551423854794264],[74.867216016902958,13.551504652766351],[74.86692589917736,13.551719309247385],[74.866863207510079,13.55188297772958],[74.866649974231549,13.552138359763946],[74.865982035662512,13.552938114285626],[74.865649187887342,13.553303027575325],[74.865568116215897,13.553126418552754],[74.865399995755297,13.553332338833956],[74.864636219704664,13.551328109481066],[74.864642766414875,13.551237676427506],[74.864663861484431,13.550946378281843],[74.864665577315378,13.550654764004996],[74.864851264832467,13.55031382041091],[74.86490906731396,13.549889922199874],[74.864801596569379,13.549423951200785],[74.86478774132938,13.54936689037903],[74.864698788081483,13.549361616698437],[74.86465897543242,13.549359252284379],[74.864541308404867,13.548983050358396],[74.864526137677004,13.548938118156297],[74.864544311456186,13.548925499521452],[74.864534026531771,13.548897942043967],[74.864538646705924,13.548898018694583],[74.864530243801951,13.548856889736543],[74.864742578805902,13.548745631546309],[74.864730931334364,13.548571324858857],[74.86474777592727,13.548563804445369],[74.864746700011651,13.548555833070878],[74.864986210017676,13.548403032740616],[74.865042910471232,13.548419269882299],[74.865093715464553,13.548135205234251],[74.865098559227093,13.548133748419968],[74.865375345935092,13.548050542035153],[74.865457559450604,13.548016032026579],[74.865440915577238,13.547898458619624],[74.865541276658348,13.547945332777074],[74.865612030503357,13.548090468189613],[74.865723505017456,13.548042692482351],[74.865782829516732,13.547878959129955],[74.865940899033561,13.547822278153683],[74.866037798062379,13.547832788428911],[74.86655177661153,13.547552966115362],[74.8666435680354,13.547422986722328],[74.866640318648351,13.547313206860132],[74.866639143538393,13.547272505904733],[74.866638944975662,13.547265611943839],[74.866668610995788,13.54703774715731],[74.866645238412246,13.547016100971101],[74.866510809486925,13.546890238980126],[74.866113570039332,13.546802978983955],[74.866086403176297,13.546796963958863],[74.86602307425072,13.546901730370637],[74.865995094488966,13.546913113203205],[74.865982992760124,13.54691803296531],[74.865811607922737,13.546961089116685],[74.865733512297822,13.546980645483945],[74.865753885909541,13.546611443650665],[74.86540502603377,13.546286534170147],[74.86544643529588,13.5462460405919],[74.86558871364447,13.546106901754209],[74.86558665327513,13.54610576945387],[74.865611320473718,13.546083028650935],[74.865520225359731,13.546069183821409],[74.865348366129737,13.546043023255873],[74.86534544633011,13.545972739443211],[74.865337678856662,13.545968439259443],[74.865323903468806,13.545771230863611],[74.865362208888129,13.54572296466576],[74.864976381425436,13.545736967494809],[74.864825529087597,13.545769566692272],[74.864263417489354,13.545891015022105],[74.863946379195866,13.546004129249688],[74.863919969382465,13.546064812267822],[74.863968692494808,13.546386373271888],[74.863810292712074,13.54647696962051],[74.863699701701094,13.546361563880863],[74.863568988467591,13.546520587452088],[74.863359719123125,13.5465453123842],[74.863344297032569,13.546590008214407],[74.863250202998742,13.546596794557757],[74.863196653540825,13.546496876710638],[74.862828765407841,13.546601642752686],[74.862633518278855,13.546453909051559],[74.862424449011399,13.546296131537096],[74.862071068073831,13.546125502019954],[74.861870378382648,13.545934156390972],[74.861394980822467,13.545767915435864],[74.861350062309043,13.545617537771211],[74.861310779730786,13.545594724851025],[74.860635668289817,13.545203864692388],[74.860556856862132,13.545157873175837],[74.86045455254893,13.545098182089108],[74.857520585534161,13.543420570352513],[74.856787445032154,13.543022687928659],[74.856648190507997,13.543297190443383],[74.853429462138237,13.549355105505207],[74.853406946888612,13.549356759702453],[74.852129172062703,13.551754517776759],[74.851370073131235,13.552766412460539],[74.849469916410214,13.554895037048482],[74.849546339781483,13.554917345208221],[74.849446515412595,13.555204651040613],[74.849368024572698,13.555430075175821],[74.848857161895367,13.556887067160112],[74.848866118127276,13.557660384000366],[74.848987594173153,13.557649605802435],[74.849071069529856,13.557942864364428],[74.849387927683367,13.55803296944563],[74.849378179729769,13.558336287293995],[74.849255863086285,13.558490904542211],[74.84918862110969,13.558575669813614],[74.84903036475086,13.558784951223787],[74.848429731880429,13.559521941224071],[74.846622565560594,13.561662568819111],[74.84650697434796,13.561759324452312],[74.84393734823685,13.563901294944467],[74.843707300480744,13.564126739850103],[74.843189206977357,13.564644413272035],[74.842350860912532,13.565496041241044],[74.8419795531332,13.565878233697111],[74.841629955216348,13.56623766725941],[74.841455861163666,13.566416592192558],[74.841042780840795,13.566844316214985],[74.840395943166769,13.56752089839744],[74.840364879775194,13.567503602351012],[74.839505497917088,13.567025721916927],[74.838165727425221,13.566244307325681],[74.834103760213679,13.563990841975793],[74.834053506804096,13.563972213130555],[74.833728165939846,13.563852324815709],[74.832262744818308,13.563334293508285],[74.826199143791627,13.560969916435111],[74.822882384989484,13.559597443076635],[74.822857296096345,13.559586973312701],[74.820394257607418,13.557137507824669],[74.820013721466907,13.553724043324445],[74.819714461375128,13.552268012509396],[74.819708034975605,13.552236343598539],[74.819697265999537,13.552183268464976],[74.819702232954782,13.552174560710563],[74.820331069644155,13.551070690932935],[74.820755257822839,13.550305387779218],[74.820866489272746,13.550278068486231],[74.820900676313784,13.550201920756292],[74.821628832331882,13.548490942431489],[74.821710969179222,13.547952545365476],[74.821831032017215,13.547532013492777],[74.821968440264001,13.547533751654928],[74.822156514170487,13.547357871919326],[74.822171550400483,13.547233388366095],[74.822315931907653,13.547086752738673],[74.822400564200677,13.546704902696177],[74.822370741931692,13.546664512203515],[74.822300927052055,13.546559213946074],[74.822168310537407,13.5464218603941],[74.821505503637809,13.546073629719787],[74.821331394394875,13.545687289231997],[74.82132543050453,13.544774785775891],[74.820236306029017,13.544706402266579],[74.820143519853758,13.544493718727638],[74.820188097793903,13.544425336812651],[74.820064010320607,13.543931581845582],[74.81987865562337,13.543707195953594],[74.819925893399102,13.543363560496378],[74.819926073645078,13.543362297418005],[74.819930950694385,13.543362272898804],[74.82014897050324,13.54336130855101],[74.820311274537261,13.543153587239841],[74.820179811563051,13.54308896875447],[74.819880566924112,13.542941938221727],[74.819545032732321,13.542776741407593],[74.819415671349702,13.542789920304115],[74.819316995117688,13.542799723212315],[74.819217067273158,13.542819626321027],[74.819025728431029,13.54271714274676],[74.819005290574793,13.542706192207856],[74.818046201377911,13.5421867074029],[74.817394799004845,13.54201336209006],[74.817152805781973,13.541756573180418],[74.816993485407593,13.541739096353327],[74.816906112461027,13.541653448920684],[74.81668469568362,13.541677696392046],[74.81662659472002,13.541795124921128],[74.8164853024998,13.54178274637307],[74.816405383341589,13.542140640382089],[74.816391254765833,13.542203725308852],[74.816371644411419,13.542255199524595],[74.816316494574252,13.542399747065943],[74.812796283343616,13.543927639071191],[74.810987519286002,13.543161456408896],[74.808512285100065,13.541527372607645],[74.808464859102671,13.541497180261338],[74.806563025673711,13.54048440722387],[74.806614756921533,13.540313367140053],[74.806686798706849,13.540074088837114],[74.805331296200151,13.541039727661422],[74.80497295289662,13.541273869770905],[74.804414544711719,13.541597895348305],[74.803019223268009,13.54237655990587],[74.802915730332117,13.542428235500864],[74.802360009805724,13.542677294356231],[74.800880209757537,13.543076966709407],[74.800871966072734,13.543081161190033],[74.799558790925957,13.544118418357273],[74.799510614018558,13.544155739730051],[74.799485585367918,13.544174725633177],[74.797319731361327,13.545143994704263],[74.797196762760805,13.545277629409926],[74.797124147375897,13.545357326120758],[74.797062789693683,13.545425123264639],[74.796015115402483,13.546636875561264],[74.795385443748671,13.547336307453554],[74.795384650489908,13.54733663323052],[74.795348638918284,13.547306710889218],[74.794970752336141,13.5474492647222],[74.793753199710721,13.547939691942698],[74.792956364252206,13.548242282255618],[74.792717461423607,13.548330342308848],[74.792652922450145,13.548355424502502],[74.792018784986098,13.548091998996165],[74.790524888584926,13.547440091285283],[74.790520025420179,13.547438946075289],[74.790272480938583,13.547380585852254],[74.786706044804248,13.545697650621111],[74.785250589771877,13.545008102383676],[74.785139767778801,13.5449555882134],[74.78467397705019,13.544739021124457],[74.784392078905498,13.544748934490553],[74.784398006415714,13.544614932203089],[74.784419866771685,13.544174655613499],[74.784422398835574,13.544128769160315],[74.7845076832416,13.544123093593369],[74.784546617980411,13.543987813128446],[74.78463205406365,13.543988122730253],[74.784741174195062,13.543656094855221],[74.784805469546541,13.543652691523532],[74.784812392942754,13.543566133978569],[74.784964307526963,13.543544128266499],[74.784659871514506,13.543042183709542],[74.784553965155993,13.542869866993119],[74.784496326604,13.542863484120332],[74.784369159220986,13.542683963107631],[74.783582030142554,13.542543115252203],[74.783471195851178,13.542757222658873],[74.783443008431902,13.542811602903949],[74.782696288944507,13.542729149707142],[74.782560638745792,13.542806136172773],[74.782070227906956,13.542740285722925],[74.782000623509632,13.542822550437393],[74.781573680254127,13.542759962532358],[74.781501856360009,13.542749417985453],[74.781214954913182,13.542710897536788],[74.780533632578482,13.542623890776296],[74.780431057922925,13.542610252700053],[74.780328363149408,13.542597604605245],[74.780208913468016,13.542715917256281],[74.779894324529607,13.542549346847357],[74.779843722520226,13.542572687431221],[74.779652776470073,13.54266086588059],[74.779593578370608,13.54268828052048],[74.779528729058711,13.542718392899239],[74.779472030921838,13.54274477437362],[74.778912708940538,13.542686061850242],[74.778910951283791,13.542685874929766],[74.778866096051814,13.542366806728866],[74.778719225325418,13.542364536511718],[74.778325236293639,13.542357677155463],[74.778243544056267,13.542464884956699],[74.77821160921475,13.542506833575526],[74.778209142392669,13.542506976968351],[74.777650823964578,13.542547886654505],[74.77756838279879,13.542555586982784],[74.777461768471809,13.541983431919141],[74.777455161205395,13.541937889159056],[74.776862900907716,13.54195013725997],[74.776472436905507,13.542005331630792],[74.776452032341766,13.541971815394788],[74.776430253777704,13.541936024701831],[74.776412086965294,13.541906190667369],[74.776386840554721,13.541864752684551],[74.776384110580651,13.541864640832138],[74.776066991470898,13.541850088382002],[74.775983697134464,13.541828515787303],[74.775854033137477,13.54150186240315],[74.77498424430415,13.541004818025119],[74.77492388272708,13.541141154615485],[74.774893517190563,13.54121018130162],[74.774802144344946,13.541419990946848],[74.775194245198492,13.54161009484725],[74.775218555079732,13.54171461912488],[74.775230401038129,13.541772131379375],[74.775241243015884,13.541829971869522],[74.775251057901485,13.541888146904238],[74.775259848465936,13.541946657390344],[74.775267626732415,13.542005493392265],[74.775274358506607,13.542064653070868],[74.775280083557973,13.542124104814032],[74.775284784317535,13.542183857648279],[74.775252444548656,13.542771787738861],[74.77514086721807,13.542770284078095],[74.775146281995575,13.542812714372927],[74.774689337512228,13.542885599737479],[74.774479437519886,13.543137794742073],[74.774469777494502,13.543137096105101],[74.773641258190153,13.54308817754838],[74.77362812310129,13.543082666150607],[74.771885506177412,13.542393536583759],[74.771402834232703,13.542094247980671],[74.770885858463174,13.541710719101518],[74.77206919632448,13.540735472184322],[74.772314149429647,13.54029277959193],[74.772239420334742,13.540131441762361],[74.77177963584829,13.539604760732988],[74.771659325583599,13.539235903529962],[74.771575029696237,13.539167968846735],[74.771468753075482,13.539082536249909],[74.771448124959718,13.539035384567926],[74.771326777997785,13.5387571035828],[74.771277258260298,13.538178550096001],[74.771183885469028,13.538038138605748],[74.770666859381663,13.537335353770754],[74.770237380780713,13.537032360995315],[74.7694244278578,13.536963781556251],[74.769202058734436,13.536798741339458],[74.769201975220057,13.536624552763461],[74.76939927274735,13.536554804483666],[74.769436893334088,13.536355936315754],[74.769225238644793,13.53639622794277],[74.769322299344196,13.535826179633592],[74.769121494161681,13.535887376065181],[74.768994823350297,13.535732964534557],[74.768839741420109,13.53569671912809],[74.768730621870432,13.535734668166059],[74.768523676271684,13.535758717312115],[74.768447193121247,13.535671210490158],[74.768450004899861,13.535579933172102],[74.768102877733426,13.535492723592345],[74.768089268735764,13.535525757767079],[74.767942413087411,13.5354580894025],[74.767842640239564,13.535646093262594],[74.767830497549284,13.535668959844873],[74.766978141213855,13.535101947706259],[74.766946864115326,13.535027315320118],[74.766890709771459,13.534893326181074],[74.766830855404592,13.534558717234134],[74.76675683541977,13.534144528499997],[74.766360734532725,13.533201921725428],[74.766356611307145,13.533192045523323],[74.765942050084959,13.532989745093605],[74.765842487159702,13.532940725123076],[74.765519127780735,13.533507838433371],[74.765014103088646,13.533768190804343],[74.764932569239278,13.533720455129028],[74.764503132383979,13.532878565883577],[74.764450375968522,13.532730704939498],[74.764444240701039,13.532727641972683],[74.764293487367141,13.532667988318989],[74.764268540655834,13.532545797409329],[74.763799980345752,13.532492199705541],[74.763431101543844,13.532193867758268],[74.763063408083994,13.531700579609923],[74.762881186417118,13.531569896314421],[74.762690343925016,13.531433182561321],[74.762393099512252,13.531338814802755],[74.762055475075329,13.531588974879345],[74.762048160562784,13.531594368873073],[74.761913102161103,13.531736017798924],[74.761679851441627,13.531954242568604],[74.761361776207224,13.532176342232081],[74.761183437658033,13.532634231777022],[74.76118902688161,13.532645457662671],[74.761151482784953,13.53274378182757],[74.761221504987247,13.533095758389326],[74.761678058100713,13.533187517815241],[74.761551671617426,13.533632998619208],[74.761437745923146,13.533699119225671],[74.761083903896647,13.533714524225529],[74.760645703352168,13.533409685743049],[74.760597037197797,13.533376090564794],[74.759633495258598,13.533265404608743],[74.759499456547559,13.53323221819608],[74.758656558892554,13.5332561870208],[74.758680637431453,13.532712665075543],[74.758681588982896,13.532710244473837],[74.758680776465383,13.532709505841279],[74.758355527705504,13.53241499638626],[74.75832908846823,13.532391130012265],[74.75723866812028,13.532536017713433],[74.756700073925714,13.532518905720078],[74.756572564129016,13.532515020137613],[74.756562384819489,13.532514712745161],[74.756416422602058,13.532641444564232],[74.756393283357724,13.532661552837997],[74.756315416818609,13.53272924971661],[74.756255207047047,13.532961558330085],[74.756408027815397,13.533144688239284],[74.756417092486416,13.533455052947277],[74.756258194790533,13.533655573225486],[74.756213137508368,13.533712440447943],[74.755768832508835,13.533590934878209],[74.755322153227041,13.53323382636704],[74.755309730602775,13.533223902993269],[74.755256474833615,13.533181362212781],[74.755020968600391,13.533135341739206],[74.754909300024792,13.532868155527924],[74.754860969379834,13.53283362641397],[74.753571924159658,13.531913139993833],[74.753544554232235,13.531855720880438],[74.753014180085358,13.530740784030389],[74.753027848746001,13.530699114482106],[74.753323856121767,13.529798402437903],[74.753212642157862,13.52974006875081],[74.753271051753686,13.529556382954668],[74.753136162347403,13.529433282362465],[74.752965030082777,13.529111855351713],[74.752659822774248,13.5290120609884],[74.752577303964202,13.52891802757223],[74.751809937069012,13.529065812434846],[74.751442690270778,13.529072321962214],[74.751240171242841,13.528957236080446],[74.750870591680183,13.528747212740452],[74.750568720364114,13.528647128909608],[74.749912538633779,13.528298426548142],[74.749361067835054,13.528005366752582],[74.748883282333139,13.527916613712097],[74.748878035784443,13.527915036903339],[74.748478212566241,13.527699963084691],[74.747962084311041,13.527054251243358],[74.747924984413388,13.526700485895431],[74.747471855672842,13.526195591093376],[74.746770676131149,13.525607300185692],[74.74670826736498,13.525569918722688],[74.746475278196812,13.52535551232938],[74.746107303844028,13.525105879464007],[74.74579248167835,13.525067917076088],[74.745447567886529,13.525234649625448],[74.745436964337671,13.525346969093523],[74.745415459810516,13.525574054559195],[74.745366637304855,13.526089602065261],[74.745414140584657,13.526315822721592],[74.745480758878429,13.526635943201919],[74.745523522605779,13.526844622446207],[74.745430310882057,13.527289653001219],[74.744956326163589,13.527174386265786],[74.744198027752589,13.526834263690727],[74.743357790784856,13.526457385774751],[74.743166456165568,13.526371729330032],[74.742906546826006,13.526255373474765],[74.742783884255942,13.5262496159619],[74.742340512203995,13.526056045362688],[74.741947126814182,13.526007950408918],[74.741882124070244,13.526271487041919],[74.741852170463631,13.526393835939315],[74.741986746849392,13.526781786425225],[74.741908296082727,13.527158404365764],[74.740924818490498,13.527793910309803],[74.740798531407762,13.528180566775131],[74.74041702310123,13.5282097758089],[74.74009715158185,13.52800354623049],[74.740065719424933,13.527983333079458],[74.739939819496655,13.527707810355366],[74.739990583462983,13.527064659104889],[74.739977965276452,13.527053592740467],[74.740017241010392,13.526702699790629],[74.739190162676707,13.525970822525519],[74.738803722307537,13.526053123793089],[74.738819274472519,13.525570622400766],[74.739075517783917,13.525244637572719],[74.739289964898049,13.525115680507264],[74.739184259551564,13.524905544914338],[74.739350375896592,13.524789617974012],[74.739004112225729,13.524097758470235],[74.738732971341932,13.523584225176531],[74.738731272547312,13.522663533032173],[74.738729354592905,13.522492602428525],[74.738361116485279,13.522392905897474],[74.737298637816636,13.52240531629382],[74.735680897587699,13.522035943944887],[74.734896971107858,13.522242202072716],[74.73448297446788,13.522352058249629],[74.733846415623347,13.522273424681773],[74.733270501437502,13.521935748158576],[74.73325000417455,13.521883717058454],[74.73306485248122,13.521412355660468],[74.732147166261896,13.520739506148267],[74.731912533981458,13.520679164770941],[74.731716889515383,13.520628456970325],[74.731415063996934,13.520696296741756],[74.731087179095908,13.520637373674431],[74.7305430593279,13.520171510396544],[74.730424105816226,13.520216845063421],[74.730327665043802,13.520253504356139],[74.730297147124404,13.52026507723477],[74.730299260804657,13.520275546829527],[74.730237327589009,13.520297097459174],[74.730232730182266,13.520298699316804],[74.730223870972097,13.520301768663643],[74.730132118086303,13.520333560055885],[74.730082646897614,13.520350637305336],[74.730074173208664,13.520353555152314],[74.729929286864021,13.52059274482939],[74.729615106856457,13.520858567423037],[74.72962364600069,13.520987758857872],[74.729733062908792,13.521099272147175],[74.729766218210713,13.521367464213677],[74.729701970784276,13.521620097041641],[74.729750716806024,13.521756364021469],[74.72961813794538,13.521846091912915],[74.729598088354848,13.521986166475671],[74.729091351612112,13.522231208317315],[74.729067881134057,13.522490198361059],[74.728830041776263,13.522592018056338],[74.728730243307211,13.522633664395116],[74.72882056756049,13.522839700506744],[74.728821555668134,13.522841954906934],[74.728831896700029,13.522865543787303],[74.728861042218185,13.522932025980484],[74.728869178942773,13.522950147333104],[74.728879845089097,13.522973900228299],[74.72885563517714,13.522976974605061],[74.728828630045584,13.522983097713901],[74.728779159303585,13.522994314405457],[74.728577753672724,13.522986005174953],[74.728540487842366,13.522984933963071],[74.728525639543065,13.52298450734812],[74.728513377775485,13.522984154970313],[74.728476835509511,13.522983104426377],[74.72847683625136,13.522983265379347],[74.728516405458677,13.523092464581268],[74.728524846809066,13.523115759349126],[74.728574257707564,13.523252119487065],[74.728687458482071,13.523564520069284],[74.729010487200938,13.52407596435315],[74.729105345512778,13.524080417223605],[74.729304686396006,13.524089785374318],[74.729853836323983,13.524151080910247],[74.730815308629772,13.524411501631926],[74.730899775288435,13.524434909690049],[74.730888470496552,13.524704045716433],[74.731207514699406,13.524740275323554],[74.731191556240717,13.524950143421584],[74.731529960680618,13.525013359224289],[74.731545340186955,13.525014880345866],[74.731473379871929,13.525339270973308],[74.731635277168337,13.525625076759042],[74.731677070831367,13.525886950013279],[74.731893001462552,13.526063277459036],[74.731876788596651,13.526095379092693],[74.731874130431294,13.526100655114766],[74.731803053605347,13.526241761145092],[74.731766896136662,13.526424903130428],[74.731740389613961,13.526559926236807],[74.731631277184775,13.527010353212271],[74.73157350543795,13.527468518375791],[74.731546697038198,13.527602223666383],[74.731500792195774,13.527833251049074],[74.731491638725089,13.527879318749457],[74.73131216249665,13.528782572095642],[74.731231426166488,13.529192398783982],[74.731014708314504,13.530326213636233],[74.73097771742502,13.530521242379375],[74.730716951041373,13.530869662823223],[74.730672918933251,13.53093047160408],[74.730645396538549,13.530968481832511],[74.730559344458143,13.531087321936578],[74.730524632146299,13.531135166900345],[74.730528484317816,13.533092882451751],[74.730528171279815,13.533265190318758],[74.7305281679687,13.533307569530233],[74.730528152520364,13.533481508936548],[74.730528122908723,13.533810164825882],[74.7305235135278,13.534329876683962],[74.730524753834146,13.534659227459114],[74.730526550529561,13.535136401499132],[74.730529824819001,13.536006346130335],[74.730530225831032,13.536045844003752],[74.730530232507164,13.536046481489407],[74.73055243728956,13.536326046483961],[74.730606001587674,13.537000450543736],[74.730489025584973,13.537056585414133],[74.729988792199435,13.537299345740664],[74.728963017227301,13.537719777855886],[74.72878303037109,13.537793548351699],[74.728710023708302,13.53782722298644],[74.727323665361553,13.538466690527118],[74.727101699032787,13.53856907341704],[74.726974970554181,13.538627527059742],[74.726946171584572,13.538645836911609],[74.726897938893416,13.538634995053],[74.726803203147895,13.538613701109325],[74.724631836291579,13.538125618036615],[74.724583677858021,13.537935488952938],[74.72454726329272,13.537869668355913],[74.724434373428522,13.537854070038307],[74.723207295596509,13.537684516086912],[74.723186361007549,13.537302435612434],[74.723182399468641,13.537230126751647],[74.723180509651669,13.537195640263224],[74.723174493572444,13.53708584089806],[74.723170462346516,13.537012261523877],[74.723169780758624,13.536999876515198],[74.723152208587237,13.536680803370192],[74.723076537653682,13.536682838219486],[74.722974019276762,13.536689034398281],[74.722745893181639,13.536702822483074],[74.722502535611227,13.536717531145712],[74.722331458923946,13.535775367594502],[74.721324872458069,13.53578141353182],[74.719795372231133,13.536297614040816],[74.719794732800068,13.536297531944507],[74.71979466626928,13.536297523731974],[74.718342096823051,13.536110618091552],[74.717782296633629,13.536034603921612],[74.717750494530591,13.536030285642408],[74.717725953611577,13.536028343713904],[74.715239606107545,13.535831560260126],[74.715208225117763,13.535827567658876],[74.714947059229601,13.536761757374565],[74.71491688401639,13.536869693622235],[74.714860315963008,13.536859068727685],[74.714701037849252,13.536829177065133],[74.714688064354732,13.536874898804513],[74.714475611786526,13.536866944302719],[74.714429977463411,13.537009167276951],[74.714410904736269,13.537069293553275],[74.714071069613681,13.536922532383972],[74.714083227189974,13.536848936150854],[74.714182332522185,13.536249021987071],[74.71414716974536,13.536245839637274],[74.713826207346472,13.536216789839496],[74.713367874465263,13.536175306550156],[74.713369496673039,13.536057687006624],[74.713373038470309,13.535800985605654],[74.713337263938143,13.535797059170719],[74.713178974472385,13.53577968394894],[74.713035637150909,13.535794722299368],[74.712874686602134,13.535849397791699],[74.712851377491916,13.535813685858429],[74.712835765434534,13.535815275649545],[74.712746416441504,13.535660606916915],[74.712684492623822,13.535568042786657],[74.712532365040147,13.53545498296889],[74.712411829351154,13.535349624477588],[74.712381422487979,13.535326444115258],[74.712139044215391,13.535361440944326],[74.711945719984115,13.535506936781585],[74.711931858773212,13.535517368221369],[74.711903540227482,13.535834063405259],[74.711881821169698,13.536076951702492],[74.711844900065671,13.536489844521576],[74.711841017121273,13.53653327170924],[74.711806832195535,13.536915564215647],[74.711767863748292,13.53722326271053],[74.711749557009355,13.537368177773592],[74.711877945240914,13.537495009174751],[74.711882236635546,13.537499248595225],[74.711846836301788,13.537579700881389],[74.711592187158544,13.53816342990371],[74.711232833930751,13.538195781681488],[74.711193476279888,13.538199320586868],[74.711180916251564,13.538200449928313],[74.710864319258377,13.53822887557021],[74.7107172067698,13.538085679980204],[74.710714109922407,13.538086383501547],[74.710608950254212,13.538110243679631],[74.710602635459296,13.538111676801952],[74.710567520306142,13.538259309391531],[74.710551107577118,13.538328316088624],[74.710541681102029,13.538367946326645],[74.710489616460293,13.538386349409368],[74.710460636606044,13.538396581514197],[74.709962091284794,13.538572384455797],[74.709870194079429,13.538630706074468],[74.709852911554663,13.538641674148602],[74.709864020104902,13.538752355806892],[74.709893520604567,13.539046273387282],[74.709894658403911,13.539057607335126],[74.709856622571991,13.539114972344487],[74.709785470025238,13.539222285283959],[74.709775849256474,13.539236795040178],[74.709737649992817,13.539507458829561],[74.709735539515805,13.539522410421563],[74.709700985256845,13.539573441743725],[74.709640830516662,13.539662281461959],[74.70959177143979,13.539673442298916],[74.709587546529221,13.539679158412842],[74.709567847558205,13.539705809216164],[74.709324283660564,13.539777873172905],[74.709321766201114,13.539778618039783],[74.709304212649002,13.53983536928188],[74.709343119838735,13.539851419243805],[74.709548909583987,13.539936313462567],[74.709603388966116,13.539958761664467],[74.709620594254602,13.539965845429572],[74.709638177642944,13.540287582965837],[74.709638788824549,13.540298771626572],[74.709614852914981,13.540329577842783],[74.7096088289031,13.540337330890686],[74.709609320886813,13.540371360085945],[74.709609463276394,13.540381212665025],[74.709564537923796,13.540451812869543],[74.709512607710053,13.540533420173979],[74.709504972300536,13.540545418482901],[74.709583253705077,13.540675004066943],[74.709682567248322,13.540839409444864],[74.709729618827055,13.541147208202338],[74.709730453222761,13.541152666156222],[74.709700405504378,13.54126202959821],[74.709684021236029,13.541321656741825],[74.709637627119307,13.541490609381887],[74.709490975570063,13.541497406115528],[74.709335832064426,13.54150459708144],[74.709293835314526,13.541536268408437],[74.709274922897421,13.541550531337712],[74.709148115755781,13.541646161898898],[74.709014646073797,13.542013948483882],[74.708929293735721,13.542334208974706],[74.708898342900454,13.542411367354218]]]]}},
{"type":"Feature","properties":{"KGISTalukC":"1602","LGD_TalukC":5523,"KGISTalukN":"Udupi","KGISDistri":"16","SHAPE_STAr":311614556.81099999,"SHAPE_STLe":128009.56671100001},"geometry":{"type":"MultiPolygon","coordinates":[[[[74.700081764872152,13.434969028429006],[74.69978012245096,13.42999490583232],[74.702165978211184,13.425823801418764],[74.703377972908086,13.424105901535437],[74.703916692047031,13.42256788630165],[74.703647757354972,13.422298001010068],[74.702816444375486,13.421456380744303],[74.702716835258542,13.421302922027062],[74.702627456634175,13.421165166456767],[74.702932727752767,13.420368657247021],[74.703770099578094,13.419082525178649],[74.703839491184311,13.418349944221232],[74.703780539441581,13.41677321014433],[74.705366896660365,13.415579530113408],[74.707806143368998,13.416138132478858],[74.710809752219575,13.415695933927509],[74.711364656039009,13.41505546347115],[74.712465211533541,13.415468247147817],[74.713351458489029,13.41580064507369],[74.714207755362523,13.415724704445175],[74.714565951694738,13.4156929365032],[74.714701848076132,13.415680883998785],[74.717010383071283,13.415476131086095],[74.717660586594889,13.415418457962788],[74.717829783043484,13.415403449832917],[74.717851501198908,13.415394005001016],[74.718510891151382,13.415107400013644],[74.720781925308032,13.414024902312681],[74.720836101762259,13.413998984559175],[74.721042489585002,13.413898625073845],[74.722763712072904,13.413056569079368],[74.724846314955983,13.412037695520198],[74.725257100501324,13.411835503541973],[74.726611294037767,13.410786548994144],[74.726631990824956,13.410770516750146],[74.728018815379826,13.409696269338381],[74.728205043428844,13.409116898681798],[74.728517188883913,13.408480646859203],[74.729838482006755,13.407620513306512],[74.729826758848148,13.407395415234362],[74.729868633760773,13.407253174321697],[74.730891006236277,13.407161802131085],[74.732923983433722,13.406991491370784],[74.734025623096983,13.407787848991012],[74.735721764870561,13.408831453160774],[74.737129652633783,13.409170175725256],[74.737139838174741,13.409136971095997],[74.73734728858166,13.408261739044823],[74.738617718159517,13.407121132726573],[74.738666332276594,13.407077486833495],[74.739366176699164,13.406449150696824],[74.739736874369456,13.406256747632979],[74.740100261030634,13.405943556047125],[74.740583852768339,13.405338093209858],[74.740736628424798,13.404865282907936],[74.74077596769645,13.404743534628565],[74.741304913789591,13.403106534874112],[74.74130886154451,13.402300395319651],[74.741315783462809,13.401276435756628],[74.741316772054986,13.401130135143706],[74.741324968611082,13.399917622952417],[74.741328306017806,13.399423885903373],[74.741328371802652,13.399414186239243],[74.741610117340372,13.398404851632899],[74.741637738320946,13.398305901384006],[74.741654092080168,13.398247316427669],[74.741789310682165,13.398009276392719],[74.742393261367866,13.396946066414188],[74.742414179407476,13.396909241958554],[74.743069448903682,13.395755677928372],[74.743103993628694,13.395694863428819],[74.743195828414443,13.395533192664193],[74.743224826037547,13.395531313299246],[74.743752889865576,13.394617256672005],[74.743765382707224,13.394596479154901],[74.744008182456014,13.394210735076106],[74.744029864106224,13.394176288480178],[74.744300012261348,13.393747059067394],[74.744393994670915,13.393597733713531],[74.744549287276044,13.393279389961616],[74.744564104706328,13.393249015382516],[74.744845259371516,13.392672660079398],[74.745250329970972,13.392077243297038],[74.745663747283643,13.391267971516948],[74.745755822777539,13.390915082040115],[74.74576385081852,13.39088431444017],[74.745916848736172,13.390297932818147],[74.745928986684191,13.390276095962669],[74.745972895000662,13.390197102626061],[74.746374280437621,13.38947499389025],[74.746376356930824,13.389471258765607],[74.746377251748555,13.389469648314567],[74.746610004434785,13.388910716519669],[74.746619298038254,13.388888398433666],[74.746624583369268,13.388869431045668],[74.746704865340661,13.388581391976892],[74.746744851760823,13.388388136151571],[74.746747585593894,13.388374924380475],[74.746933369551627,13.387477012908134],[74.747012248971757,13.387095781679886],[74.747023064539633,13.387056677946905],[74.74705376827815,13.386945663007143],[74.747264935193201,13.386182147913786],[74.747651033119652,13.385104052424746],[74.747683530441563,13.385020039680036],[74.747695477883326,13.384989154741154],[74.747817296065008,13.384674230277533],[74.74788499502047,13.384391405532208],[74.747886799218747,13.384383895836869],[74.747888462421542,13.384376971946294],[74.748048554259441,13.384285280078592],[74.74807811569093,13.384268348768567],[74.748611155827504,13.383966763902926],[74.74855996894523,13.383856972108475],[74.748112896391717,13.382898030628008],[74.748152412176026,13.382496135797936],[74.748089860403297,13.382331035785365],[74.748074429019766,13.382290306240332],[74.748376939188674,13.382172326041431],[74.748376751193959,13.382171035508261],[74.748584577909469,13.382073773636087],[74.748984622135865,13.381886554576237],[74.749000841630277,13.381878964235622],[74.748983451593901,13.381842316332518],[74.748949946069686,13.38177170465922],[74.749053808816726,13.381715949421642],[74.749055248556303,13.381715176823615],[74.749309923426495,13.381578461947861],[74.74928781337006,13.381542294055921],[74.749274725288643,13.381520885022299],[74.749269124014106,13.381511723164197],[74.749398187862795,13.381433178867701],[74.749414426308363,13.381423296277449],[74.749499378003421,13.381371596601946],[74.749495678393444,13.381368672251229],[74.749446876586063,13.381330097976692],[74.749455566935751,13.381325256259846],[74.749485297465256,13.381308692965723],[74.749714655443015,13.381180917190736],[74.749727822175302,13.381173581487873],[74.749756111055035,13.38115782150523],[74.749527794342825,13.380985846474458],[74.749499480091558,13.380964498325497],[74.749498662438256,13.380963881730043],[74.749507873837473,13.380960667249713],[74.749556580491799,13.380941995072819],[74.749847509184818,13.380830466886929],[74.749964838902827,13.380785487716894],[74.749971813749212,13.380782814454472],[74.749975169511345,13.380781527426054],[74.750041480778606,13.380744585268118],[74.751529126944362,13.379915807857172],[74.751792256017239,13.379762567447335],[74.751795669746102,13.379760568816391],[74.751802828042756,13.379756376563787],[74.7521038930511,13.379580068882012],[74.752457030627767,13.379337611684596],[74.752644140115606,13.379143739085814],[74.753008212948771,13.378695990098404],[74.753068475229441,13.378621382438489],[74.753092966908739,13.378598263295922],[74.753114079688444,13.378578333715044],[74.75320023765822,13.37849758078244],[74.753390525152994,13.37831791174939],[74.753448578448427,13.37831192984971],[74.753477365404521,13.378308963075643],[74.753553704312623,13.37830491414932],[74.753877363266014,13.378287748597913],[74.754277112380208,13.37825857776261],[74.754511086816947,13.378238144046438],[74.754582364035144,13.378261961211029],[74.754627187203042,13.378276939088643],[74.754692745793704,13.378298845445762],[74.754709450313101,13.378304388347141],[74.755178327541117,13.378459984503024],[74.75531450946005,13.378514192411668],[74.755328792356408,13.378636925740507],[74.75533104388839,13.378656274082152],[74.755333632376718,13.37867851359734],[74.755727208786169,13.378824488046709],[74.756206367739964,13.378980314690162],[74.756219344639049,13.378986944410082],[74.756405908181506,13.379082257205996],[74.756433864201142,13.379096540341788],[74.757208362890452,13.379445440067933],[74.757330971453683,13.379529791101797],[74.757562329984992,13.379688957181632],[74.757769211638987,13.379946701300298],[74.757866397189289,13.380059918118729],[74.757915056380583,13.380074100651157],[74.758225465239192,13.380032717677572],[74.758293911279878,13.380023592434368],[74.758812365402633,13.379954471977275],[74.759079487195208,13.379987168838172],[74.759117896842497,13.379879357896165],[74.759527539901981,13.38004165333358],[74.759571146371883,13.379885365649622],[74.75960606524707,13.379760211646472],[74.759612445495506,13.37976280835252],[74.759628660614837,13.379769407520527],[74.759933355274995,13.379893417472184],[74.75992734594405,13.380023602115299],[74.759961378422844,13.380037952121748],[74.759973890675681,13.380040170338097],[74.759971922204116,13.380047967520591],[74.759956841079315,13.380107717897664],[74.759939415023126,13.38017675799477],[74.759930506348439,13.380212053692953],[74.759759632932969,13.380913560912479],[74.759738870557896,13.381000539704312],[74.759724287641035,13.381061629710556],[74.759717853019723,13.38112595920386],[74.759705554087944,13.381351029456011],[74.759701201905401,13.381432351551881],[74.75969651943322,13.381519835712881],[74.759871699567668,13.382075580211492],[74.759888244110229,13.382128322019071],[74.759907075619992,13.382188354152282],[74.760085055552764,13.38236676821899],[74.760445824211573,13.382729384945673],[74.760631099375658,13.382920004614522],[74.760683608596622,13.382902610673048],[74.760746780408397,13.382881684911609],[74.760810437620322,13.382859288398784],[74.761647378285517,13.382564828888505],[74.761686272835973,13.382551144647865],[74.762391179228729,13.382303136348066],[74.763402140554646,13.382102249426913],[74.764425185886154,13.381901762131781],[74.764506006855697,13.381921650173075],[74.7649220703846,13.38202403174807],[74.765014308825045,13.382046728858928],[74.765494311145531,13.382164842971552],[74.765727768885426,13.381954929849188],[74.765807791162487,13.381882977804844],[74.766165126916192,13.381561677375799],[74.767206284592234,13.381357581257442],[74.767489637827538,13.381235835821331],[74.767650122748122,13.380969095635299],[74.76812868235595,13.380757267698316],[74.768235132924076,13.380710148677348],[74.769104569485691,13.380325299968606],[74.769471521733536,13.380162870041639],[74.770357373771418,13.380137739752579],[74.770411958614105,13.38013619152505],[74.770725908530608,13.380203174787662],[74.771061329315501,13.380274738984218],[74.771162935586403,13.380296416928189],[74.771461064538087,13.380360023912271],[74.772302980786549,13.380742916359303],[74.772891843007045,13.381112309185752],[74.773481569155251,13.381482242165696],[74.773644372386514,13.381584367064205],[74.774313704525767,13.382157636756162],[74.77446990665868,13.382206294851466],[74.774813881201098,13.382313445339339],[74.774918254918148,13.38234595793463],[74.775035846890077,13.382382588395027],[74.776263075145494,13.382059164172476],[74.777152297033652,13.381621662254163],[74.777164011513563,13.381615898109853],[74.777509742717527,13.38144579515553],[74.77781860294084,13.381238640696345],[74.778406507006821,13.380844326141505],[74.778910894360422,13.380623436192911],[74.779099278022244,13.380439620773521],[74.779100516717818,13.380438412888219],[74.779690228105878,13.379863000395558],[74.78023997709461,13.379326578693121],[74.780307382796863,13.379260805945302],[74.780448075984992,13.379123522677373],[74.780893439975927,13.378213672932548],[74.781097233993151,13.377797331537575],[74.781113141319267,13.37776483248178],[74.781367989180652,13.377244188528934],[74.781621050203469,13.376457455870488],[74.781701994329993,13.376205810841904],[74.781703647516011,13.37620067076398],[74.782676849917806,13.3754519404274],[74.783000115425963,13.375332906256466],[74.783105122648607,13.375294240608433],[74.783810696500595,13.375034429030464],[74.78472997993795,13.374898435882141],[74.784746402021895,13.374896006600558],[74.785445921010691,13.374612119827125],[74.785515361356744,13.37458393840233],[74.785571147550499,13.374561298320796],[74.786133521182165,13.374333066834668],[74.786134560553577,13.374332645433396],[74.786147492185748,13.374327397307013],[74.786183048352882,13.374319826321678],[74.786499217518056,13.374252503230702],[74.78653432196073,13.374245028568057],[74.788238232184753,13.373882202006543],[74.789818169911442,13.374258995161771],[74.791612265155365,13.37497007978919],[74.792019835951635,13.375131616755127],[74.792173070374432,13.375220675588144],[74.792514467994096,13.375418919265764],[74.793049694845138,13.376114862865785],[74.793398055496823,13.376245720773809],[74.793804112180879,13.376355195661938],[74.794156865019076,13.376450299753795],[74.794515821228799,13.376547074910375],[74.794804340598276,13.376624860359392],[74.79541948623698,13.376783676576984],[74.795480079538507,13.376790202647907],[74.796337682398672,13.376879768743532],[74.796665484384704,13.376914002955196],[74.797819143341556,13.377014047802444],[74.797881481229652,13.377072838865919],[74.799749930028597,13.378894420149157],[74.799789734474999,13.378933225475212],[74.800035339409433,13.379682377375268],[74.800281624801343,13.380433602068075],[74.800430330570677,13.382142809728334],[74.801114858257179,13.383630661716545],[74.80245493620852,13.384328455323574],[74.803810939371544,13.383662792586383],[74.804878983110029,13.382777994730352],[74.805405865050403,13.382310279327296],[74.806457699865021,13.381274307483979],[74.807011457494298,13.380785397499002],[74.807264188216962,13.380562169659957],[74.808053826736852,13.380041281295604],[74.809140795215228,13.379546257417255],[74.813529318487539,13.379313434074071],[74.814516652403441,13.379310957310773],[74.815658742326846,13.37856058076631],[74.815992878227789,13.379135961025902],[74.817398783707844,13.379832919926869],[74.817602046687583,13.380185050479732],[74.818703213417265,13.382093084118734],[74.819816286283142,13.384040278604749],[74.820275020341086,13.384862611374738],[74.821243080517874,13.386567627513331],[74.819823358973977,13.388827216787602],[74.819764893858164,13.388927144287187],[74.819674994078838,13.389078438222571],[74.819320267016664,13.389673451627884],[74.818847753120423,13.390485555949446],[74.817955526310243,13.391653260713875],[74.817437723687746,13.39455841325084],[74.817424289220611,13.394660362903609],[74.817200501003555,13.394923287814761],[74.816949295845362,13.395367230477756],[74.816120342242613,13.397554330265983],[74.815975250274789,13.40019220101744],[74.815709559432449,13.403218999409631],[74.815701609295203,13.403325897268497],[74.815690492019229,13.403476284903361],[74.815681650424764,13.403596650748764],[74.815677673246213,13.403651034205643],[74.816087601968178,13.403665668949316],[74.817595331550024,13.403723050706915],[74.81854481567494,13.403760692047445],[74.820775447417446,13.403683242189699],[74.821565691572587,13.403425134323555],[74.821623668708796,13.403400865721157],[74.821855230141509,13.403329728132451],[74.821946119568267,13.403298887153353],[74.822112806018524,13.403132390410306],[74.822301311507147,13.403068457791376],[74.822885808214181,13.403161288978115],[74.823450274300697,13.403421817707779],[74.823760338616935,13.403670358362721],[74.824047493836204,13.40406235743164],[74.825099592256464,13.405064504646498],[74.825472136864107,13.405428273018366],[74.826940225918563,13.406507128881749],[74.827775333979432,13.406866965176162],[74.828298386331213,13.407130896424739],[74.829037567650516,13.407588636728173],[74.829510912379604,13.408576819353479],[74.829833426930264,13.409485869799445],[74.830387450273577,13.410006678540793],[74.831384969025805,13.409858454048898],[74.831849908658384,13.409613155687294],[74.832257710427541,13.409237569136279],[74.832634970398004,13.408720007820056],[74.832859664142646,13.407992841677355],[74.832824670969501,13.407103083917516],[74.832999363522646,13.406166240988114],[74.833273761093281,13.405948758331155],[74.833491893500181,13.40587993594899],[74.834996312675955,13.405407374344176],[74.835062005612684,13.405386813267073],[74.837385498540058,13.403491146667577],[74.837657230466775,13.403433924902616],[74.838616683550072,13.403872267212073],[74.839092615740384,13.404176616257089],[74.83938491230488,13.404801755178893],[74.839402010973444,13.40570541731776],[74.839853095048809,13.407278371396902],[74.840986843316827,13.409043630711333],[74.841397309729643,13.409827290619047],[74.842383892639603,13.410907421682513],[74.843553059293697,13.411362557687305],[74.844318402634372,13.4112430311824],[74.844332664199399,13.411085723071631],[74.844439463256151,13.40984910092123],[74.844314387100397,13.408745196537588],[74.844079639671875,13.408153567524247],[74.843401368814767,13.405648122603326],[74.843546775736442,13.405598487697247],[74.844021183266889,13.40543738345565],[74.844567747087865,13.405406704228946],[74.845156776517399,13.405447197290295],[74.845478951901384,13.405469357786718],[74.846134567088029,13.405918900647983],[74.846604762785859,13.40668678810777],[74.847507267834914,13.407673198978275],[74.84878838258922,13.408366028057957],[74.85024292719261,13.408671742664156],[74.851652140689339,13.408703587619273],[74.852958379987129,13.407721768412948],[74.853029518315694,13.407605123968304],[74.85377168644672,13.40641185739949],[74.854074405491673,13.406154230926306],[74.854675595056293,13.406151765555038],[74.85480617592583,13.406092857091693],[74.854957593792761,13.406131379782291],[74.855525309575114,13.405767833544456],[74.856008116591155,13.405456896034234],[74.858565342320702,13.405369423187972],[74.859941208472009,13.406110759748568],[74.859944693960074,13.406114779223509],[74.860157401530898,13.406187027518651],[74.860538741485101,13.406508294545088],[74.860736266711569,13.406515306569435],[74.861080342654702,13.406494401131038],[74.862113729754256,13.405646645266808],[74.863121213899575,13.40486343922684],[74.863278572065511,13.404821052303717],[74.863309321744993,13.404793941729745],[74.863770291423378,13.404671721419369],[74.864685703357324,13.403995079246814],[74.864696766272999,13.403986646799405],[74.864894934108321,13.404078395029329],[74.865790157368565,13.404507838988058],[74.865558707846134,13.404693892719127],[74.865731154277668,13.405059929884127],[74.866046730853583,13.405558945524854],[74.866317601054135,13.405652926706985],[74.866737051900785,13.406727381183485],[74.867096171229221,13.407295800864103],[74.867445121966099,13.407450441342085],[74.867567269788807,13.407452694625906],[74.868430589528245,13.40747628201315],[74.868808358528355,13.407436804172377],[74.869249465704087,13.40697299020891],[74.869330835927812,13.406976081444871],[74.869633249901725,13.406988067092524],[74.870711907787097,13.407194385517617],[74.870870989033847,13.407224343973246],[74.871002681571952,13.407719586282921],[74.872130941400656,13.408109213644138],[74.872137839716785,13.408143754619413],[74.872170993633134,13.408309831632923],[74.872305970864673,13.408328213548021],[74.873120625237846,13.408434434137579],[74.873758825866517,13.40845257584024],[74.873928289606894,13.408493304365594],[74.874412405842946,13.408613401045971],[74.874558824558562,13.408643651996764],[74.874868223242174,13.408662512518365],[74.875094916388846,13.408681796524389],[74.875444463136375,13.408788992514694],[74.876193891385839,13.40906830692559],[74.87722499326712,13.409520310794417],[74.877529712917266,13.409528295906091],[74.879402008044153,13.408935885205182],[74.879589956399414,13.408577232671183],[74.879625676122586,13.408509140462675],[74.879718443728251,13.408450491304436],[74.879851816415808,13.408366313015913],[74.880972641598362,13.406260992884919],[74.881362429951068,13.405363455530683],[74.881501770659412,13.405270569483521],[74.881555752722647,13.405169525949136],[74.881710680967871,13.405062024608981],[74.882268389560139,13.405082741966089],[74.883622294052628,13.406475761328146],[74.883854119089918,13.406677243553233],[74.884321490602332,13.406599909524633],[74.885052001880453,13.406917986419989],[74.885119462643743,13.406934552993185],[74.885181331705752,13.40697195434285],[74.886481576568144,13.407560703528009],[74.886716299233228,13.40770044193286],[74.887288069694193,13.407965995987773],[74.887398259711276,13.407907317406664],[74.887885873364553,13.408031084583278],[74.888134626944876,13.408367129659894],[74.888951125150641,13.408944053492929],[74.889839177396553,13.409415763996616],[74.890267055691353,13.409801662669238],[74.890645247469351,13.410215018981694],[74.890955125785112,13.410445813263749],[74.891353253831824,13.410787789085321],[74.891978265883395,13.411185625154726],[74.892276547464022,13.411402670191601],[74.892562114069307,13.411590229390093],[74.893443567828555,13.412268860928243],[74.893920517306086,13.412520958172669],[74.894203935723496,13.412753771883409],[74.894550392411318,13.413191455712131],[74.894883012849093,13.413746756078108],[74.895613059024242,13.415252364719331],[74.895872951483668,13.415461641163464],[74.896303813056306,13.41576865294072],[74.898303619870731,13.415755218923302],[74.899221331423533,13.416012947790565],[74.899453658030623,13.416116775035574],[74.90066514414697,13.416286211548851],[74.901076002112077,13.416461620355131],[74.901128544074325,13.416846004001053],[74.901659743287127,13.417086945945119],[74.901993467207589,13.417238741472985],[74.903749026825338,13.418039622001457],[74.90382708651191,13.418032254181211],[74.904295227450618,13.417988068371036],[74.904785168514067,13.418151689945852],[74.906493343990434,13.421532801375731],[74.907105450225814,13.422227207889426],[74.907471027868596,13.422642194431125],[74.910304516558767,13.425887485840958],[74.910637139477245,13.426625920960058],[74.910681777500486,13.426725554253924],[74.910772466597322,13.426928440991455],[74.912217215200755,13.428724083659089],[74.912252203511215,13.428768177566001],[74.912859829947678,13.429534738500612],[74.913996382269502,13.430234920581055],[74.91420543754522,13.430102965502053],[74.914603871139576,13.430507554905734],[74.916179605085432,13.430556072875302],[74.91619658650643,13.430565015131087],[74.918208093304187,13.43163170857051],[74.919780984214896,13.433004955078673],[74.919787841243192,13.433011185669049],[74.919823130234604,13.433043269400873],[74.921854774124455,13.435680600892301],[74.922432449057084,13.436007334913008],[74.924076178705818,13.435504267009065],[74.924167628664023,13.435554573023037],[74.924226746822654,13.435587094630883],[74.92429648772351,13.435625460809142],[74.924312147032381,13.435634076594049],[74.924334284932144,13.435627897336813],[74.926242472321405,13.435100720579578],[74.926429478885453,13.43520217224625],[74.927423956893932,13.435047797625808],[74.927450801698299,13.435043643139547],[74.927776814751596,13.434993240413581],[74.92805593568211,13.434950086736858],[74.928049546458737,13.434898335237058],[74.928076836302253,13.434801845211384],[74.928109852268804,13.434685103640204],[74.928134157839253,13.434599202313917],[74.928913185428925,13.434481286128422],[74.929517805641837,13.433818327663365],[74.930318999768417,13.432949175724017],[74.93061809201167,13.432626164069584],[74.931832220331088,13.432222910275845],[74.932819233439346,13.431473885383475],[74.933003317116814,13.431335763702755],[74.93326093564491,13.431306072596881],[74.933266057233766,13.43130548167559],[74.933423618120287,13.43128735806021],[74.933693248777089,13.431256405556562],[74.934173470271944,13.431201506600763],[74.934237324814106,13.431346400720102],[74.934418604741694,13.431307294339984],[74.934820932250034,13.430243050380337],[74.935054651804762,13.430177380550756],[74.935323495873817,13.430101363250087],[74.936491524788991,13.429614815216043],[74.937644094431661,13.429002727563304],[74.937307213476302,13.428617801759403],[74.937330736565286,13.428157557997192],[74.937332345670114,13.428125886452362],[74.936699546439414,13.427485024745305],[74.936279679803278,13.427073473911998],[74.935734839927846,13.426519795386691],[74.936115252042768,13.425753210455763],[74.936333827427646,13.425312616374811],[74.936298002965003,13.425236738777476],[74.935627678819685,13.423817252496587],[74.935711038216169,13.423663587109624],[74.935637327920745,13.423496231219392],[74.935792416359135,13.423199468019991],[74.935968208376195,13.422888601097441],[74.936322862685685,13.42225913908012],[74.93680148344707,13.421412698717441],[74.937024505155975,13.421018028691766],[74.937537122717373,13.420100310336773],[74.937804237344153,13.419623154717351],[74.937934294298955,13.41937175152491],[74.938039570661743,13.419168351978472],[74.938074836181883,13.418886315912975],[74.938213022981998,13.418866717812964],[74.938254626192517,13.418627169062702],[74.93840343703242,13.418606047097974],[74.938440549841559,13.418358937753808],[74.938510822104874,13.417863042509991],[74.938511347299311,13.417857376659249],[74.938494290561025,13.41765095400222],[74.938451930652903,13.417138219593461],[74.938377910360558,13.417053000242436],[74.938304107131415,13.416968031397392],[74.938236255591704,13.416889938938226],[74.938461878667042,13.416632185696303],[74.938554011554785,13.416527082808427],[74.939163150668548,13.416519263176992],[74.93941028793607,13.416993975474862],[74.939806234470538,13.417291215886261],[74.940427323065208,13.416911816871748],[74.940441670186502,13.416904912756245],[74.941487426319199,13.416397525157281],[74.941552740234243,13.416373106778634],[74.941644268009156,13.416338887040883],[74.941986926232673,13.416041514794815],[74.942292404836095,13.415871935510461],[74.942975113633722,13.415206416755282],[74.942982793414473,13.415198581425711],[74.943034737301318,13.415145369475981],[74.943086210971217,13.415092253258807],[74.943130001460332,13.4150456657348],[74.943169893837748,13.415003066840628],[74.943199282785741,13.414971598603097],[74.943204974307548,13.414965499867813],[74.943933326889322,13.414272640826328],[74.943928484954697,13.413833788455678],[74.944203985425091,13.413810444129835],[74.944313195176832,13.413801187116682],[74.944504290049821,13.413647169873919],[74.945008168389677,13.4137419543533],[74.945064914152965,13.413752635868152],[74.945255350244523,13.413144276915311],[74.945351622938134,13.412923282910013],[74.945369696333628,13.412881843595459],[74.94596852757391,13.412258611458375],[74.946135042675891,13.412202138248379],[74.94614002829114,13.412200440241424],[74.946356952024999,13.412126037472605],[74.948037205590921,13.411523737808372],[74.94810619873229,13.411498176416082],[74.948113205390655,13.411470601178433],[74.948290356615459,13.411402071558355],[74.94898097508009,13.408606052137364],[74.949045639145098,13.408359954789896],[74.949321335712895,13.407112887017542],[74.949354609495359,13.40699890215252],[74.949358905074149,13.406939431877992],[74.949423940385415,13.40663667643404],[74.949597870838844,13.405857191598839],[74.949610270394558,13.405799244772853],[74.949702274400579,13.405368979195911],[74.949780956973456,13.405000175921646],[74.949840075519987,13.404722020878511],[74.949981314711948,13.40405730380119],[74.950425558754006,13.40304202969495],[74.950642974521585,13.402550958029737],[74.951264274855319,13.402035738855991],[74.951587790803217,13.402013043100759],[74.952124802418751,13.400998359577347],[74.952848436720515,13.401173054443765],[74.953262247027936,13.400962805322115],[74.954347165006453,13.401066533302041],[74.954370937625256,13.400810136736846],[74.954777665222721,13.400431750668201],[74.954580494746281,13.400286169200617],[74.954520719214813,13.40024172935666],[74.9546447351794,13.400227595732582],[74.955696043458559,13.400102324938178],[74.955612356379504,13.399960577348466],[74.955157802899564,13.398234651945351],[74.955076374276487,13.397783813373904],[74.955069871981692,13.39774788301013],[74.955031979425684,13.397538014935728],[74.954966401365212,13.397269253064447],[74.954944254276953,13.396593480852397],[74.954942041801075,13.396054372291488],[74.954718796231631,13.395540585503886],[74.954700190304479,13.394849901029888],[74.954659185678821,13.393407766108172],[74.95464782322955,13.393091642274074],[74.954416048917551,13.39134391253355],[74.953424575247354,13.384561828787588],[74.954885379592767,13.384318550848191],[74.955382778977707,13.383908298446347],[74.955551257504339,13.381568818886441],[74.955846633262126,13.381390475841235],[74.956030340993891,13.381280358202375],[74.955711584235914,13.380805069591462],[74.954898766672628,13.380608685859112],[74.954034966088201,13.380669055033589],[74.953980732985329,13.380582493588633],[74.953874271341277,13.380616668202295],[74.953664733082718,13.380374846640226],[74.953627340746465,13.380389952426562],[74.953222569326513,13.380555778732434],[74.952833701490434,13.380612440616195],[74.951125209379924,13.380872265536974],[74.951066756140932,13.38086977298553],[74.950620417839886,13.380850617512852],[74.950403393180309,13.381417289503585],[74.950173444993126,13.382013647791618],[74.949331919396528,13.382301711193934],[74.948488126061477,13.382303791364869],[74.948096349965624,13.383139534176186],[74.947528547970933,13.382824793288838],[74.94699332918097,13.38266550570445],[74.946462738643049,13.382947829214924],[74.945924240382865,13.383381489664835],[74.945497323597934,13.383363558159319],[74.945459141082594,13.38329043092196],[74.945295257839419,13.383157911968626],[74.945214085980055,13.383092186574926],[74.944763889943474,13.383036495682616],[74.944766936486033,13.383115222571387],[74.943979428510005,13.383018601708594],[74.943681398955974,13.382794642798036],[74.942769793976822,13.382095549461996],[74.942307736186834,13.381751650750513],[74.942308978817195,13.381742196254779],[74.942369904316081,13.381275932002575],[74.942423863569019,13.381238750913058],[74.942476306327578,13.380956169283595],[74.942104121530534,13.38054232107466],[74.94213520145145,13.380126727479183],[74.941995907807353,13.379983125956823],[74.942004754099031,13.379692665659157],[74.941844986713974,13.379491866791652],[74.941515938649587,13.378670386005274],[74.940946304516643,13.37781480749492],[74.940946915535619,13.377774685398524],[74.940951798504187,13.377410488439105],[74.940782389211094,13.376897224868559],[74.940759242225383,13.376812175233797],[74.940625806190354,13.37668584989699],[74.940480017975915,13.376136410097219],[74.940690459662122,13.375972605853311],[74.940658256257734,13.375661293046253],[74.940496018671055,13.375647589988784],[74.940580817171025,13.375329381760764],[74.940910932778323,13.374922138382283],[74.94065384842115,13.374859829988672],[74.940622978964683,13.374449884241182],[74.940621042068386,13.374424250252792],[74.940956575075646,13.374152825637102],[74.941232971176291,13.373560205365941],[74.941239485337235,13.37330352971353],[74.940812935357883,13.373332730538227],[74.940765492033108,13.373186098827023],[74.94069478055178,13.373198715468671],[74.941094475306798,13.37291784545679],[74.941284291445712,13.372564438288666],[74.941534182068679,13.372445636762466],[74.942065748110466,13.372317904208625],[74.942281035986298,13.372266306550129],[74.942268010571368,13.371996993174733],[74.942261982679852,13.371872283743357],[74.942344983872601,13.371675021708903],[74.942320298541418,13.371588511475352],[74.942556570359486,13.370574695726161],[74.942648550746981,13.370181057059551],[74.942893192521765,13.369136278698283],[74.942936707478879,13.369126391548825],[74.944923561628784,13.368752423529378],[74.94707684394939,13.368413519668975],[74.947940213020559,13.368274598659177],[74.948086174216499,13.368159219796594],[74.949701753665053,13.366967055094849],[74.949828323707351,13.366860460622885],[74.950908228532256,13.365929477548802],[74.950879351252738,13.365812723889807],[74.950395521400949,13.363886814085239],[74.950327571236414,13.363811345070562],[74.950291992376748,13.363771842440901],[74.950340291551413,13.363668174715908],[74.950315174106876,13.363643375368746],[74.950423600526761,13.363477970282663],[74.94997130682998,13.362850750675074],[74.949972606924391,13.362842845110647],[74.949961331907858,13.362828417448846],[74.95004435539488,13.362257395352827],[74.95042472837288,13.361898721406671],[74.951421255135884,13.36239575065485],[74.951531492412812,13.362122794414116],[74.951458785784141,13.362008281252676],[74.951467205996252,13.361913217685483],[74.951495586373241,13.361608758998765],[74.951495150955722,13.361513914367089],[74.951464341854674,13.361503752877326],[74.950840811427724,13.361298783812199],[74.95084653718817,13.361271462228002],[74.950881380504526,13.361106327453699],[74.950911646486531,13.361052645526851],[74.950912222650018,13.360961827694172],[74.950997608046237,13.360570756031843],[74.950917936944464,13.360548049453007],[74.950919204724855,13.360475931558275],[74.950346459349646,13.360292903594328],[74.950223199687883,13.36012199769552],[74.950310755438394,13.359666619401137],[74.950242235533196,13.359632769060044],[74.950262879469733,13.359520511870231],[74.94997473258654,13.359424642106056],[74.949913906929808,13.359187288997438],[74.949369965597668,13.358982631330216],[74.949250636280524,13.358937864445281],[74.949694446030961,13.357536045918424],[74.950224594873873,13.35765893282508],[74.950263521352895,13.357360654964538],[74.950286698719751,13.357182857578035],[74.950084898800384,13.357167022517183],[74.950036030406622,13.35729613020162],[74.949834830266909,13.357255484351755],[74.949844704262702,13.357192990233191],[74.949764743931112,13.356909154098199],[74.949765703892524,13.356866795777103],[74.949659466575469,13.356632478149475],[74.949514309668189,13.356549794820726],[74.949975605288756,13.355340663957204],[74.949907141989058,13.355298194252915],[74.949960872028953,13.355165478684954],[74.949836941002658,13.355070974895975],[74.949846174273475,13.354913272536873],[74.94985359914439,13.354787855935381],[74.94989861190794,13.354052706163685],[74.949863835364923,13.354052683911743],[74.949391808648841,13.354052929152129],[74.949254278900696,13.35413665385199],[74.949052977087675,13.354109541216379],[74.949082541087677,13.353988155691386],[74.948953232737807,13.353928333660736],[74.948859203496013,13.354012551583956],[74.948569725825436,13.353928572584381],[74.948540767171451,13.353920178913986],[74.947388895216747,13.354301327248098],[74.946574568876883,13.354651715067279],[74.946449069111083,13.354705623248625],[74.945564738326581,13.354955108038217],[74.943539168997546,13.35495238870004],[74.942829628304409,13.354975003914973],[74.941402396696546,13.355020542078066],[74.941307125327,13.355023579088007],[74.941007571025679,13.355038698132711],[74.939012713255707,13.348312729804839],[74.938908428395521,13.348048958526002],[74.939813174400669,13.347213040602037],[74.942054479285986,13.344801727472719],[74.945920995103776,13.337339272447167],[74.946012442971991,13.337174094029692],[74.946334903014716,13.336566731398827],[74.946394049918155,13.336456948346095],[74.946509670823502,13.336188699649691],[74.946735311879024,13.335506461487691],[74.946862564732271,13.335104617868124],[74.946947422863175,13.33484074990424],[74.947723515210399,13.330977794749888],[74.948173191580267,13.329880541210386],[74.948528882359199,13.328259553354362],[74.948725284478257,13.32736617588553],[74.949109706567015,13.325552931362283],[74.949475122494093,13.324114566484193],[74.9498149340385,13.323002050896589],[74.949710549081502,13.321738263097046],[74.949682718665017,13.321391239460016],[74.949664721731551,13.321175511068727],[74.949609610165211,13.321019189882227],[74.949489114694288,13.320685263929064],[74.949261217183107,13.320929422642454],[74.949064116649822,13.321139578527758],[74.947506668260303,13.320535226761899],[74.947307484089762,13.320490614180541],[74.946582251237899,13.320992793654975],[74.94532218078794,13.32068704490238],[74.942546926557426,13.320056079447467],[74.941331928737142,13.3197838651153],[74.939454451616086,13.319637090762825],[74.938275859666646,13.319828020378013],[74.937653859880371,13.32004525525072],[74.936233842456446,13.320507183505711],[74.930987109843997,13.322374273124057],[74.926747972006837,13.323792985027225],[74.926686301148237,13.323823672783682],[74.925753993142422,13.324251835555508],[74.925204906122531,13.324129795284042],[74.924479592828547,13.324338108327751],[74.923527135988039,13.324873954640331],[74.92342669956966,13.324930608966532],[74.923296193918858,13.325237868337782],[74.923014182514635,13.325985711856477],[74.922366257690811,13.326674009850644],[74.921168541429196,13.327518391816971],[74.920649652425311,13.327820834864983],[74.918420811380244,13.32885676875207],[74.916616349195976,13.329580935908551],[74.915640490448368,13.329977070812543],[74.915661838695883,13.329888116220621],[74.915693752833846,13.329755166256078],[74.915725286854183,13.329623859177653],[74.915778125467668,13.329403986300177],[74.916051967571832,13.327450046541834],[74.916127432645197,13.326914591310283],[74.916202355710467,13.326340555213397],[74.916248287214501,13.325989205868149],[74.916432620972287,13.325649986473893],[74.916874732294119,13.324913902892623],[74.917198759302778,13.32437387161017],[74.917663569995497,13.323642487909666],[74.917835336575408,13.323371948216129],[74.917783649781342,13.322793473101049],[74.917456500187029,13.323045993085429],[74.917453917246135,13.322976026950643],[74.917281637204553,13.323061538072105],[74.917137058380163,13.322814958524797],[74.917009917868995,13.322553950983428],[74.91707718915039,13.322275752078268],[74.917155715172882,13.32195128282331],[74.917057070502125,13.32083479159415],[74.917005306627132,13.320429793519377],[74.916760759768295,13.320256492957515],[74.916767149730063,13.320271689136424],[74.91636460081439,13.320318472894817],[74.916141515042739,13.320134694046363],[74.915735595285113,13.319799234561954],[74.914860418619227,13.319428263237748],[74.912856885486008,13.317349601910987],[74.907308861760001,13.311381361737277],[74.897940717918232,13.309292358322812],[74.896870196785471,13.309233385999057],[74.896769457258614,13.308811822356061],[74.89676738413597,13.308803785456087],[74.896752543360662,13.308745871342682],[74.89668568892651,13.308676813830429],[74.896651290366407,13.308641278243902],[74.896628274935708,13.308617505228442],[74.896593510916958,13.308581603264669],[74.896506776270797,13.308492020212993],[74.896468224687354,13.308452204909802],[74.896233431760479,13.308449846724498],[74.895248446563173,13.308440080970156],[74.892966048887558,13.308933678914858],[74.891571915445994,13.309232300152436],[74.891039788850335,13.309258045290237],[74.88971307807148,13.309889322917137],[74.88894674123857,13.31214525597639],[74.888061065252273,13.314390839703528],[74.887940066828406,13.314698873607421],[74.887554509606673,13.315001266426318],[74.886983470497867,13.315449863615612],[74.886377940111316,13.315919706548616],[74.885857853957873,13.31631702323685],[74.885496270814656,13.316591764494504],[74.884673385280394,13.317220247700417],[74.88438678522121,13.317440291781498],[74.884078793649238,13.317669790529644],[74.884030894870619,13.317817819328688],[74.883634745583393,13.317785468622651],[74.883463180358234,13.317768967014395],[74.882962177285009,13.317619147857163],[74.88256696066405,13.317507162444462],[74.882581371459722,13.317600662889109],[74.882661760890329,13.318123232196806],[74.882069686866672,13.318418318688042],[74.882038187640404,13.318508276693466],[74.881781199749952,13.318612973960933],[74.881710112043848,13.318641684177811],[74.881635702591183,13.319098823499623],[74.881025545276188,13.319472394087287],[74.879722381813323,13.320191380317089],[74.878546056500085,13.320877564629516],[74.878278920557278,13.32103229358766],[74.878009252845715,13.321188037417741],[74.877806449089064,13.321508877145982],[74.877717650639383,13.321043620891063],[74.878534552762972,13.318607021985173],[74.877800443904505,13.317446610730865],[74.87632124523175,13.314971800171616],[74.876162855866085,13.314707960297067],[74.875174874227952,13.312737919460144],[74.875095544408893,13.312582152729373],[74.875035788771171,13.312009410766297],[74.875019901282471,13.311859744510999],[74.87439462011163,13.311598631215473],[74.873895735800446,13.311747136495599],[74.873252036669058,13.311585746172819],[74.872582136943734,13.311730644171032],[74.872375662264147,13.311834142925463],[74.871332423187809,13.31235718886253],[74.871230991859647,13.312552154763832],[74.871390141671284,13.312891392446357],[74.871337534488291,13.313065848531334],[74.871407632045987,13.313483119243633],[74.871025816520586,13.31380070000308],[74.870691333911807,13.313983734149531],[74.870583616579609,13.314110325497511],[74.870586276108725,13.314386095219708],[74.870542642322192,13.314436340107436],[74.870413391667228,13.314842467608345],[74.870346229673999,13.314812356259875],[74.87024428666119,13.314766666840294],[74.869870771713067,13.314599137555701],[74.869870446118668,13.314470566056636],[74.869612140050521,13.314359095428097],[74.869711194827218,13.313680835828199],[74.869659944613204,13.313551258899516],[74.869605614657658,13.313413985232348],[74.869640601999777,13.313340350414945],[74.869420930733639,13.31320194831533],[74.869401563354629,13.313065245968895],[74.868827279934322,13.312697119392295],[74.867922847444177,13.312589463148122],[74.867829037248001,13.312578353609062],[74.867771315827312,13.31251502353421],[74.867688887600778,13.31239826215676],[74.867630258753323,13.312360206200761],[74.866647267548075,13.309705418867141],[74.866531617918341,13.308427263625621],[74.867336370769365,13.304514740867861],[74.867564237151967,13.304573790431306],[74.869460367924731,13.300131080545571],[74.869666278742329,13.29986731379025],[74.873963366408745,13.294379020979907],[74.874148805988838,13.294140936296252],[74.871725353201981,13.290886932079321],[74.871169773430978,13.290175366248709],[74.871150740797233,13.290150969914416],[74.870386561798327,13.28905504767871],[74.868386269045459,13.286179303896999],[74.868240385972427,13.285970118932182],[74.867913179848827,13.285493856586042],[74.867279911168112,13.284777645545462],[74.867226195594512,13.284709566429802],[74.866343629002202,13.283590824630307],[74.865780268160819,13.282565292790741],[74.865477537237567,13.281988596121096],[74.863915492130914,13.2790259495196],[74.863531912500846,13.278304359983766],[74.863437800480042,13.278127125398054],[74.863273821835094,13.277869804560297],[74.862824718824513,13.277649708283395],[74.862826819537247,13.27774264188567],[74.862810950130708,13.277738871658803],[74.862778912394106,13.277545229185373],[74.86247689176308,13.277535987620546],[74.862452794111292,13.277535244878319],[74.862312624865837,13.277350363981503],[74.862718364920994,13.277096533084574],[74.862849665626001,13.276885960611306],[74.863007698504362,13.276598637953327],[74.863091235345067,13.276047680863854],[74.863093048729098,13.276035705047436],[74.863100009505459,13.275989642677143],[74.863118772601382,13.275865546257188],[74.862824347381206,13.275545179384288],[74.862227797739507,13.274990195907248],[74.861854503298687,13.274977625413468],[74.861173208540549,13.274911650798733],[74.860364029994599,13.274744712607232],[74.860205388155876,13.274697298965037],[74.860196068377974,13.274694539505123],[74.860200706011994,13.274658163169091],[74.860252658929454,13.27425612052823],[74.860198736218791,13.273380986685972],[74.859982017042213,13.27317302488887],[74.860131201066537,13.272521451756655],[74.860037087986782,13.272373557890036],[74.85944161196511,13.272571991491159],[74.859168371635079,13.272592246817172],[74.859090301731285,13.272619386314361],[74.858302110432817,13.273212063966289],[74.858294631684785,13.273217025043587],[74.858041118752482,13.273385200105336],[74.858037983957388,13.273386256331108],[74.857729616083134,13.273490045034102],[74.857382937263026,13.273606123280407],[74.857266017680843,13.273272879667841],[74.857051517762599,13.273260489638293],[74.856661212306335,13.273413010823099],[74.85643448132214,13.273425468509719],[74.856267450933856,13.273490149371364],[74.856140331196841,13.273539178393628],[74.855696738025742,13.273632319358486],[74.855478651253634,13.273791831108401],[74.855370390909201,13.273800103238793],[74.853621387906799,13.273916447917737],[74.853351486086595,13.273925304450476],[74.8530399406621,13.274012413060291],[74.852892371051439,13.273993373007276],[74.852564571935901,13.273939632034109],[74.852097311212631,13.273558061674752],[74.851593125388248,13.273279184496051],[74.851308598151036,13.272975748595847],[74.851080906273538,13.272891308786605],[74.851053113919505,13.272844690219305],[74.8507042344187,13.272991725916512],[74.850191117393678,13.27320914002625],[74.847895432381563,13.273798934803965],[74.847934103296225,13.273913263176595],[74.848006577783465,13.274127803470893],[74.848021472622577,13.27417189000281],[74.848313252598061,13.275035760579875],[74.848404630421371,13.275490568385971],[74.848503330752422,13.276124930988169],[74.848538766207312,13.276353001060013],[74.848708584996643,13.277337899221878],[74.848741956560787,13.277531651758073],[74.848863673589761,13.278281192094664],[74.848976839558276,13.278975812207547],[74.849000315161035,13.279118305972521],[74.847913520114602,13.279873331277523],[74.847354369925839,13.280593434609225],[74.847203879266004,13.280816843982523],[74.846922328561661,13.281284568606454],[74.846155394357325,13.282552488266349],[74.846146326442309,13.282567378479328],[74.845193986910658,13.284146996832856],[74.843915297514414,13.28642677543473],[74.843796491681388,13.28636868054215],[74.84362093853963,13.286683260282846],[74.841884877234662,13.285849992520564],[74.839636040491882,13.284817324695718],[74.839399504882579,13.28470878783539],[74.838259641079929,13.28514374392512],[74.836862314883348,13.285673664139157],[74.835655247848166,13.286128277063789],[74.835321223259314,13.28625655757015],[74.835306886728247,13.286060505469738],[74.835057952685617,13.286091869995829],[74.834622689913928,13.286146577624956],[74.833404708733255,13.286361455613839],[74.831482582245016,13.286653710155381],[74.83127269043375,13.286684927716783],[74.831040904012738,13.286719212249023],[74.830792920570318,13.287141032926224],[74.830668161929225,13.28735306663533],[74.830228066332808,13.287416134115549],[74.829067180607453,13.287255093659709],[74.828945733955635,13.287393225454572],[74.828889133846374,13.28797652945596],[74.828839932889721,13.287813508412848],[74.828793856457025,13.287660657727782],[74.828658951652741,13.287540769477523],[74.828562513433369,13.287650735224135],[74.828040713398138,13.287239874591874],[74.828029034992426,13.287143595953859],[74.827933350797963,13.286354998199037],[74.827825374706791,13.285669562223529],[74.827822529624882,13.28561940076089],[74.827749984946635,13.284341672771319],[74.827747359619181,13.284295435888197],[74.827549117649085,13.284356672990103],[74.826484010797444,13.28468928941901],[74.82604575553863,13.28570073432196],[74.825733970892259,13.286482092307395],[74.825651488463137,13.286499852217984],[74.825570604359484,13.286517281338055],[74.825548190506012,13.286573887261314],[74.824999830103962,13.286712095852533],[74.823711452820277,13.286514610680637],[74.822544255280903,13.286449349370063],[74.821668705188884,13.286853670393393],[74.821375638886479,13.286932567569387],[74.820140501750458,13.28740131420034],[74.820168034336845,13.287467605953703],[74.820086165567545,13.287501070358804],[74.820037176096022,13.287536479513181],[74.820399386388345,13.288250103427002],[74.820746768484724,13.288932835413709],[74.820879508035887,13.290001281782315],[74.819627467812424,13.290499475897883],[74.819503005135502,13.290541823968317],[74.819196333599635,13.290621810272532],[74.819020943170827,13.290490907934132],[74.818625967867007,13.290196283397375],[74.817974404405135,13.290152366373137],[74.817709944069648,13.290278320452723],[74.817544348680826,13.290357025904724],[74.81746599383284,13.290360221384674],[74.817360833117164,13.290354302684669],[74.817358126781926,13.290364607351377],[74.817338257167222,13.290365415050116],[74.817306721577978,13.290522802851276],[74.817240243110888,13.290537241153807],[74.816874222561125,13.290549179017848],[74.816241361318077,13.290689467949081],[74.816015896374168,13.290641327490134],[74.814653180147758,13.290307468051063],[74.814069284855847,13.29091587340076],[74.814065954194959,13.291006264919307],[74.814042431071442,13.291032766580349],[74.814032383917592,13.291488991607606],[74.814029818880741,13.291623850023187],[74.812005608189722,13.291141850265291],[74.811909701092418,13.291882152277593],[74.811905020872899,13.291918478741479],[74.811878086935181,13.292127092074036],[74.810585347803865,13.290795794288947],[74.809825615549542,13.290023494574193],[74.809814904458108,13.290019554904125],[74.808948756851152,13.289697884020379],[74.808739850899315,13.289742606676144],[74.808157190539177,13.289867124150668],[74.808161009547931,13.289952243777586],[74.807425072022824,13.290091603824864],[74.806951395012391,13.290181812465564],[74.805182836626059,13.290528878999586],[74.80516993506501,13.290531479681809],[74.803587400720858,13.292884181100765],[74.803584065590016,13.292960345907222],[74.803307245208245,13.292943589767672],[74.803235118761421,13.29304386193342],[74.802346438891533,13.292962309966294],[74.802285510566264,13.29457197730896],[74.802028067849136,13.295714469270861],[74.800237683940011,13.296406643386252],[74.800106806937734,13.296456524569924],[74.799891473451197,13.296538220253781],[74.798950462224639,13.296028262093506],[74.798359439038308,13.295676350072039],[74.797994930495079,13.295509132560314],[74.796403574710865,13.294798757007317],[74.795998061881463,13.294613567218425],[74.795529237262002,13.294470688922537],[74.795202556968405,13.294003430198162],[74.794770058242008,13.293888143883979],[74.794545970761575,13.292782466397716],[74.794211764060094,13.292840336596472],[74.79380972647408,13.292909989777886],[74.792934610894591,13.293061843411298],[74.792853785293715,13.293075891085206],[74.792503117115544,13.293132822388795],[74.792425663484082,13.293145413223328],[74.791576302338996,13.293284034161358],[74.790724765731525,13.29342514346458],[74.790578854683801,13.293449809677091],[74.790316206220041,13.292064558434751],[74.790134710409376,13.291159389018537],[74.790176695900612,13.289880964725537],[74.790224438290423,13.289361965135708],[74.790245974976045,13.289127219849359],[74.790246906950969,13.289117044233832],[74.791350930640334,13.28830307330588],[74.79135822642904,13.288304728631816],[74.791468814132429,13.288223023881676],[74.792108221603385,13.288422076015053],[74.792282004552447,13.288476640865452],[74.792614874805452,13.286383495635514],[74.792886643214842,13.286318711553294],[74.793085440837558,13.28627152689735],[74.793684981605239,13.285751700270163],[74.794406354594756,13.285134778578209],[74.793429939452963,13.283800126080495],[74.793284613923376,13.282764852953861],[74.793318428862776,13.282635415811992],[74.793541763601439,13.282450112529769],[74.793196923315435,13.282543106607212],[74.792960956204595,13.282635562126542],[74.792522985762304,13.282808058651678],[74.791896438172401,13.282904713107667],[74.791372609336278,13.282977341187934],[74.790180813261088,13.283074824284103],[74.788977822188585,13.283174687856816],[74.788407923949961,13.283207734363351],[74.787861344742467,13.283117700367818],[74.787693695701165,13.282981474278099],[74.787455059366124,13.282752055083407],[74.787164975660033,13.282293017204584],[74.786681820679775,13.281826392548389],[74.786402291183904,13.281638251316304],[74.785965365766714,13.281296735817349],[74.785473762184466,13.281415713360946],[74.78539372958754,13.281551437478281],[74.785011200941014,13.281684972154659],[74.784786820574311,13.282146364092057],[74.784772881577751,13.282293548207239],[74.784724403530433,13.282804238985806],[74.784737220066532,13.282919876672924],[74.784965765338129,13.283555930211804],[74.78539789001654,13.284303861255728],[74.785401669689378,13.285031909057075],[74.785335480302066,13.285123630598003],[74.784784314739653,13.285833409681539],[74.784317200439204,13.285975944841622],[74.784009093016991,13.285830152457342],[74.783561011396444,13.285457084227504],[74.782570749192388,13.284517806779808],[74.781118148848321,13.283715497858237],[74.780039465156932,13.283410008246342],[74.779790770054461,13.283309502455701],[74.779241748565468,13.283087625129912],[74.778929806778407,13.282961829775479],[74.778435269829018,13.282762490238925],[74.778354082909345,13.282797137185343],[74.777362280139656,13.283220396511195],[74.777115595690745,13.283356166556308],[74.777019678632399,13.283408957425982],[74.776159431040597,13.283978806803111],[74.77601959943938,13.284057402008008],[74.774825736312167,13.284399008135576],[74.775128405178506,13.285137177912183],[74.775412050195939,13.285341253369523],[74.776035023779087,13.286592883600942],[74.776089881188113,13.286703096978119],[74.776090472543103,13.28670457322672],[74.776090829583566,13.286704842101665],[74.776562998308265,13.287884647920562],[74.776650406923807,13.288388951696282],[74.776650445495065,13.288389175078718],[74.776868365179723,13.289338857175851],[74.776945391614831,13.290234833631079],[74.776778835508267,13.290916070628764],[74.776514386925513,13.291278990553041],[74.77545878728003,13.292000384758433],[74.775456659715474,13.292001838715201],[74.775355493208096,13.292072477644618],[74.7739389981747,13.292280884896845],[74.773593319071253,13.292315952492753],[74.773217566462804,13.292371541776539],[74.772561525964178,13.292561056460086],[74.77252546725839,13.292571476388872],[74.771187551049408,13.292599613106598],[74.771184288284786,13.292599633682672],[74.771016853247389,13.292600691119],[74.768871494128447,13.292136502376325],[74.766901447215076,13.291432789937206],[74.764866110982965,13.290517622268595],[74.764861536483167,13.290515565406727],[74.764364356760126,13.290277937567394],[74.761701541108934,13.289226156547077],[74.760694958538849,13.289017564067061],[74.760648605117098,13.289008028623369],[74.760708885151018,13.288868120047978],[74.760136432434237,13.288771887692242],[74.759335458801317,13.289048515660332],[74.759332896559641,13.289160243459458],[74.759331065062597,13.28923871475148],[74.75913407314772,13.289390604166105],[74.759077769572187,13.289696821982307],[74.758780962699376,13.290408359964516],[74.758627551563194,13.290776130602781],[74.758486997538014,13.291386862898944],[74.758462401401118,13.291766712446295],[74.758433742683778,13.292209292757146],[74.758415213407531,13.292495449375259],[74.758179270331382,13.29325297978702],[74.758210950992037,13.293701740895727],[74.757633538389896,13.295181296479141],[74.757535419392738,13.295240092748953],[74.756993236776665,13.295563819064938],[74.75604830936264,13.295569660273433],[74.755614774114903,13.29572525779019],[74.755134088616927,13.295551452048503],[74.754486564018833,13.29563318459422],[74.753981402586746,13.295609200668332],[74.753227946799285,13.295767739754952],[74.752369210848727,13.295656450098985],[74.751708019880297,13.295718407243772],[74.75122136098409,13.295741199741286],[74.74928337626551,13.295828081915028],[74.748909943171441,13.295749500162744],[74.747184864152715,13.295923738192551],[74.746938301063679,13.296292611317893],[74.746815755956234,13.296476197170525],[74.746009203107349,13.297106539197941],[74.745379031690007,13.29715385570182],[74.745050317487951,13.297071212299848],[74.74499214867771,13.296758281468106],[74.744430216369864,13.29659022730085],[74.742875232591942,13.29666899488117],[74.742206814868652,13.296568711465559],[74.741908318532438,13.296338093650483],[74.741565645311653,13.296223091378256],[74.740900070486035,13.295834811609643],[74.74068618586108,13.295958813077265],[74.740633311715001,13.295989446449431],[74.740441654276864,13.295769682777557],[74.74006280216426,13.294857261494567],[74.739821511196325,13.294098947554993],[74.739928303550528,13.29365601130344],[74.740767874810075,13.292412553256844],[74.740997864494844,13.29172695363612],[74.741006882531522,13.29170013483346],[74.740996517224374,13.291697621338358],[74.740757962014357,13.291639762754196],[74.740761060168012,13.291467000362218],[74.741089016934382,13.291357806955167],[74.741124746179437,13.29093217727849],[74.741366562659266,13.290264995101165],[74.741216551110696,13.289879997669349],[74.740017587737697,13.288335670438046],[74.739703854356094,13.288222979475409],[74.738038088725986,13.288920394813672],[74.73751111943885,13.289387321871692],[74.737428348736898,13.289381646455388],[74.737253528671701,13.289369635811916],[74.735075758663243,13.289179859805328],[74.734497652013033,13.288939602291702],[74.733161528028631,13.28838431106543],[74.732952536242848,13.288176858443631],[74.732962875242976,13.287605576937491],[74.732972476260997,13.287075048848244],[74.732981786353946,13.286560604196008],[74.732989376881719,13.286141155653832],[74.732804057853812,13.286199977497054],[74.732741802684984,13.286218380392977],[74.732415685831526,13.28599458945258],[74.73226341765448,13.285870967655113],[74.731772331998755,13.285968542898331],[74.730793459896233,13.285649661916279],[74.73072614197207,13.285627732456579],[74.730420401221295,13.28547759845326],[74.729789737635627,13.285328977611258],[74.729674811342676,13.285296429452842],[74.729088415075026,13.28408575766022],[74.729024004432333,13.283952775387958],[74.728718403487349,13.283303930714862],[74.728695177767435,13.28325461750623],[74.728625859862888,13.283107443239748],[74.728439249667275,13.282711235704134],[74.7280827941604,13.282557736229901],[74.727436288945015,13.282025402713455],[74.726716283264111,13.281331323683496],[74.726491334983294,13.281091203756089],[74.726197265149267,13.280777298168623],[74.72593806016576,13.28042917073102],[74.725854066116383,13.280316361946626],[74.725815626170316,13.280197048236872],[74.725752934440706,13.280002461847747],[74.725829640384475,13.279784802798686],[74.725875680738312,13.279654160352612],[74.725873060248958,13.279612616620486],[74.725855626260071,13.279377692768488],[74.725823458003788,13.2789240953907],[74.725801653876786,13.278616642929713],[74.725769855676262,13.278168260688668],[74.725757136060082,13.277988903084914],[74.725738720093673,13.277729219068132],[74.725727094224467,13.277566547724817],[74.725722159757737,13.277497501659017],[74.72571529143481,13.277452117546416],[74.72538948794724,13.277289296642229],[74.724432447883615,13.276811009055304],[74.724440354639569,13.276601688103334],[74.723895286701776,13.276434036266396],[74.723854517251681,13.276544297034926],[74.723766692811395,13.276791313278736],[74.72360253757698,13.277253020595168],[74.723458545475651,13.277658013866711],[74.723074529261709,13.278738093339213],[74.722678655776775,13.279851511246564],[74.722447685420747,13.280501123299599],[74.722162884428897,13.281302131528056],[74.721949102675083,13.281236774637119],[74.721877135270702,13.281450393824192],[74.721368798513581,13.282959267950767],[74.721220939713078,13.283564443773336],[74.721120827341664,13.283974196336814],[74.720701581138229,13.285690122806384],[74.720549356230549,13.286073053202047],[74.720587863076858,13.287148962462982],[74.720354592300808,13.287163253718887],[74.720082745105302,13.29132876637855],[74.719848801685572,13.295621913725389],[74.719216308563148,13.298982955724256],[74.7190347460634,13.299947752006457],[74.718897034600829,13.300679528483881],[74.718100314839262,13.304851440898936],[74.717494046549461,13.308241824353123],[74.716893596829223,13.310877808816251],[74.716966656858133,13.310880681592977],[74.717204415878172,13.310890030302987],[74.71664100091273,13.313547836890924],[74.715787999861718,13.317592413596023],[74.715539386579522,13.31865161527654],[74.714827930289587,13.321401532667544],[74.714876890347341,13.321408320612818],[74.713786423243747,13.32464569928973],[74.712840027650898,13.326972425407797],[74.711759795686504,13.328739266345805],[74.706472575474521,13.337292838713861],[74.702573958078389,13.340487423819386],[74.699164836568599,13.342852013527759],[74.698443193150908,13.343366799695858],[74.69835804847601,13.343742333515769],[74.698435036599776,13.344090988274978],[74.698478671725908,13.344335861224469],[74.698572664161219,13.344762121429591],[74.699206757413364,13.34497453458895],[74.699473096740249,13.345072049537444],[74.699518688523113,13.345072226558724],[74.699790353521223,13.345073323354827],[74.700184230039895,13.345076690288261],[74.700256063286545,13.345437712895039],[74.700257775991062,13.345446174050354],[74.700367722870453,13.345989030239972],[74.700424848769856,13.346246809601796],[74.700469748247627,13.346504701997684],[74.700519290800671,13.346767168069377],[74.700576491601893,13.34702962599451],[74.700589194728749,13.347090174186102],[74.700635756510238,13.347272523192665],[74.700603781449104,13.34755044490068],[74.700584562071526,13.347810246306997],[74.700553390873765,13.348172360557127],[74.700541934667342,13.348442787753235],[74.700515194287817,13.348713280975812],[74.700503738003505,13.348983705444551],[74.700491677893424,13.349200819055318],[74.699798046922339,13.349263297584878],[74.699796105610616,13.350004924267337],[74.6996443528528,13.350530922011348],[74.699541373882496,13.350909798621807],[74.699483750883104,13.3511225593662],[74.699990061933761,13.351372145178908],[74.69988220207081,13.35161390956883],[74.699774314229117,13.351855719082579],[74.699666408578935,13.352097563785597],[74.699564274390767,13.352339393575651],[74.699462128890886,13.352581241387167],[74.699451728677772,13.35262090510385],[74.699376234153803,13.353234423525207],[74.699374558780676,13.35324652382697],[74.69934080355452,13.3534902123451],[74.699305371026696,13.353746002055351],[74.699275727719595,13.354001748893028],[74.69924608065142,13.354257494812133],[74.699213540242908,13.354513262604737],[74.699180996062736,13.354769033094856],[74.699148449961228,13.355024803572011],[74.699115902857343,13.35528057765422],[74.699083351986246,13.355536350817028],[74.699031473460153,13.356001592459036],[74.699003181206564,13.356250135865908],[74.698970509568497,13.356495836568451],[74.698945077114601,13.356741477143052],[74.698909509266656,13.356987201510426],[74.698884073918279,13.357232842063707],[74.698858639437603,13.357478481705462],[74.698833203976548,13.357724121337718],[74.698807767537332,13.357969759152024],[74.698770729074226,13.358214055741966],[74.698733689607778,13.358458352319118],[74.698675878920184,13.359041981826687],[74.698647623934463,13.359294835653332],[74.698619365187923,13.35954769127461],[74.698591105452138,13.359800547789584],[74.698562844730475,13.36005340248556],[74.698530239770292,13.360306295403756],[74.698497632889456,13.360559188309097],[74.698465026858429,13.360812081204841],[74.698454248314377,13.360895672131363],[74.698353821369395,13.362530856911446],[74.697880082362801,13.365932112679832],[74.697818610637512,13.368361993269636],[74.697622922423733,13.370699989297044],[74.697244727150519,13.372538739446137],[74.697876426896812,13.372672775026469],[74.697871304492281,13.372704262480561],[74.697687631374151,13.373833229811876],[74.697535575589868,13.374767846080536],[74.697258657386541,13.374735779849622],[74.697070271832189,13.374714022720624],[74.69640361680122,13.374637240789415],[74.696364686478717,13.376504707268056],[74.696320099314619,13.377929045162471],[74.696203257037141,13.378650232796399],[74.696104229418609,13.380131170578522],[74.696142091548225,13.380556043040032],[74.696452101440613,13.380557081776329],[74.696351433304898,13.381400166731254],[74.696193981831115,13.384278870126051],[74.696297288675197,13.385902340486988],[74.69644026582111,13.387487042264066],[74.69660793227888,13.389472414606361],[74.696770685596988,13.391059459838415],[74.69654363051437,13.391071626804505],[74.696709828223661,13.394043777680615],[74.696839942872245,13.398290295943143],[74.696770543569912,13.398410979176749],[74.697097150177129,13.407242279172085],[74.697092154608242,13.407906401442716],[74.697088634210544,13.409120630958917],[74.696961515696003,13.409126146984113],[74.696958881194917,13.409789008768982],[74.697075262379428,13.409787055195411],[74.6970812803131,13.410165270774133],[74.696925980985938,13.410180722997374],[74.696880229470565,13.411089693641548],[74.697036703085899,13.411101767671111],[74.696951015922664,13.411368715034703],[74.6969296918151,13.411668503588183],[74.696796103367163,13.411673263931911],[74.69670316444288,13.412193038190949],[74.696686837568564,13.412991718754869],[74.69684860463461,13.413000547671782],[74.696795987336415,13.413630923455145],[74.696750929753847,13.414850804542825],[74.696646289250069,13.41484460592436],[74.696637163093712,13.415551965831321],[74.696988333255916,13.415599173699944],[74.696974825240346,13.415750754515336],[74.696419870052495,13.415688255969716],[74.696106010265808,13.417922375396653],[74.696086722812154,13.417921119691014],[74.695380388327791,13.422822356438774],[74.694363243659097,13.429530236804132],[74.693785935523209,13.434976497484344],[74.693919452156152,13.435001408492763],[74.693963897693081,13.434586356985966],[74.69436289405057,13.434600669723595],[74.694368527000364,13.434600872774919],[74.69500740064089,13.434625168720057],[74.695091584248161,13.434628429995765],[74.695098846747726,13.434632288994408],[74.699874247039446,13.437255364971916],[74.699899713687117,13.436997893303067],[74.699942810810967,13.436562057994214],[74.700081764872152,13.434969028429006]]],[[[74.692550916549507,13.330383247677124],[74.69235712898724,13.330286937662537],[74.692113560260211,13.330308117881735],[74.692042179786782,13.330376205288379],[74.692015332360967,13.33040181414554],[74.691818556751855,13.330614069959628],[74.6916935092937,13.330922489721184],[74.691594294517088,13.331111127646485],[74.691493803543068,13.331395840017425],[74.691466287349471,13.331705507587714],[74.691464663509421,13.331847922871093],[74.691486898747371,13.332062706087671],[74.691534390982227,13.332157708666189],[74.691581851731854,13.332277578606483],[74.691604754990408,13.332420022794564],[74.69174977883948,13.332516274157488],[74.691846354015908,13.332588730392054],[74.691942930173596,13.332661186591821],[74.692186849428481,13.332592534595179],[74.692334800352924,13.332427690871018],[74.692409428589684,13.332285364091373],[74.692581967091101,13.332073077595405],[74.692753548312339,13.331931998449258],[74.692876305396027,13.331838332513671],[74.692950295185611,13.331743477210848],[74.693000363588183,13.331625987025827],[74.693076007018902,13.331364980188759],[74.693053579146465,13.331181782732154],[74.693055074361055,13.331031517577321],[74.69300888804041,13.330816705479274],[74.69286485114587,13.330624380874358],[74.692816722555079,13.33057685018786],[74.692695938160909,13.330480629694847],[74.692550916549507,13.330383247677124]]],[[[74.689105941793542,13.34023522513229],[74.689204145430139,13.340165266332178],[74.689301392377416,13.340165386403267],[74.689569848629091,13.340096766291701],[74.689739781496328,13.340122971942284],[74.689959441256079,13.340076897604911],[74.690105804702341,13.340030734419962],[74.690351007047809,13.339867141190243],[74.690572320273432,13.339654915885857],[74.690744228216403,13.339490102521546],[74.690819497125474,13.339300304744915],[74.690869918998189,13.339134212849688],[74.690848000644706,13.338896824182275],[74.690811912950679,13.338853768394548],[74.690638181926261,13.338013807909572],[74.690738037871739,13.337777697113003],[74.690787471668628,13.337706548793514],[74.690814003130782,13.337492956264549],[74.690840533619877,13.337279362822846],[74.690817950130835,13.337112052516106],[74.690722678674987,13.336920916482416],[74.690626738740463,13.336800988193852],[74.690506939168216,13.3366098221623],[74.6904355873301,13.336442450501201],[74.690364525534193,13.336275080982384],[74.690124580355729,13.335939089395781],[74.689931426137306,13.335795305874592],[74.689663931757295,13.335792717265248],[74.689396468215094,13.335765264631213],[74.689225899201858,13.335787661620849],[74.689030452145772,13.335857499488213],[74.688968729871036,13.335904593289328],[74.688907692483795,13.335951163457807],[74.688758400597848,13.336258420576048],[74.688634653335953,13.336448158268722],[74.688390090396467,13.336564278326875],[74.688193655540289,13.33672905999364],[74.687900614284828,13.336845119968109],[74.687752976234549,13.336986225124077],[74.687725135518903,13.337318497538565],[74.687796834760448,13.337438397057413],[74.687891755060932,13.337677006089852],[74.688035792008108,13.337869333417121],[74.688055091260239,13.33834521217327],[74.688100926399358,13.338607496029871],[74.688097963526005,13.338892327568754],[74.688119239722397,13.339178318301705],[74.688190270325904,13.339369424547652],[74.688285541607158,13.339560562378628],[74.688308761520702,13.3396804021568],[74.688331026395289,13.33987031902873],[74.68833003853841,13.339965262567302],[74.688376861159455,13.340132602815757],[74.688424002362552,13.34027620816271],[74.688568361185389,13.340443669102179],[74.688762502606195,13.340493640423601],[74.68890918683779,13.340423742146093],[74.689007709592104,13.340328918238107],[74.689105941793542,13.34023522513229]]],[[[74.684735066756161,13.34596607018265],[74.684905963082514,13.345919941530452],[74.685098800893456,13.346088594037782],[74.685317476277177,13.346138599435932],[74.685536182466933,13.346164867610286],[74.685732308968042,13.346023823205922],[74.685879633136508,13.345906455248697],[74.685954969247973,13.345669187774302],[74.686127812083981,13.345456905678569],[74.68625124488851,13.345292034654207],[74.68647094054792,13.345222229147165],[74.686740072065078,13.345082405405515],[74.686911636286368,13.344965066770603],[74.687108398358689,13.344776551491583],[74.687377878192393,13.344589254220651],[74.687502618417398,13.344305705078577],[74.687554030949613,13.344044669578089],[74.687605414313566,13.343806240813024],[74.687657496175845,13.343473998465464],[74.687733148354553,13.343212994573973],[74.6877845308221,13.342975695138737],[74.687859195543609,13.342809634705031],[74.687983265722991,13.342597291170417],[74.688058248752412,13.342407494876676],[74.688132594549941,13.342265169234347],[74.688134218703794,13.342122753226652],[74.688135526142972,13.342004074820144],[74.688088096691644,13.341860469081027],[74.687917840943911,13.341859128386393],[74.687698470628121,13.341904070065116],[74.687478140153758,13.342021349210903],[74.687381562635338,13.341948891313207],[74.687309224128001,13.341876463272593],[74.687237873971355,13.341709091700857],[74.687191020792625,13.341566616808066],[74.687045355780654,13.341516704111976],[74.686826334353057,13.341515304305457],[74.686679681320754,13.341561464298488],[74.686557205956404,13.341655128265153],[74.686433106283559,13.341891205437406],[74.686405930583462,13.342153400106476],[74.686403665196607,13.342343286743889],[74.686378117894833,13.342461936947075],[74.686304759702736,13.342509317651229],[74.686158425647008,13.342531742444596],[74.685988171851918,13.342529271057089],[74.685670943054049,13.342597825921692],[74.685499699688989,13.342691427981954],[74.685084553765606,13.342829938861064],[74.684888782474005,13.342922380642161],[74.684887123250419,13.343089661197578],[74.684836377552557,13.343279488425951],[74.684858639050191,13.343469404590962],[74.684807862469384,13.343682967037207],[74.684782633125636,13.343777881269466],[74.684635659454258,13.343847775809923],[74.684416635066611,13.343846372970368],[74.684296168946759,13.343725281534745],[74.684102022640801,13.343676437963396],[74.683761861956725,13.343625149758452],[74.683542170344936,13.343693823555798],[74.683443293261305,13.343836117141269],[74.683465873649254,13.344002298530276],[74.683464213420905,13.344169579944426],[74.683461594828955,13.344406938375661],[74.683386927539701,13.344572998321206],[74.683288690469453,13.34466668999473],[74.683235991887258,13.345023796974528],[74.6832346829286,13.345142476179552],[74.683306671179849,13.345262377257564],[74.683353811763283,13.345404853153104],[74.68340028010239,13.345619666996157],[74.683447450245936,13.345739537940421],[74.683544348902089,13.345788260651528],[74.683617325968157,13.345812087913373],[74.683763694934655,13.345765929418835],[74.683861261588518,13.345743445243471],[74.683980742147909,13.345958349128916],[74.684026253300246,13.346244370171414],[74.684096612886989,13.346506686908107],[74.684094952113156,13.346673967397367],[74.684239693149706,13.34677022180583],[74.684410238526411,13.34677156540233],[74.684581836775749,13.346630492282781],[74.68458346494333,13.346488077299936],[74.684585762669087,13.346274454642755],[74.684635838771058,13.346155836104824],[74.684685307803292,13.346060952969031],[74.684735066756161,13.34596607018265]]],[[[74.686208017574344,13.378553561056979],[74.686235578427741,13.378373144736782],[74.685084606239698,13.378555087217249],[74.683263600493831,13.380456917167541],[74.682504357224531,13.382017170139749],[74.681960321432001,13.384219007022365],[74.684951660369578,13.382621571165906],[74.684674435271148,13.382203133824607],[74.684713490692033,13.380121282980893],[74.685756371972573,13.378924279177861],[74.686208017574344,13.378553561056979]]]]}},
{"type":"Feature","properties":{"KGISTalukC":"1603","LGD_TalukC":5524,"KGISTalukN":"Karkala","KGISDistri":"16","SHAPE_STAr":723266127.222,"SHAPE_STLe":183686.43981800001},"geometry":{"type":"MultiPolygon","coordinates":[[[[74.849831711175327,13.153044200750619],[74.849953928753109,13.15302426996249],[74.850210377833534,13.152982675422619],[74.850659413928682,13.153253485445783],[74.850912491337837,13.153406112963628],[74.851114169371414,13.153528501899233],[74.851376948454487,13.153687969871681],[74.851883420413856,13.153868073197037],[74.851954111763888,13.153893612214855],[74.85239691353371,13.153922730011963],[74.852645277515194,13.154254690134664],[74.853130143735797,13.154551579845979],[74.853181516405513,13.154583035799705],[74.853258462434383,13.154630162678336],[74.853366477174163,13.154718565858094],[74.853252483671469,13.154820098697138],[74.853206375182438,13.154849015850713],[74.853221704888114,13.155313649637954],[74.853217574884283,13.155395605619848],[74.853377048208543,13.15541838452784],[74.853376809320082,13.155820328037647],[74.853453706293081,13.155831138014706],[74.853424057672527,13.156423269996509],[74.853148904875141,13.156800463346155],[74.853090314626712,13.156871932239069],[74.853081050063693,13.156883242825224],[74.853037332153804,13.156936649518915],[74.853013398274612,13.156965912082065],[74.852994790616265,13.156988675171741],[74.852969182561949,13.157020019278633],[74.853138947480716,13.157034723782932],[74.853304748541348,13.157049085006165],[74.853872331803217,13.157133953947158],[74.853962664988174,13.157336838540026],[74.854059862689581,13.157555140982168],[74.854211338587362,13.158707625143803],[74.855114129027626,13.158996228997276],[74.854853477097606,13.159819851746363],[74.855249609279866,13.15993644880272],[74.855595731896685,13.160038324752133],[74.855677152630605,13.160265239787954],[74.856109069127001,13.160378943019165],[74.856170061672614,13.160412790103296],[74.856256626559301,13.160555658873831],[74.856274783607276,13.160585627100755],[74.856343190622965,13.160698527614134],[74.856510817344343,13.160975181373743],[74.856159009755189,13.161313146239268],[74.854908841136151,13.162514113729939],[74.853418153737834,13.164080407852852],[74.853392239326737,13.164285928985073],[74.853225768000243,13.165606151058016],[74.85291097471125,13.167804104729354],[74.85253233303915,13.168800044334635],[74.852199570251557,13.168914125701745],[74.852090019431841,13.168960099224558],[74.852030585547922,13.168985040546982],[74.851982957002775,13.169037324357864],[74.851850241397287,13.169088007350712],[74.851750967467083,13.169104849685814],[74.851475002114839,13.169151668091617],[74.851392113398987,13.169223070888082],[74.850987062406787,13.169571995904564],[74.850972279154519,13.169598325615906],[74.850529313168906,13.170385684910075],[74.850489474227302,13.170611324458481],[74.85111685928986,13.17069647145558],[74.851166505019464,13.170703135692406],[74.85121802348425,13.170759583065848],[74.851302711877025,13.17085235376169],[74.851353953760864,13.170908479936321],[74.851755641757521,13.170831397430032],[74.851836175322049,13.170845456308509],[74.851872515097398,13.170838800254375],[74.85190051193139,13.170833673904315],[74.851992738955929,13.170840289308684],[74.852063027602483,13.170845328572895],[74.852181738492092,13.170853840030762],[74.852163606935804,13.171027068048968],[74.852302299402609,13.171088959307513],[74.85270202299553,13.171070195151472],[74.852856088154667,13.171100046258339],[74.852857733225335,13.171123670012289],[74.853378482079606,13.171261047129565],[74.853679646864364,13.171437003893553],[74.854129094571647,13.171444902568867],[74.854177352564307,13.171451728202467],[74.854225488265456,13.171459374822964],[74.854273484145679,13.171467836994895],[74.854321328209153,13.171477114711562],[74.854369006616622,13.171487204348155],[74.854416501835445,13.171498105894832],[74.854463800027418,13.171509813918291],[74.854510889198778,13.17152232479482],[74.854557752739723,13.171535638515127],[74.854604376813029,13.171549747837449],[74.854650749426042,13.171564647329555],[74.854696860434274,13.171580327039013],[74.854742695998368,13.171596783341151],[74.85478824228052,13.171614009898409],[74.854833483595257,13.171632003989371],[74.854905381684844,13.171662454820098],[74.855089705586906,13.17163632286727],[74.855338342783597,13.171823591930538],[74.855690271322729,13.171765385943127],[74.856448397510803,13.171982935084859],[74.856806470475604,13.17184133498742],[74.857321452434505,13.173778472687877],[74.857322160525428,13.173781137022782],[74.857254557506621,13.173766001943218],[74.856745687005372,13.173652077620362],[74.854016933486264,13.173362585179877],[74.853982096371141,13.173403935109144],[74.852839961635624,13.174759591816853],[74.852594226444864,13.175065993775753],[74.852536916189138,13.175137452280412],[74.852233869810448,13.175515312365059],[74.85216292592159,13.175566555503574],[74.852103585795575,13.175609435512381],[74.852103078956574,13.175609797827086],[74.852115544235673,13.175629791799073],[74.852668680076192,13.17651494603613],[74.852709291784876,13.176580235890883],[74.853001482644927,13.177049983071678],[74.853082579441207,13.177181514777038],[74.85346150210944,13.177811703603876],[74.853464659573945,13.177817048659961],[74.853501421690211,13.17787927980029],[74.853731850558901,13.178297571201185],[74.853962280205451,13.178715861485374],[74.854206951390381,13.179190622334019],[74.854707561282368,13.180206180305602],[74.854963428431475,13.180705830982246],[74.856014601041181,13.182552328080815],[74.856591215579527,13.18357209083146],[74.856017827904338,13.183870259929121],[74.855382993062761,13.184195702510698],[74.854907566150075,13.184432166340837],[74.853929717924871,13.184908840354352],[74.853807609588799,13.184970387662894],[74.852557837171219,13.185608973677027],[74.851753529428763,13.186099499981742],[74.851118043321151,13.186457672752665],[74.851085252463122,13.186537327690559],[74.85082626251085,13.187178053056948],[74.850768234226578,13.187236432395766],[74.85020709522631,13.187274699615216],[74.850167930830509,13.187334516755261],[74.850147000362654,13.187366659854897],[74.849986651315703,13.188665283461406],[74.849988954786795,13.188818136573405],[74.84998952572937,13.188862536765571],[74.849999520771988,13.188975257180939],[74.850002118905934,13.189005059351349],[74.850137674218445,13.188978624069144],[74.850195889414906,13.188968863206666],[74.850222021726694,13.188952598261173],[74.850271140068841,13.188921995301261],[74.850298716095153,13.188902079806784],[74.850341849107963,13.188870912698235],[74.850393548113885,13.188873066979465],[74.85043144713849,13.188901846239725],[74.850526224573983,13.189093307144271],[74.850559775432657,13.189171746475475],[74.850597497021752,13.189196479967823],[74.850892069190621,13.189371086966808],[74.851047765651757,13.189374217615521],[74.851044432732579,13.189481708167376],[74.851303158818396,13.189937415187506],[74.851324380055686,13.190212243448505],[74.851324061109494,13.190219276563736],[74.850991102206621,13.19050772246654],[74.851068640281497,13.190532109198655],[74.851284572539555,13.190599777976649],[74.851385534367594,13.190818915074237],[74.851348413028077,13.190922822349682],[74.851346971729697,13.190925518003709],[74.851359009757843,13.190961886007967],[74.85135954018584,13.19096683168941],[74.851359983860164,13.190971784554563],[74.851360333401729,13.190976738269379],[74.851360602650786,13.19098169736314],[74.851360779612804,13.190986657307624],[74.851360879977577,13.190991616303418],[74.851360876058052,13.190996576142993],[74.85136080845372,13.191001547700925],[74.85136063011268,13.191006507439301],[74.851360377032677,13.19101144543219],[74.851360037200067,13.191016388800296],[74.851359608772384,13.191021332116993],[74.851359093612828,13.191026246447214],[74.851358491700111,13.191031167056884],[74.851357801202681,13.191036070434322],[74.851357031345387,13.191040962914638],[74.851356168299418,13.191045820979188],[74.851355229574622,13.191050685329632],[74.851354196731762,13.191055526114813],[74.851353078082568,13.191060333392761],[74.85135188376934,13.191065122541701],[74.851350595330345,13.191069900784958],[74.851349232159421,13.191074645527408],[74.851347781331526,13.191079364899831],[74.851346236390981,13.191084051664452],[74.851344627783575,13.191088720307016],[74.851342931528507,13.191093348207213],[74.851341147614249,13.191097954354401],[74.851339287131609,13.191102511627362],[74.851337351904988,13.191107055293102],[74.851335322575522,13.191111550074448],[74.851333223129515,13.191116009549118],[74.851331040652866,13.191120423762809],[74.85132877698527,13.191124802663413],[74.851326455197281,13.191129148072813],[74.851324032845838,13.191133445498304],[74.851321552381648,13.191137696773014],[74.851318987968284,13.191141895552153],[74.851316348823488,13.191146059926215],[74.851313639575793,13.191150166387194],[74.851310858370169,13.191154230306383],[74.851308000600511,13.191158238117259],[74.851305073640404,13.191162205196466],[74.851302080277051,13.191166100800906],[74.851299011265965,13.191169951148625],[74.8512958832236,13.191173748110971],[74.851292678618279,13.191177487156507],[74.85128939653039,13.191181162859111],[74.851286454341803,13.191184367641821],[74.851286073864742,13.191184791516866],[74.851282678338521,13.191188344174799],[74.851277726009329,13.19119330385505],[74.851363536290577,13.191363809433975],[74.85142032829053,13.191495711765926],[74.851428108544425,13.191491856010297],[74.851934315509155,13.191241204535418],[74.851989175318792,13.191380754726717],[74.852006088653368,13.191423785358813],[74.85220060257069,13.191778093629289],[74.852225725069005,13.191811599032027],[74.852497535047661,13.192174338610492],[74.852576302406007,13.192413866977169],[74.852807397967027,13.192878933663188],[74.853169242494744,13.193752321120527],[74.853546354657709,13.193744244950128],[74.853616501433095,13.193742844560653],[74.853855868761556,13.193967864125362],[74.853877479642279,13.193968068154469],[74.854149368193646,13.194113028746504],[74.854625414876097,13.194366200585382],[74.854942968230588,13.194534838858448],[74.854999163594726,13.194542069449254],[74.855211143047583,13.194569188603014],[74.855247222143419,13.194573779098793],[74.855400471393295,13.19459318958425],[74.85648785085651,13.193835593624199],[74.856632991169477,13.193622587964132],[74.856846394726162,13.193310744537678],[74.856935933926664,13.193186821106481],[74.857071064326888,13.193147932151668],[74.857573804865211,13.19304826926345],[74.857842916279012,13.19299447896586],[74.858396279282658,13.192882313172065],[74.858547333092318,13.192689995412296],[74.858739171760291,13.192636368568007],[74.858761191368515,13.192597990530276],[74.859034792361058,13.192124524594123],[74.859216103367174,13.19182891183914],[74.859275075664428,13.191756213131326],[74.859307618139951,13.191749259189574],[74.859373294095633,13.191736311033363],[74.859439151268361,13.191724380247452],[74.859505177650234,13.191713486718752],[74.859571346490256,13.191703610538832],[74.859637624555177,13.191694770678781],[74.85970399801414,13.19168694723731],[74.859770449321076,13.1916801619069],[74.859836948956925,13.191674393873472],[74.859845949125287,13.191673766721683],[74.859903476606519,13.191669665732279],[74.859970006438658,13.19166596300108],[74.860036530148349,13.191663285675389],[74.860102998824928,13.191661632824212],[74.860184519818006,13.191661010882976],[74.860896449050017,13.191722880526738],[74.861069245972132,13.19183081130978],[74.861399350677615,13.192707020485145],[74.861505369971752,13.192987771476878],[74.861519086502526,13.193024073005905],[74.862047546074919,13.194420821971258],[74.862097869077502,13.194553649867075],[74.862363443058129,13.195254823242017],[74.861535529754576,13.196996764542574],[74.861385765743591,13.19734140743682],[74.861306964178553,13.197538887632222],[74.860892383649812,13.198649334411057],[74.860615284969484,13.199355178398696],[74.860302358153135,13.200169062801695],[74.859992366949882,13.200971413677134],[74.859581074522382,13.20201946431364],[74.859533922992952,13.202137723154852],[74.859514534533616,13.202186198675152],[74.859452081239965,13.202341375262902],[74.859265172636697,13.202728745883469],[74.857713477780592,13.204541903194732],[74.856749306436527,13.205746087850516],[74.854934010199358,13.206093696407144],[74.853868218804251,13.206379169208148],[74.853830660432038,13.206383843557527],[74.853802599651047,13.206387320667519],[74.853123184823772,13.206582322135104],[74.85181065728807,13.206932054659584],[74.851554203835903,13.207004221997405],[74.851264717871729,13.207096091672767],[74.850982779925644,13.207188590252276],[74.850869711276587,13.20722667670085],[74.84950694098923,13.207670388797087],[74.849502289616368,13.207674608929826],[74.849475479728724,13.207683246877998],[74.848780854959855,13.208267511057882],[74.848774789079201,13.208271133533387],[74.84847288905722,13.208451265979905],[74.848471374794059,13.2084553233764],[74.848239261808857,13.209076167953839],[74.848084250300829,13.209069147589682],[74.847390535838926,13.208850922636246],[74.847285725132508,13.208817857551221],[74.846982854166839,13.208912231788618],[74.846020607102957,13.209334090516395],[74.845958967992075,13.209390084621736],[74.845011447676114,13.210283967142244],[74.844252979185171,13.210675958274992],[74.844204335303246,13.210810434624785],[74.844365279841668,13.210907236189696],[74.844171655095408,13.211109880105942],[74.844137451334873,13.211309937200179],[74.844059567942963,13.211312941604623],[74.843975480630831,13.211564251215666],[74.843886609756012,13.211571253806776],[74.843852084956907,13.21167479331549],[74.843590289967949,13.211663888172133],[74.842592138944426,13.210616258662602],[74.842359354274578,13.21053451639998],[74.842254156821795,13.210327580895909],[74.842517943290318,13.211213185117964],[74.843049727314707,13.212979224683986],[74.843070366025898,13.213047491318155],[74.84307856385567,13.213074612202202],[74.843856256211211,13.21633497385448],[74.843867722129687,13.216382896342406],[74.84390106152803,13.216431905528173],[74.844106177235716,13.216733258259167],[74.844276552125081,13.216807722423567],[74.844763971928842,13.216736426243729],[74.845103334197489,13.216948088951819],[74.845115727546613,13.217138587404383],[74.845085326250981,13.217179237794149],[74.845118006310628,13.217173751585776],[74.845548241079882,13.2171019129025],[74.845798500399439,13.217396296239246],[74.845995844614706,13.21775287186983],[74.846060076694641,13.217944011852328],[74.846301395513464,13.218290402875033],[74.846399292111613,13.219176622820466],[74.846493776648146,13.219281425553282],[74.846384571770741,13.219441899318188],[74.846383425177905,13.219442317298773],[74.846395369357921,13.219493941969079],[74.846496125491015,13.219691920021555],[74.846416378278576,13.219791555222674],[74.846065513868936,13.219954580979671],[74.846049617254977,13.220122712795533],[74.846016662935142,13.220466203414471],[74.846272513526856,13.220652146138283],[74.846419303115454,13.220456931904156],[74.846467211458204,13.220704245016368],[74.846592775265094,13.221003693321839],[74.846826256812832,13.221069539045629],[74.846834264086809,13.221071794528486],[74.846844471215462,13.221108911197128],[74.846899699478755,13.221310122539984],[74.84682287437299,13.221586698452779],[74.846742356174857,13.221622464058969],[74.846902219588301,13.221825898349769],[74.846830564171583,13.221900978081049],[74.847038088784856,13.222040736192534],[74.847172471320377,13.222230333557553],[74.847189952026866,13.222668544203382],[74.848049591088753,13.222632472261026],[74.848413613457936,13.222617188537544],[74.848448211466774,13.222689005850409],[74.848944547365605,13.223712859052162],[74.849143912803314,13.223640812843604],[74.849336880985049,13.223786599111801],[74.849355945367478,13.223772977824972],[74.85029463847242,13.223101225971275],[74.850734688826023,13.222920339623967],[74.851529180417401,13.222592837676283],[74.851656507261694,13.222483983413859],[74.852130785945349,13.222078329753145],[74.852303382827586,13.221894056758826],[74.85270972789165,13.221408574120355],[74.852754804039506,13.221193747643534],[74.853027024992144,13.220778569761134],[74.853088223471119,13.220685266973392],[74.853206206354642,13.220616386300456],[74.853216881451303,13.220596409328982],[74.853793338466033,13.220201366444922],[74.854177539585251,13.219931406591149],[74.85427430278537,13.219768990879983],[74.854651011557493,13.219382630489267],[74.854994016619912,13.219135749635562],[74.855077646396424,13.219110263627856],[74.855206517836123,13.219012103923301],[74.855430077958047,13.21884442622053],[74.85572213637451,13.218833075479248],[74.856083588963585,13.218719787146995],[74.856202794383321,13.218683216548275],[74.856602395330611,13.218459818945677],[74.856731878154235,13.218348318344107],[74.856868477420889,13.218307233192409],[74.856878734151778,13.218301268144135],[74.857041909900133,13.218042029343566],[74.85735833751508,13.217887395941597],[74.857499100128635,13.21804789628313],[74.857530081135266,13.218083287050831],[74.857588424767059,13.218149942258174],[74.857638164650496,13.218206830338271],[74.857767242906476,13.218354488143724],[74.857777048490718,13.218365694589513],[74.85776865574644,13.218431340562159],[74.857763381181428,13.21847241064815],[74.857966689163064,13.218617395958645],[74.858105726579439,13.219772737885659],[74.858237240076491,13.219964690764996],[74.858338096950064,13.219952304123586],[74.858567584505153,13.219234449997584],[74.858887825760107,13.219169304507352],[74.861019453275901,13.218771703961295],[74.861880656532264,13.218612236919098],[74.862884187887161,13.21850564722515],[74.863112277941283,13.218567848258289],[74.86307016386813,13.218709978066279],[74.863065956457831,13.218724135527525],[74.863051310516042,13.219012459028335],[74.862913869098165,13.219189223114],[74.862757307366962,13.219248457300505],[74.862629358712013,13.219411430118186],[74.862264538616017,13.219604676418518],[74.862059258747038,13.219712273268629],[74.862333552686479,13.220276689087019],[74.861925350158231,13.220607921455827],[74.862036829929082,13.221161555885619],[74.862056100479677,13.22127052615553],[74.861980240720257,13.221451200344772],[74.861627638765981,13.22232291295777],[74.861147835686879,13.22344737351534],[74.861118603436182,13.223516414583242],[74.860681831972386,13.224623036675991],[74.86024992229963,13.225756043046456],[74.860200303099873,13.225835138090421],[74.860141604582196,13.225923536541291],[74.859287647438066,13.227020151463522],[74.859255258687654,13.227063104652757],[74.858154660773252,13.228361310424285],[74.855698972931549,13.231225996330442],[74.85550574593762,13.231625310100394],[74.855282151174663,13.232261996382652],[74.854973411967933,13.233159195442083],[74.854951706014063,13.233257705071912],[74.854568507044931,13.235015947573723],[74.85452385350591,13.23521673404024],[74.854517681388316,13.2352444033667],[74.855220586680105,13.236290094255551],[74.855234082769115,13.23630976487588],[74.856012146679092,13.237291779804712],[74.856933012047065,13.238771154248449],[74.856970708095716,13.23877306615455],[74.857104323858152,13.238781950177614],[74.85705453407509,13.239302294247734],[74.857019297792462,13.239708709734566],[74.856947522118389,13.239940153614233],[74.856875976653043,13.240172310148075],[74.856675118992499,13.241381306645104],[74.856112427753189,13.244900020945291],[74.856192235083441,13.24501991004337],[74.856423974531722,13.245365909618201],[74.856470998245385,13.245580580148621],[74.856568234393777,13.246022212654164],[74.856695774972025,13.246142717075363],[74.857310245413984,13.246857064917895],[74.857454134017274,13.247027515406792],[74.857716216052282,13.247336740343821],[74.85822839936786,13.247931678535103],[74.858178799844239,13.248563978878416],[74.858175379441434,13.248607679465183],[74.858159399820991,13.24881193472511],[74.858130755767064,13.249197316315536],[74.858138991457324,13.249224526210755],[74.857949153567631,13.24968762354135],[74.856652134682236,13.250270308749784],[74.856590814940176,13.250363129178377],[74.856061737419381,13.251179597392241],[74.856006549166622,13.251267978540586],[74.855394591382435,13.252117138719786],[74.85491220383723,13.252766789214808],[74.854842321654047,13.252841496690257],[74.854686276520042,13.253054588729395],[74.854576507462127,13.255063267877063],[74.854569149407368,13.255161107275848],[74.854415390981984,13.257391616191439],[74.853184824785728,13.258174949729],[74.852620614007634,13.258504577320522],[74.850771064702556,13.259732718565733],[74.850430606085851,13.259974930632065],[74.849876791343391,13.260427560625601],[74.848040009180067,13.261908637802685],[74.847886421616707,13.262000083493309],[74.84521254314771,13.263642582126694],[74.844888437713024,13.263493808694934],[74.844853392659317,13.263477749589059],[74.844400544378146,13.263941088102248],[74.844583902614559,13.263925676684432],[74.844665889543862,13.264136246038092],[74.844816243996902,13.264520673761213],[74.844901690746212,13.264724772517109],[74.844951298888404,13.265493195549228],[74.845214770657165,13.265558023113307],[74.845222157455268,13.2655977476876],[74.845410812543548,13.265632680316266],[74.845439579737729,13.265955327856966],[74.845989062449817,13.266329733324907],[74.846004417033399,13.26634023099823],[74.846065042773702,13.266339088475984],[74.846177704194019,13.266337058628499],[74.846439977779298,13.266837482260033],[74.846570158999356,13.26692517886787],[74.846591914907549,13.26693987879211],[74.847088497739975,13.26758421390017],[74.847326369987897,13.268053563688222],[74.847498969878174,13.268076720876707],[74.847717008843489,13.268545411887734],[74.847846385591495,13.268996458506244],[74.84778176977261,13.269397229602328],[74.847778266192407,13.269459808837031],[74.847778211196214,13.269460659703343],[74.847765456519596,13.269687978699382],[74.847883764777322,13.270102629830234],[74.847998790221524,13.270182395432759],[74.848011295742992,13.270605055599496],[74.848172034554608,13.270882856490744],[74.848204730537233,13.271105534826413],[74.848208079443324,13.271128389926634],[74.848151914493741,13.271176597285219],[74.84784315262776,13.271441170198962],[74.847790667478435,13.271486098150257],[74.84760098642478,13.271648244251317],[74.847508069532239,13.272469525000417],[74.847493467436479,13.272597239718609],[74.847476419813475,13.273396691089715],[74.847611075034109,13.273762543346169],[74.847895432381563,13.273798934803965],[74.850191117393678,13.27320914002625],[74.8507042344187,13.272991725916512],[74.851053113919505,13.272844690219305],[74.851080906273538,13.272891308786605],[74.851308598151036,13.272975748595847],[74.851593125388248,13.273279184496051],[74.852097311212631,13.273558061674752],[74.852564571935901,13.273939632034109],[74.852892371051439,13.273993373007276],[74.8530399406621,13.274012413060291],[74.853351486086595,13.273925304450476],[74.853621387906799,13.273916447917737],[74.855370390909201,13.273800103238793],[74.855478651253634,13.273791831108401],[74.855696738025742,13.273632319358486],[74.856140331196841,13.273539178393628],[74.856267450933856,13.273490149371364],[74.85643448132214,13.273425468509719],[74.856661212306335,13.273413010823099],[74.857051517762599,13.273260489638293],[74.857266017680843,13.273272879667841],[74.857382937263026,13.273606123280407],[74.857729616083134,13.273490045034102],[74.858037983957388,13.273386256331108],[74.858041118752482,13.273385200105336],[74.858294631684785,13.273217025043587],[74.858302110432817,13.273212063966289],[74.859090301731285,13.272619386314361],[74.859168371635079,13.272592246817172],[74.85944161196511,13.272571991491159],[74.860037087986782,13.272373557890036],[74.860131201066537,13.272521451756655],[74.859982017042213,13.27317302488887],[74.860198736218791,13.273380986685972],[74.860252658929454,13.27425612052823],[74.860200706011994,13.274658163169091],[74.860196068377974,13.274694539505123],[74.860205388155876,13.274697298965037],[74.860364029994599,13.274744712607232],[74.861173208540549,13.274911650798733],[74.861854503298687,13.274977625413468],[74.862227797739507,13.274990195907248],[74.862824347381206,13.275545179384288],[74.863118772601382,13.275865546257188],[74.863100009505459,13.275989642677143],[74.863093048729098,13.276035705047436],[74.863091235345067,13.276047680863854],[74.863007698504362,13.276598637953327],[74.862849665626001,13.276885960611306],[74.862718364920994,13.277096533084574],[74.862312624865837,13.277350363981503],[74.862452794111292,13.277535244878319],[74.86247689176308,13.277535987620546],[74.862778912394106,13.277545229185373],[74.862810950130708,13.277738871658803],[74.862826819537247,13.27774264188567],[74.862824718824513,13.277649708283395],[74.863273821835094,13.277869804560297],[74.863437800480042,13.278127125398054],[74.863531912500846,13.278304359983766],[74.863915492130914,13.2790259495196],[74.865477537237567,13.281988596121096],[74.865780268160819,13.282565292790741],[74.866343629002202,13.283590824630307],[74.867226195594512,13.284709566429802],[74.867279911168112,13.284777645545462],[74.867913179848827,13.285493856586042],[74.868240385972427,13.285970118932182],[74.868386269045459,13.286179303896999],[74.870386561798327,13.28905504767871],[74.871150740797233,13.290150969914416],[74.871169773430978,13.290175366248709],[74.871725353201981,13.290886932079321],[74.874148805988838,13.294140936296252],[74.873963366408745,13.294379020979907],[74.869666278742329,13.29986731379025],[74.869460367924731,13.300131080545571],[74.867564237151967,13.304573790431306],[74.867336370769365,13.304514740867861],[74.866531617918341,13.308427263625621],[74.866647267548075,13.309705418867141],[74.867630258753323,13.312360206200761],[74.867688887600778,13.31239826215676],[74.867771315827312,13.31251502353421],[74.867829037248001,13.312578353609062],[74.867922847444177,13.312589463148122],[74.868827279934322,13.312697119392295],[74.869401563354629,13.313065245968895],[74.869420930733639,13.31320194831533],[74.869640601999777,13.313340350414945],[74.869605614657658,13.313413985232348],[74.869659944613204,13.313551258899516],[74.869711194827218,13.313680835828199],[74.869612140050521,13.314359095428097],[74.869870446118668,13.314470566056636],[74.869870771713067,13.314599137555701],[74.87024428666119,13.314766666840294],[74.870346229673999,13.314812356259875],[74.870413391667228,13.314842467608345],[74.870542642322192,13.314436340107436],[74.870586276108725,13.314386095219708],[74.870583616579609,13.314110325497511],[74.870691333911807,13.313983734149531],[74.871025816520586,13.31380070000308],[74.871407632045987,13.313483119243633],[74.871337534488291,13.313065848531334],[74.871390141671284,13.312891392446357],[74.871230991859647,13.312552154763832],[74.871332423187809,13.31235718886253],[74.872375662264147,13.311834142925463],[74.872582136943734,13.311730644171032],[74.873252036669058,13.311585746172819],[74.873895735800446,13.311747136495599],[74.87439462011163,13.311598631215473],[74.875019901282471,13.311859744510999],[74.875035788771171,13.312009410766297],[74.875095544408893,13.312582152729373],[74.875174874227952,13.312737919460144],[74.876162855866085,13.314707960297067],[74.87632124523175,13.314971800171616],[74.877800443904505,13.317446610730865],[74.878534552762972,13.318607021985173],[74.877717650639383,13.321043620891063],[74.877806449089064,13.321508877145982],[74.878009252845715,13.321188037417741],[74.878278920557278,13.32103229358766],[74.878546056500085,13.320877564629516],[74.879722381813323,13.320191380317089],[74.881025545276188,13.319472394087287],[74.881635702591183,13.319098823499623],[74.881710112043848,13.318641684177811],[74.881781199749952,13.318612973960933],[74.882038187640404,13.318508276693466],[74.882069686866672,13.318418318688042],[74.882661760890329,13.318123232196806],[74.882581371459722,13.317600662889109],[74.88256696066405,13.317507162444462],[74.882962177285009,13.317619147857163],[74.883463180358234,13.317768967014395],[74.883634745583393,13.317785468622651],[74.884030894870619,13.317817819328688],[74.884078793649238,13.317669790529644],[74.88438678522121,13.317440291781498],[74.884673385280394,13.317220247700417],[74.885496270814656,13.316591764494504],[74.885857853957873,13.31631702323685],[74.886377940111316,13.315919706548616],[74.886983470497867,13.315449863615612],[74.887554509606673,13.315001266426318],[74.887940066828406,13.314698873607421],[74.888061065252273,13.314390839703528],[74.88894674123857,13.31214525597639],[74.88971307807148,13.309889322917137],[74.891039788850335,13.309258045290237],[74.891571915445994,13.309232300152436],[74.892966048887558,13.308933678914858],[74.895248446563173,13.308440080970156],[74.896233431760479,13.308449846724498],[74.896468224687354,13.308452204909802],[74.896506776270797,13.308492020212993],[74.896593510916958,13.308581603264669],[74.896628274935708,13.308617505228442],[74.896651290366407,13.308641278243902],[74.89668568892651,13.308676813830429],[74.896752543360662,13.308745871342682],[74.89676738413597,13.308803785456087],[74.896769457258614,13.308811822356061],[74.896870196785471,13.309233385999057],[74.897940717918232,13.309292358322812],[74.907308861760001,13.311381361737277],[74.912856885486008,13.317349601910987],[74.914860418619227,13.319428263237748],[74.915735595285113,13.319799234561954],[74.916141515042739,13.320134694046363],[74.91636460081439,13.320318472894817],[74.916767149730063,13.320271689136424],[74.916760759768295,13.320256492957515],[74.917005306627132,13.320429793519377],[74.917057070502125,13.32083479159415],[74.917155715172882,13.32195128282331],[74.91707718915039,13.322275752078268],[74.917009917868995,13.322553950983428],[74.917137058380163,13.322814958524797],[74.917281637204553,13.323061538072105],[74.917453917246135,13.322976026950643],[74.917456500187029,13.323045993085429],[74.917783649781342,13.322793473101049],[74.917835336575408,13.323371948216129],[74.917663569995497,13.323642487909666],[74.917198759302778,13.32437387161017],[74.916874732294119,13.324913902892623],[74.916432620972287,13.325649986473893],[74.916248287214501,13.325989205868149],[74.916202355710467,13.326340555213397],[74.916127432645197,13.326914591310283],[74.916051967571832,13.327450046541834],[74.915778125467668,13.329403986300177],[74.915725286854183,13.329623859177653],[74.915693752833846,13.329755166256078],[74.915661838695883,13.329888116220621],[74.915640490448368,13.329977070812543],[74.916616349195976,13.329580935908551],[74.918420811380244,13.32885676875207],[74.920649652425311,13.327820834864983],[74.921168541429196,13.327518391816971],[74.922366257690811,13.326674009850644],[74.923014182514635,13.325985711856477],[74.923296193918858,13.325237868337782],[74.92342669956966,13.324930608966532],[74.923527135988039,13.324873954640331],[74.924479592828547,13.324338108327751],[74.925204906122531,13.324129795284042],[74.925753993142422,13.324251835555508],[74.926686301148237,13.323823672783682],[74.926747972006837,13.323792985027225],[74.930987109843997,13.322374273124057],[74.936233842456446,13.320507183505711],[74.937653859880371,13.32004525525072],[74.938275859666646,13.319828020378013],[74.939454451616086,13.319637090762825],[74.941331928737142,13.3197838651153],[74.942546926557426,13.320056079447467],[74.94532218078794,13.32068704490238],[74.946582251237899,13.320992793654975],[74.947307484089762,13.320490614180541],[74.947506668260303,13.320535226761899],[74.949064116649822,13.321139578527758],[74.949261217183107,13.320929422642454],[74.949489114694288,13.320685263929064],[74.949609610165211,13.321019189882227],[74.949664721731551,13.321175511068727],[74.949682718665017,13.321391239460016],[74.949710549081502,13.321738263097046],[74.9498149340385,13.323002050896589],[74.949475122494093,13.324114566484193],[74.949109706567015,13.325552931362283],[74.948725284478257,13.32736617588553],[74.948528882359199,13.328259553354362],[74.948173191580267,13.329880541210386],[74.947723515210399,13.330977794749888],[74.946947422863175,13.33484074990424],[74.946862564732271,13.335104617868124],[74.946735311879024,13.335506461487691],[74.946509670823502,13.336188699649691],[74.946394049918155,13.336456948346095],[74.946334903014716,13.336566731398827],[74.946012442971991,13.337174094029692],[74.945920995103776,13.337339272447167],[74.942054479285986,13.344801727472719],[74.939813174400669,13.347213040602037],[74.938908428395521,13.348048958526002],[74.939012713255707,13.348312729804839],[74.941007571025679,13.355038698132711],[74.941307125327,13.355023579088007],[74.941402396696546,13.355020542078066],[74.942829628304409,13.354975003914973],[74.943539168997546,13.35495238870004],[74.945564738326581,13.354955108038217],[74.946449069111083,13.354705623248625],[74.946574568876883,13.354651715067279],[74.947388895216747,13.354301327248098],[74.948540767171451,13.353920178913986],[74.948569725825436,13.353928572584381],[74.948859203496013,13.354012551583956],[74.948953232737807,13.353928333660736],[74.949082541087677,13.353988155691386],[74.949052977087675,13.354109541216379],[74.949254278900696,13.35413665385199],[74.949391808648841,13.354052929152129],[74.949863835364923,13.354052683911743],[74.94989861190794,13.354052706163685],[74.94985359914439,13.354787855935381],[74.949846174273475,13.354913272536873],[74.949836941002658,13.355070974895975],[74.949960872028953,13.355165478684954],[74.949907141989058,13.355298194252915],[74.949975605288756,13.355340663957204],[74.949514309668189,13.356549794820726],[74.949659466575469,13.356632478149475],[74.949765703892524,13.356866795777103],[74.949764743931112,13.356909154098199],[74.949844704262702,13.357192990233191],[74.949834830266909,13.357255484351755],[74.950036030406622,13.35729613020162],[74.950084898800384,13.357167022517183],[74.950286698719751,13.357182857578035],[74.950263521352895,13.357360654964538],[74.950224594873873,13.35765893282508],[74.949694446030961,13.357536045918424],[74.949250636280524,13.358937864445281],[74.949369965597668,13.358982631330216],[74.949913906929808,13.359187288997438],[74.94997473258654,13.359424642106056],[74.950262879469733,13.359520511870231],[74.950242235533196,13.359632769060044],[74.950310755438394,13.359666619401137],[74.950223199687883,13.36012199769552],[74.950346459349646,13.360292903594328],[74.950919204724855,13.360475931558275],[74.950917936944464,13.360548049453007],[74.950997608046237,13.360570756031843],[74.950912222650018,13.360961827694172],[74.950911646486531,13.361052645526851],[74.950881380504526,13.361106327453699],[74.95084653718817,13.361271462228002],[74.950840811427724,13.361298783812199],[74.951464341854674,13.361503752877326],[74.951495150955722,13.361513914367089],[74.951495586373241,13.361608758998765],[74.951467205996252,13.361913217685483],[74.951458785784141,13.362008281252676],[74.951531492412812,13.362122794414116],[74.951421255135884,13.36239575065485],[74.95042472837288,13.361898721406671],[74.95004435539488,13.362257395352827],[74.949961331907858,13.362828417448846],[74.949972606924391,13.362842845110647],[74.94997130682998,13.362850750675074],[74.950423600526761,13.363477970282663],[74.950315174106876,13.363643375368746],[74.950340291551413,13.363668174715908],[74.950291992376748,13.363771842440901],[74.950327571236414,13.363811345070562],[74.950395521400949,13.363886814085239],[74.950879351252738,13.365812723889807],[74.950908228532256,13.365929477548802],[74.949828323707351,13.366860460622885],[74.949701753665053,13.366967055094849],[74.948086174216499,13.368159219796594],[74.947940213020559,13.368274598659177],[74.94707684394939,13.368413519668975],[74.944923561628784,13.368752423529378],[74.942936707478879,13.369126391548825],[74.942893192521765,13.369136278698283],[74.942648550746981,13.370181057059551],[74.942556570359486,13.370574695726161],[74.942320298541418,13.371588511475352],[74.942344983872601,13.371675021708903],[74.942261982679852,13.371872283743357],[74.942268010571368,13.371996993174733],[74.942281035986298,13.372266306550129],[74.942065748110466,13.372317904208625],[74.941534182068679,13.372445636762466],[74.941284291445712,13.372564438288666],[74.941094475306798,13.37291784545679],[74.94069478055178,13.373198715468671],[74.940765492033108,13.373186098827023],[74.940812935357883,13.373332730538227],[74.941239485337235,13.37330352971353],[74.941232971176291,13.373560205365941],[74.940956575075646,13.374152825637102],[74.940621042068386,13.374424250252792],[74.940622978964683,13.374449884241182],[74.94065384842115,13.374859829988672],[74.940910932778323,13.374922138382283],[74.940580817171025,13.375329381760764],[74.940496018671055,13.375647589988784],[74.940658256257734,13.375661293046253],[74.940690459662122,13.375972605853311],[74.940480017975915,13.376136410097219],[74.940625806190354,13.37668584989699],[74.940759242225383,13.376812175233797],[74.940782389211094,13.376897224868559],[74.940951798504187,13.377410488439105],[74.940946915535619,13.377774685398524],[74.940946304516643,13.37781480749492],[74.941515938649587,13.378670386005274],[74.941844986713974,13.379491866791652],[74.942004754099031,13.379692665659157],[74.941995907807353,13.379983125956823],[74.94213520145145,13.380126727479183],[74.942104121530534,13.38054232107466],[74.942476306327578,13.380956169283595],[74.942423863569019,13.381238750913058],[74.942369904316081,13.381275932002575],[74.942308978817195,13.381742196254779],[74.942307736186834,13.381751650750513],[74.942769793976822,13.382095549461996],[74.943681398955974,13.382794642798036],[74.943979428510005,13.383018601708594],[74.944766936486033,13.383115222571387],[74.944763889943474,13.383036495682616],[74.945214085980055,13.383092186574926],[74.945295257839419,13.383157911968626],[74.945459141082594,13.38329043092196],[74.945497323597934,13.383363558159319],[74.945924240382865,13.383381489664835],[74.946462738643049,13.382947829214924],[74.94699332918097,13.38266550570445],[74.947528547970933,13.382824793288838],[74.948096349965624,13.383139534176186],[74.948488126061477,13.382303791364869],[74.949331919396528,13.382301711193934],[74.950173444993126,13.382013647791618],[74.950403393180309,13.381417289503585],[74.950620417839886,13.380850617512852],[74.951066756140932,13.38086977298553],[74.951125209379924,13.380872265536974],[74.952833701490434,13.380612440616195],[74.953222569326513,13.380555778732434],[74.953627340746465,13.380389952426562],[74.953664733082718,13.380374846640226],[74.953874271341277,13.380616668202295],[74.953980732985329,13.380582493588633],[74.954034966088201,13.380669055033589],[74.954898766672628,13.380608685859112],[74.955711584235914,13.380805069591462],[74.956030340993891,13.381280358202375],[74.955846633262126,13.381390475841235],[74.956195255755389,13.381878692901687],[74.956391340453337,13.381934320653981],[74.956662516110626,13.381782072600561],[74.962130812591397,13.383594673354425],[74.966282296441619,13.384929522637314],[74.966160870030492,13.383365813615422],[74.965866669070124,13.383115219660986],[74.965966249716018,13.381421015061143],[74.966807833375,13.380320796745151],[74.967409473220897,13.379497910056418],[74.96791594623663,13.379345594190912],[74.968226694736799,13.379255408776494],[74.971050623370971,13.382322637660339],[74.973246794507261,13.385034284025636],[74.973585097724211,13.38501000989228],[74.975285760831568,13.384891026861737],[74.980093233685366,13.384119144904455],[74.980177507789946,13.384058156612406],[74.982253863379327,13.382534534779021],[74.98285778282802,13.382104174044507],[74.984767547712778,13.380781076027496],[74.986362553771514,13.379723746733674],[74.9863653393964,13.379721922117641],[74.987866846368505,13.379046197590869],[74.988667047795843,13.378699479369921],[74.989013697265079,13.378551118911933],[74.990663408904993,13.377866544203062],[74.991994465244218,13.377343784265699],[74.992196272886517,13.37726888381245],[74.992916497820886,13.377010803611636],[74.992980540956822,13.376789946236171],[74.995237278565071,13.373567406139042],[74.995282160243832,13.373497142592996],[74.996338263085022,13.371998319926293],[74.997127868657401,13.371157426098055],[74.99803518128077,13.370413028164288],[74.998267520356407,13.370184769333989],[74.998720686110389,13.369735462322062],[74.998792110561695,13.369663770460782],[74.998763797019464,13.36957540291715],[74.99874859202464,13.369533216165282],[74.998295082003125,13.366727329868878],[74.998294112297884,13.366726825293149],[74.997200148226653,13.366048449387538],[74.996838784884645,13.365769538616449],[74.995621359212791,13.364789863119926],[74.994799490376806,13.364147723481359],[74.996413390527124,13.363490256991255],[74.997124804272644,13.361730070447745],[74.997224890250962,13.361466874423051],[74.998061063990306,13.359274725998455],[74.99821701005078,13.358964286693672],[74.99925420499477,13.35689874873931],[74.999510113822083,13.356387696322166],[75.00023017932682,13.355050697489567],[75.000498549455742,13.355033822955967],[75.001151326729612,13.354998028033183],[75.001524392448374,13.354529137970465],[75.001701997517188,13.354305831298243],[75.001792998724682,13.354191322287171],[75.00167289648256,13.354011921454999],[75.001438887313924,13.353663758944872],[75.002195182286997,13.352102891436861],[75.002609857457827,13.349870075636469],[75.002744794044759,13.349819762808345],[75.002781138816914,13.349806364183275],[75.002863886719865,13.349776179494453],[75.003744313857197,13.350221754740886],[75.003892340427512,13.350219535296734],[75.00543273452837,13.350469167751092],[75.0054946298837,13.350540008744863],[75.006742616073495,13.35199275715085],[75.00843318833715,13.352353395237488],[75.008782360124286,13.352541183695509],[75.009133203951308,13.352729062033657],[75.009473912045181,13.352912759928939],[75.009990133893979,13.353282483009481],[75.010328745859496,13.354001487591331],[75.010406876498493,13.354222126930718],[75.011437331906478,13.354592357072207],[75.011740021768958,13.354759680408618],[75.011999956127013,13.35490209612618],[75.012322920809098,13.35490155706306],[75.012595384529973,13.354899804796535],[75.012679714574233,13.354899148627837],[75.012893223094622,13.354901650752879],[75.012940141716527,13.354900376085535],[75.014364327493794,13.355111456305496],[75.014399392976458,13.355106745902367],[75.015756899001858,13.35489278906379],[75.019613396093177,13.354127276666143],[75.020259238731484,13.353964341169219],[75.021437584170201,13.35373161316725],[75.023498594898598,13.353345666976848],[75.02396534615454,13.353259784920954],[75.026019056920859,13.353734914094574],[75.026106413057832,13.353496332271932],[75.026156987428593,13.353358105709287],[75.026156738125692,13.353349873472775],[75.026149332371944,13.353114922902153],[75.026106516412597,13.352876947655611],[75.025768571471914,13.351784756095748],[75.025609188431162,13.351254898962591],[75.025405722643427,13.350595463023096],[75.025285177275208,13.350212799579836],[75.024992223807857,13.349580655104775],[75.024665146136314,13.348793611537575],[75.024224414747835,13.34772901339624],[75.021827445033281,13.341935612487671],[75.021827425559081,13.341739265074358],[75.022485040928473,13.337362646752423],[75.022682883473522,13.336121735118635],[75.022822737624097,13.336063315388383],[75.022824516524892,13.336057763145698],[75.022960245205198,13.335632048119351],[75.023094649521198,13.335063416723315],[75.023259100663665,13.335071161955407],[75.023421859381315,13.33456286371505],[75.023461767326907,13.334438579265425],[75.024163492649564,13.332530075050544],[75.024698585642227,13.331210201738818],[75.025078336257408,13.330276914184982],[75.025640487076174,13.32958343783201],[75.026619784071102,13.328412348801926],[75.02723550933986,13.327670273408822],[75.028372069659298,13.326328563190215],[75.028790416433182,13.325836253967752],[75.029554917543692,13.324981675502752],[75.029698809964401,13.324984647251604],[75.029762118711261,13.324912504299048],[75.030281397019522,13.324897616826183],[75.030377691514204,13.324894432312711],[75.030493693642782,13.324412734140957],[75.03009304186196,13.324427296950876],[75.029986737257602,13.324272873786546],[75.03004408116584,13.323829875523844],[75.029016733218853,13.323550153521548],[75.029047200526037,13.323254823269117],[75.02889314743426,13.323095823259646],[75.028907924970255,13.322629016654808],[75.028908778676836,13.322602267970845],[75.028828255319794,13.322536187382401],[75.028821188766429,13.322543590366195],[75.028696139171061,13.32267488338608],[75.028559080279109,13.322555330911422],[75.028643880798398,13.322340569475347],[75.028534481775196,13.322066116923162],[75.028906162495943,13.321829774737488],[75.029081621175294,13.321842525410176],[75.029212792711277,13.321755480911795],[75.029439779343633,13.321697957121151],[75.029535913063995,13.321673754584385],[75.029740867884129,13.321493031876782],[75.029847666961729,13.321398868037392],[75.030413705494226,13.320899791062457],[75.030564647664619,13.320766704557951],[75.030703381491548,13.320644491225156],[75.030802635933611,13.320557096195479],[75.031028815249343,13.320574150827426],[75.031185161128789,13.320454262614664],[75.031436389691663,13.320282095173171],[75.031700735348224,13.320076520171391],[75.031832587649347,13.319970539251024],[75.031980662394773,13.319851650776322],[75.031984820135051,13.319379639460809],[75.031984921198827,13.319368763139796],[75.031985199795272,13.319366814447886],[75.031993911749012,13.319072548080682],[75.031998589920491,13.318914513678314],[75.032291629020662,13.319436739230733],[75.033239313732196,13.319444298555974],[75.033496938944481,13.319368437993583],[75.033734188297871,13.319298577761472],[75.0338653653764,13.319259950674743],[75.03422698996215,13.319380643863465],[75.034474547763651,13.319463266882803],[75.03461440164709,13.319769624624664],[75.034638842122817,13.319823161878809],[75.034636617242811,13.319903905292881],[75.034626273182383,13.320282524817383],[75.034986529829908,13.320727563074772],[75.035121540921779,13.32073143451635],[75.036282842205708,13.320764728452785],[75.036626311410544,13.320774574340687],[75.037480841876857,13.32079906873032],[75.037666945197742,13.320982094637952],[75.037974861258974,13.321000483699079],[75.037998967364061,13.32098858379381],[75.038090335842071,13.320943477922539],[75.038128250611322,13.320924760608918],[75.038198335444548,13.320890162553619],[75.039262374657056,13.321007040818555],[75.039317886096555,13.321013137718055],[75.039339526616743,13.321017434974243],[75.039340507853893,13.321015622707367],[75.039341010175434,13.321015713054436],[75.03952866884751,13.321049466650939],[75.039553714641443,13.320655323245555],[75.04017780410102,13.320643323543459],[75.041069274110441,13.320650551462119],[75.041192514730184,13.320717054381443],[75.041214823230646,13.320729092644617],[75.04188864626677,13.320972531883003],[75.042021112877876,13.321014201296295],[75.042053534160871,13.321016088521949],[75.042204052319093,13.321024851040454],[75.042842418957221,13.32106201094766],[75.042900184644836,13.321116587083109],[75.043055391117676,13.321242119387547],[75.043165691726784,13.321319222238522],[75.043275617475032,13.321396062872635],[75.043430550701245,13.321504361815908],[75.043527300784575,13.321635778723078],[75.04361615431317,13.3217564680359],[75.043623823752256,13.321766786006023],[75.044137490164985,13.322457845337798],[75.044984371543904,13.322886808855142],[75.045211223732309,13.322806067073813],[75.045307128587993,13.322858194385503],[75.045336419775239,13.322874114785533],[75.045428013073035,13.322924002996892],[75.045505465469702,13.322966188606394],[75.045533453687369,13.32298143283896],[75.045627242660885,13.323030419048008],[75.046168255689608,13.322772380680869],[75.046248900617215,13.322733916443411],[75.046268025462084,13.322724794514766],[75.046633117312723,13.322550661648307],[75.046924369599253,13.322388631719056],[75.047017438276086,13.322389163380777],[75.047029982742629,13.322406476516758],[75.047098075945144,13.322500704698724],[75.047274351362873,13.322522994223151],[75.047627848765643,13.322567692991967],[75.047665554478414,13.322601417106364],[75.047722231278442,13.322652108589971],[75.047886372821239,13.32264568374255],[75.047960576584956,13.322642778853407],[75.048081325422231,13.32241136057543],[75.048454781305821,13.32239105701451],[75.048529612670009,13.322164752667675],[75.04875073685902,13.322197454963057],[75.049314776942367,13.322280869686148],[75.049945958583095,13.322520540409023],[75.050240784083968,13.322632489718824],[75.050855906174746,13.322866059474245],[75.051033894371258,13.322933643475247],[75.051256643102661,13.322980636714727],[75.051931783845603,13.322871382928918],[75.052291376974395,13.322822309697031],[75.052551898595439,13.322786756913846],[75.053478314364838,13.322337217901296],[75.054638544791402,13.322187540169914],[75.054752448221578,13.322180167708687],[75.055212768020823,13.322141523524754],[75.063943533583867,13.321408407115644],[75.065495529190116,13.321278055650488],[75.068926340212926,13.3209898686966],[75.070725938255279,13.320838684439149],[75.079098017204601,13.320135173430943],[75.082948282711527,13.31981153973901],[75.092066720640389,13.319044854092965],[75.093270275073408,13.317697043470494],[75.093577238282222,13.317353284564312],[75.094657751895141,13.316118616878741],[75.095015336440653,13.315690983683654],[75.095303112208072,13.315346831975802],[75.095389291804707,13.315217228067768],[75.095542748289191,13.314986447799573],[75.094548206759313,13.315109273225366],[75.094552726683034,13.313206295950723],[75.095991766143769,13.310189049939291],[75.0969905449507,13.309188567046553],[75.097593042651383,13.308585036058988],[75.097474520243694,13.307936585919505],[75.097454273060734,13.307825808728717],[75.098145734751881,13.307008336763902],[75.098278347136102,13.306142654335204],[75.099139871721135,13.305551923868151],[75.099611286253193,13.304479319221118],[75.099616572739166,13.30446728702009],[75.09992774760893,13.304081208785618],[75.100303365264779,13.302904638190521],[75.100478688484415,13.302355458227069],[75.100801886611166,13.301343071221002],[75.101185366805154,13.300580319379701],[75.101616445546441,13.299727818348233],[75.101783567090962,13.299141857604022],[75.101500895672558,13.298498612491002],[75.101424983603835,13.298326054109191],[75.101881616450314,13.297548821089647],[75.101956239227704,13.297421967481812],[75.102114160798124,13.297182232795786],[75.10248737768751,13.296712060111528],[75.103053018389602,13.295976483173387],[75.104043108211286,13.295610327457508],[75.105305094371488,13.293974063121221],[75.105370552890321,13.293385468036954],[75.105975705448103,13.291831746368125],[75.106633812075003,13.291005063045699],[75.106964997707948,13.289438988396887],[75.107468499212146,13.288921136577345],[75.107292131587016,13.288011269640629],[75.107480239543875,13.287686962377231],[75.110768228261932,13.287263568123132],[75.113798374002172,13.285527461265065],[75.114457395117711,13.284499101309633],[75.114771056670975,13.284009654089795],[75.115571493743047,13.282760613871824],[75.115621183041569,13.282626423191026],[75.116113314489624,13.281297357416298],[75.117402377436349,13.277816002896724],[75.119707916134516,13.277782439085035],[75.122858559550622,13.277646030950338],[75.127526342260126,13.281215281932925],[75.12900223008107,13.281822384290361],[75.13039541229044,13.282395454569759],[75.131340138187809,13.282293017545387],[75.134002560044664,13.282004314854763],[75.133895307297493,13.28180068180542],[75.133791709816364,13.281603990518848],[75.134012382524531,13.28179313121751],[75.134234977676201,13.281983919152662],[75.135693615940255,13.283358708491491],[75.136675723091045,13.284280687584008],[75.137683001567311,13.285210301802111],[75.138181294735389,13.285681181848403],[75.138297373881258,13.285789751697692],[75.138539011633469,13.286015758566149],[75.138929666359246,13.285886028225924],[75.139872883378843,13.285572817788324],[75.139921875005001,13.285556590334826],[75.141235717819754,13.285121403774772],[75.141658223104599,13.284981454373728],[75.142121243056494,13.283993803181495],[75.143355218514088,13.281361612052587],[75.143885139211974,13.279544289936972],[75.144826312189338,13.276339292158328],[75.14663304840731,13.271856220561094],[75.147857079501037,13.270392857267968],[75.149947921246508,13.26780580600826],[75.151200730006948,13.264520212530014],[75.151633152603509,13.263411994055911],[75.151742680406642,13.263146059390731],[75.152430341619663,13.261476403846052],[75.152753014217936,13.2596247388308],[75.152786426039583,13.259433011361468],[75.153018716995192,13.258100025647579],[75.153351942777661,13.256747136970434],[75.15396021913206,13.254298653400197],[75.15473761219458,13.24990048745418],[75.155734584673681,13.245860619379332],[75.15587349538184,13.245613289642076],[75.156086320038014,13.245247728072535],[75.156132845323199,13.245167813524416],[75.156319618345648,13.24484700643459],[75.156354673099145,13.244786796179017],[75.157087990044317,13.243527107038084],[75.157390078745891,13.243008176280997],[75.157340925444913,13.242964547502615],[75.15747879279597,13.242496309751584],[75.157532530390938,13.242313802243014],[75.157579865712918,13.242153027839379],[75.15751334726437,13.241621466572949],[75.157420684003057,13.241186754081816],[75.157424277332694,13.240873335509834],[75.157503412036775,13.240552393089907],[75.157517091595864,13.240278007542509],[75.157626494818118,13.239955937787947],[75.158047038165947,13.239617257110643],[75.157934488519459,13.238938825007191],[75.158152352914968,13.23863251412612],[75.158392641378413,13.238123693699757],[75.157950348398913,13.23718290268401],[75.158731887539787,13.236483797640565],[75.158786305403495,13.235667673666001],[75.159322506789024,13.235049208473479],[75.159431499083468,13.234465713416286],[75.159933586846009,13.232848350803936],[75.159942318121153,13.2323423637801],[75.160005543607056,13.231934217977212],[75.160554183768923,13.23118366454996],[75.160490011991655,13.230592650288315],[75.160519512800462,13.229948717276237],[75.160832432997935,13.229567253363243],[75.160761615277295,13.229139464460381],[75.160744752577173,13.22873343317039],[75.160641536334566,13.228271007292175],[75.160602704796887,13.227619997015651],[75.1611349193481,13.226442775527035],[75.161452318475838,13.225740706123144],[75.162109786888877,13.224734006930811],[75.16293099646812,13.222533469629452],[75.162877400133709,13.222032007876704],[75.162984909456497,13.221767232913008],[75.163131379329457,13.221576013007518],[75.162755620127697,13.221230344083491],[75.162897146615819,13.220782182177514],[75.163062725292789,13.219700434576451],[75.163299411094172,13.219165731671298],[75.163854058150747,13.217369287077885],[75.163991133948755,13.217145413758097],[75.164076023706897,13.216727305905385],[75.164145915126738,13.21649977176356],[75.16414697813687,13.215564766933088],[75.164672488248883,13.215251790857678],[75.164588653508417,13.214898070191428],[75.164384117898877,13.214333299296596],[75.16468654118394,13.214060027524555],[75.164911163684138,13.213727633932958],[75.165052323206254,13.212690572264576],[75.165266067562712,13.212675742883979],[75.165295111929751,13.212636235375582],[75.165580406047297,13.212248103586877],[75.165614011925641,13.21218047713853],[75.165665341945584,13.212077190827623],[75.165826483416396,13.212007606322842],[75.16600369593057,13.211931081092889],[75.165973926094694,13.211809081351999],[75.165916335689388,13.211573164617301],[75.166063418164299,13.210886030076489],[75.166456677969009,13.210767483737452],[75.166848860973943,13.210134923642048],[75.166869797531689,13.209615535698061],[75.167425114290253,13.209241725325072],[75.167423496888745,13.209215374626119],[75.167394829843801,13.208748335557361],[75.167595351104424,13.208318984981442],[75.167884294473936,13.207700302407241],[75.167927413294919,13.20760797785514],[75.167892242488634,13.20743928799423],[75.167861397818285,13.207291349718854],[75.167650146457035,13.207293894395685],[75.167463590535576,13.20729614151886],[75.167152860913248,13.207000571382242],[75.166856290390072,13.206575563070144],[75.166856276527795,13.206575535951565],[75.16644017109013,13.205467771302368],[75.165682277742206,13.205117870900249],[75.165667417834101,13.205111010900401],[75.165572999826566,13.205067420032607],[75.165568114227298,13.205065164366204],[75.165279560296909,13.204931945343152],[75.165035263742837,13.204579508107722],[75.164302708280573,13.203607150258538],[75.164569289229632,13.202727225704669],[75.164703790104781,13.201112738057406],[75.16477500692325,13.199924637757976],[75.164838182702312,13.19935846968394],[75.164923400999143,13.198594765664883],[75.165284579069436,13.198423320394916],[75.169491176225094,13.196426463381083],[75.174476863491449,13.194059643957043],[75.177628240799876,13.192563540030985],[75.179452294748117,13.191697551442257],[75.184672057627139,13.184870172582604],[75.185221904243946,13.18415095233553],[75.186031315530954,13.183092390269946],[75.189466696795762,13.180950080221848],[75.190920804512047,13.180826091810047],[75.191175522560982,13.180804410620064],[75.192156934409226,13.180169498090558],[75.193775832565493,13.180668037800151],[75.195324791655224,13.180279185294504],[75.195459596177031,13.179623978335318],[75.196083125449377,13.178892268906347],[75.19681042111911,13.178038725932129],[75.199029076494796,13.177492314544436],[75.201156781260806,13.178145356432436],[75.203954454693474,13.176316502978688],[75.206190554380427,13.172319739164328],[75.20643625544497,13.169897816230149],[75.207834104790678,13.16902253431449],[75.207791111270879,13.167783284656988],[75.207786003242845,13.167636063484839],[75.207550776228175,13.160424193708899],[75.207145536312282,13.158733102524621],[75.207135690315638,13.158692043713145],[75.207034321844958,13.158270208976585],[75.206979635010839,13.158265049064193],[75.206979497518859,13.15826504465371],[75.206920069244703,13.158259403868755],[75.206923491866448,13.158267316057959],[75.204606058240827,13.158359394753763],[75.204296504145915,13.158368872715128],[75.193555089609276,13.158697520385871],[75.193534693620592,13.158697915543655],[75.192128441074303,13.159225698684827],[75.190321093003391,13.159904003935747],[75.1882275569467,13.160616176465233],[75.188143687215032,13.160629384905967],[75.185948982559808,13.16088253129128],[75.185681124566429,13.160908275777327],[75.185075907287342,13.160962909283359],[75.184525026828794,13.161012556044465],[75.184480294058901,13.16105499960938],[75.183373451265965,13.160197159468726],[75.183376898636865,13.160169834902687],[75.183602193570522,13.15867301843925],[75.183575531401161,13.158621599776604],[75.183536262176034,13.158545868335537],[75.183499533238802,13.158475037046838],[75.183155718997497,13.157811985931403],[75.181922406442297,13.155433491080487],[75.181843522626693,13.155281358717989],[75.181620953221227,13.154852119002156],[75.178989664853063,13.149777364469607],[75.178759965808396,13.149697550932819],[75.178707132935443,13.149679193276006],[75.17854353234361,13.149622346918772],[75.178447951333482,13.149541484991472],[75.17363570035198,13.145470168466993],[75.173401172754438,13.145271744525155],[75.16928765775954,13.141791391693008],[75.169036015807492,13.141540261163673],[75.168823988276628,13.141195452151161],[75.166626043136318,13.137620991931025],[75.166059869164656,13.136680621612209],[75.164817216640415,13.134616646158303],[75.164641992548553,13.134325605067348],[75.16273340205494,13.131155452441062],[75.162530902018815,13.130819096510141],[75.162374886223176,13.1305575484824],[75.162308266175742,13.130445138631616],[75.162150777422937,13.130179401046478],[75.162094830458543,13.130084999968531],[75.160574112059763,13.130817157341655],[75.160515533582014,13.131383923952109],[75.160286732976985,13.131350909192044],[75.160282682113035,13.131358726324295],[75.160163098606873,13.131589536110535],[75.160157765942856,13.13159982809205],[75.160156141981346,13.131588266339055],[75.160155553389529,13.131584078176273],[75.160128680888448,13.131583252130488],[75.160105505489881,13.131582539526788],[75.160083557230209,13.131581864136452],[75.160021637452559,13.131579960301192],[75.159379735800812,13.13156021901843],[75.159393378617537,13.131462465558624],[75.159523800833,13.130527931240149],[75.15955748637694,13.130283514356275],[75.159422371239827,13.130364485003776],[75.159455430430967,13.130171618539249],[75.159026679556135,13.130423464190422],[75.158936759970757,13.130476282374893],[75.158916247286513,13.130334727802172],[75.158903099495589,13.130243994389595],[75.15885924131355,13.130237316383072],[75.158769483881855,13.130223648732976],[75.158750229132792,13.130118420182482],[75.158732590996749,13.130022025247452],[75.157942080304167,13.129958404139783],[75.157850756727825,13.129951054285451],[75.157710059483918,13.129028712612445],[75.157697645209851,13.128947330526774],[75.157531695603467,13.128951288822471],[75.15690645520624,13.128966202214533],[75.156400402924078,13.128362271270067],[75.15603257550454,13.128408454425431],[75.155980291730884,13.128365847558991],[75.155948680945343,13.128340136908678],[75.154611383829618,13.127252437372942],[75.154466669191123,13.127134731753761],[75.153543419048773,13.126385574911955],[75.152854620805485,13.125551484899994],[75.152725404366777,13.125395010671163],[75.152341436136126,13.124931218935977],[75.151803719804875,13.124704683930492],[75.151752925819409,13.124683284719946],[75.151042269482147,13.124383704384261],[75.150511246437333,13.124152824077836],[75.150429104575736,13.124117110402885],[75.150334887521566,13.124134468454534],[75.149471485012043,13.124293525964349],[75.14892618238909,13.123783711684085],[75.148798227821274,13.123664084209301],[75.14875094866305,13.123619881445034],[75.148692578090575,13.123565309594733],[75.148693607190182,13.123555209316999],[75.148720453982122,13.123292292783061],[75.148214086073537,13.123506920695416],[75.147844718334298,13.123695805171211],[75.147755620216458,13.123741474444046],[75.146448055108195,13.124411692481949],[75.146444964358821,13.124413276695638],[75.146441676477451,13.124415380971113],[75.146287520438563,13.124514056497881],[75.146270677061395,13.124524831287246],[75.144950145447865,13.125369604825446],[75.144605463128315,13.125748630392252],[75.14429864107143,13.126085937930519],[75.144266210463996,13.126121591197178],[75.144168227994825,13.126609115625641],[75.144160658758409,13.126631229932441],[75.143899132099961,13.127397892352658],[75.143898879728994,13.127398629465814],[75.143898590508201,13.127399461546904],[75.143925663830544,13.12739267078833],[75.143985443211648,13.127377676370157],[75.14407231992098,13.12735594811916],[75.144117263793021,13.127344732738957],[75.144199718404167,13.127427549347704],[75.144273928375327,13.127502303645132],[75.144393017587731,13.127622513418093],[75.144768077927722,13.127853960632306],[75.1447504180219,13.127923541627657],[75.144701693750847,13.128115514516686],[75.144742104270904,13.128164774876231],[75.144758331132323,13.128184640483806],[75.144768597220704,13.128197209351066],[75.144832284106457,13.128275178616924],[75.144828312324009,13.128283298394972],[75.144793658279823,13.128354142257685],[75.144635112897674,13.128678260352119],[75.144740061743349,13.129378528171655],[75.145007650751836,13.129497997579154],[75.145080027334771,13.12953020450985],[75.14515274724647,13.129562564046235],[75.145158481079804,13.129565115346773],[75.145510727620987,13.130792282038126],[75.145593359743117,13.131410232736108],[75.145092073205475,13.131854889070251],[75.144875973746196,13.132042920550994],[75.144740671833631,13.132159975366816],[75.14420982717175,13.132037096049853],[75.143733875568856,13.1320503321536],[75.143721239238658,13.13198882150677],[75.143686483576488,13.131819631281868],[75.143640777498206,13.131597133805693],[75.143459869769103,13.131329305218308],[75.143531863732775,13.131266069056021],[75.143635984308077,13.131174701501049],[75.143625048218965,13.130290204790317],[75.143624498309265,13.130245711887014],[75.143565227066759,13.130242467921036],[75.1427273459622,13.130195968525264],[75.14263971410935,13.130741741666007],[75.142627395520108,13.130817765112683],[75.142608540023559,13.130807447104614],[75.142183142722374,13.130574672768088],[75.142168937752217,13.1306019232587],[75.142024522990681,13.130878965194007],[75.141752771206228,13.131400284395562],[75.141752768471491,13.131400342269696],[75.141743469158456,13.131418043760656],[75.141660069470689,13.131400039752474],[75.141091774288597,13.131277359048021],[75.141073822097511,13.131325256693817],[75.1409082068988,13.131767140854359],[75.140616201288182,13.131992833891086],[75.140367213922588,13.132185154025043],[75.140083153458107,13.132305573600647],[75.140061767090799,13.132285411202098],[75.14002183514981,13.132248266944552],[75.139904355535734,13.132138988629984],[75.139743058327042,13.131994799782186],[75.13934010453886,13.13189879147011],[75.139061388253069,13.131834620420323],[75.13899318992172,13.131873726728374],[75.138927631329551,13.131911324191703],[75.138823579459398,13.131970997311894],[75.138633833078913,13.132079827843301],[75.138618633690811,13.132088535013821],[75.138540454022163,13.1320090953706],[75.138525509529558,13.132016592498433],[75.138313931558969,13.132120860799873],[75.13829725011702,13.132129083160493],[75.138158869804613,13.131973751359322],[75.138083180373016,13.131892366982704],[75.137880795906199,13.131674752278284],[75.137989236064328,13.131185538243976],[75.137490430742872,13.130959658809276],[75.137441744726189,13.130891465619543],[75.137290699700728,13.131254517192053],[75.137151922291892,13.131626939309305],[75.137099388582627,13.131767918855472],[75.137021483077916,13.131962282239328],[75.136520375731848,13.133219220568636],[75.136409422850747,13.133254952476479],[75.136256113072491,13.133304336683528],[75.136061811403749,13.133177157668456],[75.136059529792036,13.133175664133089],[75.136052675744509,13.133171208851042],[75.136050287073246,13.133169656595291],[75.136048750312327,13.133168658200496],[75.135986693835065,13.133128416166558],[75.135919891522065,13.133085275758082],[75.135764763710739,13.132982738606495],[75.135506839923053,13.132814282507509],[75.135498490733468,13.132808966237901],[75.135154283107198,13.132589798176827],[75.135119129907736,13.132604369802362],[75.135104882844416,13.132610269442774],[75.135095614182475,13.132614109276719],[75.134884895025436,13.13270141040047],[75.134701491004478,13.132777394706151],[75.134187078207887,13.132728817170619],[75.133258347090077,13.132641110963021],[75.13324603993793,13.132630923611243],[75.13311320251249,13.132520968313534],[75.133054485841882,13.13247236575936],[75.132987784528851,13.132416754780198],[75.132860324385419,13.1323099895117],[75.132288978488546,13.132108458421438],[75.132095424385753,13.132159152125761],[75.131987138444757,13.13218751284907],[75.131893867364653,13.132211937724311],[75.131593207897694,13.132290703531538],[75.131523974474689,13.132277040290425],[75.131191346441412,13.13221057877349],[75.130728981797205,13.132118193424665],[75.130683625433136,13.132149556318916],[75.130477232940549,13.132292271956393],[75.1303039714373,13.132412050366447],[75.130291222276952,13.132944049439004],[75.12998579323542,13.133314190157112],[75.129938222221398,13.133312257366839],[75.129889970270028,13.133310282411317],[75.129911311616269,13.132449303695749],[75.129791102536373,13.132415585714943],[75.129786349560518,13.132511417101986],[75.129769398248243,13.132853236959145],[75.129454789862166,13.133210766349574],[75.129406963960491,13.13320833805445],[75.129358432209102,13.133205864892318],[75.129395005173919,13.132372405128029],[75.129114800696215,13.132295751572892],[75.129254401653299,13.131083545721991],[75.129418498986709,13.130512475206324],[75.129329063769106,13.130471805839576],[75.128649449908963,13.130162760077232],[75.128552701695114,13.130101774454323],[75.128176346268035,13.129862913664127],[75.128088669654773,13.129807268429294],[75.128064424928056,13.129791880937365],[75.127781087131225,13.129942519673566],[75.127602134745686,13.130038357905779],[75.12738349204416,13.130155452222935],[75.12730722613432,13.130118429746432],[75.127149020586714,13.130041629533199],[75.127063483503122,13.129998098174861],[75.126913551440367,13.130555745564964],[75.126887321043256,13.130653306512288],[75.126723931359209,13.130690656122917],[75.126652858537582,13.130706902695689],[75.126536958811968,13.13053672361595],[75.126441446433788,13.130396479053788],[75.126048993401028,13.130647867034899],[75.125940155635419,13.130717821474423],[75.12580662134404,13.130803825004337],[75.125539263895504,13.131326835205256],[75.125456902039005,13.131477134540551],[75.124989351013653,13.131472451028763],[75.124697794139081,13.131469400441016],[75.124665268546011,13.131470107960032],[75.124318150751066,13.131477552478323],[75.124046572600662,13.131483308040586],[75.123742445182415,13.131860869327838],[75.123657217122485,13.131966676233047],[75.123578813508985,13.132090353446598],[75.123486015112363,13.132091147629895],[75.123348191791166,13.132092327784303],[75.123248206923648,13.132093161497144],[75.122586907879665,13.132104290546089],[75.122379256705813,13.132123802960713],[75.122184837371364,13.132192258359956],[75.122034843854308,13.132244903252412],[75.12193332118575,13.132317454996556],[75.12143868404975,13.132670942843976],[75.121205078003612,13.133006100527886],[75.12113963428169,13.133099795562273],[75.120873468385994,13.133277283313099],[75.120445072091599,13.133562084853981],[75.120389163682816,13.133599252618716],[75.120172161334708,13.133797985748659],[75.119959818599483,13.133992178943416],[75.119742785840714,13.134474221067482],[75.119706617372429,13.134962886706687],[75.119695386490051,13.135101303465937],[75.119707427590726,13.135126939073054],[75.119762018643783,13.135245360029822],[75.11977727140092,13.135287859499821],[75.11988056336871,13.135631040616673],[75.120137904909228,13.136496162116037],[75.120194206939303,13.136695821818869],[75.120321151127257,13.137136405813312],[75.120582684739176,13.137982632975232],[75.120661195578649,13.138224649438298],[75.119863383042528,13.138851798697761],[75.119409188212558,13.138833143489228],[75.119294153653669,13.138927562755459],[75.119241887491398,13.138970461586952],[75.11913942375881,13.139054379207131],[75.118767122750938,13.139359291614548],[75.118667948515281,13.139440386236011],[75.118556092344676,13.139516298020817],[75.118490860241792,13.139560548215776],[75.117571834716188,13.140183005166129],[75.117123574644381,13.140486609799883],[75.116262301373894,13.141068624383539],[75.116318874934706,13.141375070645344],[75.116345359789065,13.141518535808569],[75.116379796782951,13.14170404636733],[75.116131768562454,13.142029255382228],[75.116071876234372,13.142107694434273],[75.115781049668783,13.142488584152039],[75.114936349639137,13.143591813152661],[75.114724807599941,13.143868097576727],[75.114535285438791,13.144115248514222],[75.114479215112837,13.144188369343308],[75.114059966670851,13.144722407264908],[75.113607004466644,13.145297778649125],[75.11350316774886,13.145429676464861],[75.113381148709905,13.145546470266458],[75.113184338098762,13.145734804920721],[75.11308634725178,13.145828576395145],[75.113041020059256,13.145988478524734],[75.11299646108742,13.146145644920965],[75.112979429778576,13.146177605334314],[75.112646343047359,13.146802773225394],[75.112645163922949,13.146804987370249],[75.112102970757135,13.147200882398087],[75.111844990022746,13.147389251734234],[75.11178813613526,13.147430715982425],[75.111538686099479,13.147612642971154],[75.112167607703299,13.147917239567004],[75.112271346906155,13.148041810313686],[75.113184018219499,13.1491405530757],[75.114046195334041,13.150182599693801],[75.11422025651845,13.150392972525179],[75.112527605798505,13.15008900820999],[75.112135035806205,13.150018509203196],[75.109679062770567,13.149579666657651],[75.10954788799603,13.1495562272254],[75.107799014239461,13.149244471749887],[75.107572762844114,13.149204138903285],[75.105684332766131,13.148863110357107],[75.105945343714339,13.14875264249566],[75.106003913743621,13.148351272531453],[75.106253915618453,13.148303955176328],[75.106662963337357,13.148226535726442],[75.106628485465265,13.148194453326695],[75.106490424528133,13.148065984485882],[75.106639673239115,13.147570672093932],[75.106412529122991,13.147362592023304],[75.106343744892186,13.147299580005853],[75.106156908710517,13.147417895561027],[75.106009815099654,13.147428877921714],[75.105944658625774,13.147433742577192],[75.10588164000248,13.147494420879028],[75.10588046680779,13.147495550783034],[75.105723070462986,13.147647128853455],[75.105748233671207,13.148157920485835],[75.105749767698867,13.148189217195519],[75.105535150813267,13.148437470506332],[75.105365854800624,13.148460250454667],[75.105314534901225,13.148467133917238],[75.105219273564288,13.148479911243539],[75.104781764382579,13.148538593792674],[75.104511073843781,13.148574783075308],[75.104497339879401,13.14860004192718],[75.104456799959223,13.148674601979547],[75.104305260550319,13.148953497501248],[75.103977427345129,13.149557795325904],[75.103207591117368,13.150982327580232],[75.103360160523295,13.151572760558016],[75.103628186721195,13.152625894542641],[75.103685632634438,13.152781666267181],[75.103701837520262,13.152825607651517],[75.104033749821781,13.153725628668349],[75.104066034740953,13.153816605810572],[75.103898644487984,13.153752839160598],[75.103795445812722,13.153713525687166],[75.103682173992055,13.153670374942397],[75.103233614848904,13.153550530476968],[75.103210828478751,13.153546985891349],[75.103238029953317,13.153616350665454],[75.103133144685359,13.153583638697436],[75.103111203849153,13.153578646948173],[75.102384740665514,13.153412997688751],[75.101927240267869,13.153330636059129],[75.101840809502534,13.1533150763749],[75.100865473794229,13.153137173664922],[75.100806142762735,13.153126351259068],[75.100265387942315,13.153255538323327],[75.100220391467957,13.153501474734981],[75.100165132763451,13.153803026202601],[75.100196270502536,13.154401344598044],[75.100267073452358,13.155775062728486],[75.100277180898075,13.155972083373308],[75.10030576649028,13.15704133013084],[75.100341772082785,13.157069261302118],[75.10034061397306,13.157118991503198],[75.100332100126039,13.15749171519751],[75.100322133886465,13.157928026969081],[75.100320541895272,13.157997719766623],[75.100064953448523,13.158778776745258],[75.100042464305645,13.158910789284677],[75.099997117727142,13.159176977485735],[75.100211877731823,13.159882505382164],[75.100217525120954,13.159901057674155],[75.099868562176695,13.160222447090925],[75.099570516688203,13.160338005082789],[75.09949098895521,13.160673367784037],[75.099486212308165,13.16067447554367],[75.099483877960765,13.160675017195031],[75.099480431799719,13.160675816990977],[75.099358474588755,13.16070411597847],[75.099069230612074,13.160771902490502],[75.098984760516544,13.160791847757226],[75.098685222309555,13.160860189403655],[75.098169085936945,13.16110731601915],[75.097438109002056,13.161460039412519],[75.097404956995604,13.161476036580501],[75.097394898537246,13.161481997655544],[75.097114884528949,13.161658010160558],[75.097087860894419,13.161674996942148],[75.096768956130632,13.161790471862691],[75.096331586909955,13.161949589716976],[75.095482816540837,13.16193089650152],[75.095346673492543,13.161927897929347],[75.095324755601482,13.161924113603915],[75.094735935820495,13.161822075175081],[75.093899751590484,13.161675274708955],[75.093832915511825,13.161663541057838],[75.093856377472505,13.161474277342258],[75.09390407993952,13.161109883185595],[75.093915216569428,13.161024815437626],[75.093465870394198,13.161018402706036],[75.093410235363166,13.161017608212433],[75.093438600783458,13.15981680291646],[75.093439954883351,13.159759474184368],[75.092145187426951,13.159787635868765],[75.092096999035334,13.159788684010342],[75.09159189364803,13.160267574184756],[75.091136010819142,13.160032937270463],[75.090837031777312,13.159879322704668],[75.090381639837304,13.15963571039026],[75.090310743088352,13.159597783559738],[75.090286749675727,13.159584963266342],[75.089909619777131,13.15938659433098],[75.088563845213471,13.158680067489641],[75.088211550218261,13.158657544261763],[75.085769327548732,13.158501392883185],[75.085677217974236,13.158495521523541],[75.085662525557922,13.158494189928534],[75.084905931929342,13.158425869340578],[75.084828109791331,13.15841884182986],[75.084586060687641,13.158396993362091],[75.084569630499317,13.158478346881532],[75.084259109381918,13.158454805262345],[75.084183486105189,13.158312457078438],[75.084117758200904,13.158307438269885],[75.083948759542238,13.158294503872501],[75.083420743675646,13.158316107775262],[75.083087082559913,13.158329036526712],[75.081973921386677,13.158372165711604],[75.08107447503447,13.158407011116813],[75.08106040305519,13.158353317898875],[75.081014748390956,13.158179120322243],[75.080797843610327,13.157340079819269],[75.080686139158118,13.156907975459832],[75.08058737795416,13.15628541626579],[75.080540009185341,13.155985680698578],[75.0805247784172,13.155889308540461],[75.080514821798261,13.155826192505794],[75.080478498671866,13.155581214535237],[75.080468816312191,13.15551582871861],[75.08039467928829,13.155213083068551],[75.080070480957872,13.153889172127577],[75.079985509073978,13.153554304945972],[75.079933325947351,13.153348795509995],[75.079599244593751,13.152033088470869],[75.07956097510008,13.151853957319128],[75.079427266113441,13.151228085973894],[75.079013387945594,13.149284900980005],[75.079012299446148,13.149248365574245],[75.078927391810268,13.146397872945032],[75.078818910372036,13.146451299207333],[75.078403002627411,13.14665618266659],[75.076136021492999,13.147772920743259],[75.073819165768867,13.14890203882188],[75.073484564082591,13.149052795378086],[75.07322590962319,13.148933692177334],[75.073171572213411,13.148921440453798],[75.073011488892604,13.148885346300814],[75.072939951047829,13.148869216518818],[75.072793751806131,13.148836252456324],[75.072139754860814,13.148688792797829],[75.070759241132109,13.148338886790622],[75.0690345868516,13.147920381069536],[75.068579178453504,13.147803223075453],[75.068551598773169,13.14779656874356],[75.067762233606274,13.147593143052534],[75.066468877206958,13.147271931044044],[75.06578728239252,13.147102650625257],[75.064779636052933,13.146853326020567],[75.064191639367507,13.146707877578526],[75.064136147281616,13.146694151185654],[75.064061696155093,13.146675734583722],[75.064065429795562,13.146666568064424],[75.064221918780447,13.146282350137342],[75.063791864550538,13.146177799865809],[75.063799911773117,13.146157758541376],[75.064388582260989,13.144686005640168],[75.065000131197934,13.143200159794617],[75.065678149621391,13.141590371807267],[75.066130643741261,13.140506307880459],[75.066181726997996,13.140365411727835],[75.066390964541952,13.140142235830266],[75.066549209843529,13.139719864181428],[75.066551057057509,13.139695955936904],[75.0662756071806,13.139679351585499],[75.065860934447358,13.139654365765633],[75.064369466436077,13.139243485297685],[75.063486882884803,13.138992993669198],[75.062228892902354,13.138857275783451],[75.060861506950772,13.138699934147873],[75.059662381639939,13.138556432097115],[75.05856482540942,13.138238189861919],[75.05759857974661,13.137907861552868],[75.056728647126178,13.137640235195242],[75.056427511397359,13.13754759291067],[75.056222409563716,13.137481932361355],[75.055136869064796,13.137134407282762],[75.053799437806617,13.136728404778118],[75.052400317201958,13.13627528587668],[75.052019204531078,13.13615578364362],[75.051512269795239,13.135996845891157],[75.050045613685356,13.135536937539296],[75.050025402683772,13.135508962702627],[75.044193728124611,13.138683234733964],[75.043668874329668,13.138996054268274],[75.043543230263765,13.139069605614429],[75.043248965382844,13.139241864679896],[75.042961965009283,13.139407533743238],[75.042824750211352,13.13948660537916],[75.042747519553259,13.139529368104595],[75.042559009056646,13.139638626045517],[75.042362353817651,13.139752603627127],[75.04195845892545,13.139976062267216],[75.041856024554733,13.140032308664011],[75.041687287147951,13.140124962308992],[75.041547511628281,13.140201622914795],[75.040952027358102,13.140529979886512],[75.040663497823232,13.140690002219154],[75.040606896587434,13.140721394467997],[75.039643938060351,13.141255460583979],[75.038855235195769,13.141718700361873],[75.038353344499342,13.142017290547797],[75.037911405609918,13.142265645517691],[75.037852316787038,13.1423135502455],[75.037635446919523,13.142489371431761],[75.037384251866371,13.142689605254132],[75.036966548626154,13.142806754857384],[75.036643776892518,13.142906750896874],[75.036476703255715,13.142958370912542],[75.036451064765785,13.142966290454023],[75.036285372369136,13.14304341303742],[75.036039473198798,13.143157767981789],[75.035928615004536,13.143209268530955],[75.035003173736882,13.142839855239231],[75.034921443988921,13.14280784464245],[75.034271828064206,13.142558456230978],[75.033438086545019,13.142238379635966],[75.033426815893449,13.14220393958515],[75.033256294367192,13.141682877313841],[75.033020152093172,13.140903748861316],[75.03298865785959,13.140790378378622],[75.032968613501779,13.140720839606036],[75.032937483986515,13.140636740924979],[75.032612462141088,13.139758669126635],[75.032518079391139,13.139503686484439],[75.032492605490148,13.139435377245563],[75.031276925529056,13.139098405587529],[75.031086827437463,13.138984200469698],[75.030613841592327,13.138697992312327],[75.030579894859954,13.138677465989012],[75.029898288223464,13.138265324775778],[75.029818022820294,13.138215862828357],[75.029278808919528,13.137883486438547],[75.029173023609104,13.13781796749935],[75.028913313126452,13.137657113249684],[75.02797881564004,13.137082887254003],[75.027969764575985,13.137077318888606],[75.027492616022329,13.137118828030717],[75.027231346328264,13.137260354742812],[75.027112195571291,13.137324758922592],[75.027046145372069,13.137508856437659],[75.027013521456539,13.137599626971479],[75.02673014265892,13.13771322193497],[75.026491197032811,13.137676202659632],[75.026460252062293,13.13767140602231],[75.026006372914324,13.137767267913604],[75.02600485054451,13.137767589080521],[75.025856389831006,13.137903622229601],[75.025818259867805,13.137667839748946],[75.025752851862649,13.137738307304254],[75.025731315509972,13.137646443675983],[75.025637373962184,13.137245723019941],[75.025652325450295,13.137198120272334],[75.025665619448816,13.13715579224945],[75.025682575216507,13.137101805209845],[75.025642219171047,13.137070670973094],[75.025589812152916,13.137030239402621],[75.025433280487249,13.136909475359852],[75.025434672378822,13.136905483809564],[75.025470454765909,13.136802842909599],[75.025471215879818,13.136802019051506],[75.025399177803735,13.136765503934773],[75.025283399468961,13.136706817882329],[75.025211186132992,13.136670214112145],[75.025063376858242,13.13659524352909],[75.024955766517806,13.136540624807207],[75.023882961375904,13.135993396696282],[75.022067824971899,13.135016929456416],[75.021556666571698,13.134731471897503],[75.021488635684236,13.134692993093124],[75.021175992428994,13.134511482044973],[75.021158088299117,13.13450098684201],[75.021115485745682,13.134406108818123],[75.021083701594094,13.134335527426714],[75.020826948820655,13.134218297174579],[75.020164318061617,13.1339157467318],[75.01992196083944,13.133802904636294],[75.019653414266813,13.133677869431672],[75.018822033855059,13.133274264374979],[75.018654546900123,13.133191882901464],[75.017679784466154,13.132712426823428],[75.017077773079521,13.132408655214832],[75.01693073280542,13.132334209774081],[75.016023491233923,13.131874875429132],[75.016063806023908,13.132112102548504],[75.016080887083461,13.132212611154262],[75.016198198140401,13.13290291137911],[75.016220894988095,13.133037990470074],[75.016244705937083,13.133179698634583],[75.016315549227173,13.133476835661572],[75.016422310883186,13.134332307122747],[75.016479226549606,13.134730247600006],[75.016496507829387,13.134894651313905],[75.016610652750884,13.135980570627037],[75.016683929131247,13.136751537965537],[75.016697092928069,13.136890042032153],[75.016617906854123,13.136942816278522],[75.016571245115387,13.136973914149181],[75.016452922149313,13.137052771589749],[75.015690939111295,13.13756059671155],[75.015471505095732,13.137405852787934],[75.015450729188515,13.137520656434395],[75.015406548615672,13.137764784516502],[75.015386892641956,13.137877550785257],[75.015362046639524,13.138020097422581],[75.015351078970895,13.138021836068997],[75.014934948698567,13.138087805684714],[75.014914531769875,13.138162823541537],[75.014743411533146,13.138272059214923],[75.014417470837785,13.138480124866225],[75.01373882554708,13.138910729969174],[75.013302856833604,13.139183144620493],[75.012591796212988,13.139637781824611],[75.012591765765706,13.139637801719863],[75.012172098002864,13.139906126378802],[75.007611959580572,13.142821679815833],[75.006503183276209,13.143456935091372],[75.006313141408484,13.143565940432126],[75.006274961950453,13.143587839871147],[75.005372551505843,13.144116224000637],[75.005364119122561,13.144121055646508],[75.004443051572736,13.144648798472886],[75.004421063064413,13.144661529950699],[75.004068245507654,13.144865809368801],[75.003017853345668,13.145448643016072],[75.003012107736609,13.145451034855181],[75.002688988787767,13.145585541009066],[75.002569446775652,13.14576217524889],[75.002180800366489,13.146165106002872],[75.002151663953398,13.146235977741119],[75.002104789890211,13.146349992840113],[75.002154001601909,13.146393075065378],[75.002160235418799,13.146398532230947],[75.00219392350138,13.146428010869071],[75.0025423810973,13.146732835095627],[75.002533161580146,13.146745081599219],[75.002506833542199,13.146780032465882],[75.002491264989587,13.146800711267581],[75.002449554763885,13.146856114861757],[75.002384620380113,13.146942365735217],[75.002342049235338,13.146998940337866],[75.002344492653052,13.147009364641157],[75.002524651908644,13.147777980591727],[75.002507658068652,13.147833654321328],[75.002499234039803,13.147861511078652],[75.002302482120882,13.147817639964067],[75.00230657778458,13.14789172606007],[75.002278945999322,13.147947463167622],[75.002136500063926,13.148235320615481],[75.002106630673751,13.148295682114],[75.002071076558209,13.148367529581936],[75.000809066546367,13.148276042588199],[75.000779169870754,13.148273875166167],[75.000336803520739,13.148466452138218],[75.000002657403954,13.148675301453974],[74.999994987833958,13.149017166475323],[74.999995826577276,13.149074189191101],[74.999615471867997,13.149818120106593],[74.999062715558082,13.150760594850423],[74.998859647816118,13.151109184889718],[74.998866636052469,13.151204094359528],[74.99888242277278,13.151425909679288],[74.998089367238748,13.15176402721791],[74.997585635494332,13.152116597985602],[74.997538386232506,13.152149668172541],[74.997534406501686,13.152152455971203],[74.997324530411476,13.151986207284665],[74.997310982199778,13.151975503405019],[74.997251768879181,13.15192871811951],[74.99649269586493,13.152547055242012],[74.996436967282662,13.152592451091332],[74.996392470216591,13.152628691443544],[74.996257844700736,13.152751280183644],[74.9957325454954,13.153189696608601],[74.994809757395657,13.154008715786414],[74.994747686045287,13.154063806621298],[74.994500336964592,13.154282989767996],[74.994487272685106,13.154294566740287],[74.994380359258301,13.154146136326434],[74.993336226813327,13.15269653583681],[74.993294955815898,13.152639228125814],[74.993238251015427,13.152560489920392],[74.993006770746916,13.152239594038548],[74.993006224516336,13.152238837157178],[74.992626644822124,13.151715439340359],[74.991677538366829,13.15065377434972],[74.991618023529909,13.150587201613654],[74.991526093090684,13.150484368732631],[74.991462700290924,13.15041398889235],[74.991374385933227,13.150316048128809],[74.991266960131682,13.150302873936612],[74.991122254022429,13.150285128278359],[74.991062774244512,13.150276225573954],[74.990897262110906,13.150251440295555],[74.990839585325716,13.150242799839075],[74.990760330962871,13.150230933095127],[74.990510973759868,13.150129617820145],[74.990397428076307,13.150083483622376],[74.989653810903036,13.14978168833138],[74.988533844413581,13.149314423498589],[74.988281542074802,13.149209649836642],[74.987500318461898,13.14889231318058],[74.987427939764459,13.148863215948351],[74.987077025626846,13.148722141923685],[74.986836300376424,13.148625795136125],[74.98511914373718,13.145040581708059],[74.984933051083487,13.144671376255715],[74.984845922404148,13.144498512495623],[74.984782024634072,13.144443225786269],[74.984461886672577,13.14416622950827],[74.984389411332984,13.144146316894789],[74.984145395700395,13.144079273572443],[74.984016255253152,13.14388597694748],[74.984107411191644,13.143864646545953],[74.984343543494575,13.143809391660392],[74.984438613884549,13.143546638899895],[74.984534238667962,13.143282933944493],[74.98450832424453,13.143264488159572],[74.98426703897718,13.143092741560746],[74.984260198215608,13.14301952397966],[74.984249273818619,13.142900103802083],[74.984221975779732,13.142601709337235],[74.983713546512206,13.141750379428206],[74.983689568611993,13.141710229590883],[74.983228033837889,13.140937414168574],[74.983123839117368,13.140762944503438],[74.982736996319645,13.140115190645133],[74.982592120280472,13.139918211846453],[74.982561892594575,13.139877112904848],[74.982082836226823,13.139225764545328],[74.981057628581894,13.137531485735822],[74.98100965686146,13.137452205545685],[74.979814453300534,13.135476951994601],[74.979697364089333,13.135285116218803],[74.979376762487377,13.13475984639968],[74.979285590801013,13.134608043287827],[74.979164897438167,13.134407100142607],[74.978375594992656,13.133093542496004],[74.978335019933965,13.13302601690987],[74.978113810930168,13.132657877507517],[74.977995900552486,13.132464855361411],[74.97706145816116,13.130933891833408],[74.976961280847576,13.130769762860744],[74.976673379628295,13.130298069081968],[74.975822454774772,13.128890659589166],[74.975795551382873,13.128846161009994],[74.975481006394332,13.128325906231456],[74.975292623795966,13.12801388233258],[74.975014747732629,13.12755208743817],[74.974909493383578,13.127512885549875],[74.974894679269511,13.127489145400876],[74.974768915676194,13.127442275114559],[74.974489506908512,13.127329163192464],[74.97444424550217,13.12731084014862],[74.973904797663536,13.127092456312427],[74.972966177507942,13.126705569199045],[74.972046573886786,13.126342167139496],[74.971127065200648,13.12597907196241],[74.970556602632044,13.125753874848478],[74.970486015073547,13.125726009141324],[74.970207633013757,13.125616113665545],[74.969951105913765,13.125509372700416],[74.969341133126974,13.125255678569898],[74.968459503693992,13.124889372746722],[74.967878900585205,13.124652780161464],[74.967572500138431,13.124527922731312],[74.967426077842333,13.124470595683771],[74.967359228310954,13.124444422371038],[74.966667842984506,13.124173729505719],[74.966476912691675,13.124099002655058],[74.966116566730747,13.123957986325065],[74.965762882108976,13.123819610823681],[74.964821216153297,13.123449557161933],[74.964064070918127,13.123125906421825],[74.963852058206285,13.123035297630469],[74.963847690825347,13.123033431522854],[74.963597706459836,13.122966612866632],[74.963369935782239,13.122490022233256],[74.963059059929549,13.122607238119995],[74.962800168655306,13.122704296081562],[74.962778621667255,13.122712384312523],[74.962459090178498,13.12285421316138],[74.961942938816165,13.122998604242081],[74.961917247285129,13.12305533661158],[74.961876282275497,13.123145329124032],[74.961844234327259,13.1231394900725],[74.961101880639887,13.123003801950116],[74.960937874538189,13.122889837281154],[74.960862556990605,13.122837468116597],[74.960702957040468,13.122726442821318],[74.960681341695761,13.122711398916245],[74.960484049514463,13.122762057171608],[74.960475636789639,13.122764196270703],[74.960083570633145,13.122655717377484],[74.960079221800669,13.122630608034623],[74.960075829749286,13.122611020269423],[74.960075749558214,13.122610548231753],[74.960061127747679,13.122526406107005],[74.960125599013992,13.122159675079946],[74.960076205815142,13.122104517332648],[74.960005935896561,13.122026045338941],[74.960083388244371,13.121190297706747],[74.960091046959946,13.121074956527087],[74.960094024990809,13.121035806920423],[74.960080409976484,13.121019356265524],[74.960068703463875,13.121005211776579],[74.959858285164884,13.120706511828525],[74.95953925545281,13.120256818897426],[74.959298948171764,13.119956829727355],[74.958872429905952,13.119902296391331],[74.958887039038061,13.119676305286644],[74.958893310205539,13.119569316587487],[74.95883419626189,13.119559076312353],[74.957828384671316,13.119648775629097],[74.957634983559615,13.119912382698814],[74.957248573125028,13.119889705032262],[74.957214898493859,13.119887729050719],[74.957038705499656,13.119919618397386],[74.956704299233436,13.120013982833273],[74.956165436276805,13.120167175117855],[74.956081515722119,13.120191253100561],[74.955894926306044,13.120244788851373],[74.955878148727948,13.120255342344295],[74.955654251935968,13.120396177217888],[74.955652667836588,13.120390966581478],[74.955595203283252,13.120427908484032],[74.955567316196081,13.120445874997511],[74.955479570067638,13.120502406123078],[74.955420000743302,13.120540783591855],[74.955288956533536,13.120552365280753],[74.955053596360216,13.120573166668379],[74.954907411645124,13.119782848670363],[74.954813222007957,13.119436056311871],[74.954807234668635,13.119414011135577],[74.954804653719023,13.119411352149168],[74.954683949645059,13.119287018273706],[74.954488033968161,13.119085210978531],[74.954458092389544,13.119052702852327],[74.954440634762307,13.119033812421007],[74.954278021419512,13.11885784926679],[74.953853490370605,13.118523056935722],[74.953811408561961,13.118509947523833],[74.953258963349015,13.118337841637549],[74.953209575063667,13.118322504505414],[74.952972830579199,13.118248984581472],[74.952945451214262,13.118241443451844],[74.952303727532353,13.118065295220351],[74.95164376032875,13.118555465443883],[74.951541324246762,13.118631560730583],[74.951349556542283,13.118774015646126],[74.951302457060208,13.118792478127386],[74.951254272510525,13.118811374440908],[74.951082417945358,13.118878768235247],[74.951060165506021,13.119029511898109],[74.95100972505179,13.119361017808457],[74.950887183081122,13.119381622518079],[74.949991164080771,13.11953228026189],[74.949967327884366,13.119536287847383],[74.949802056799655,13.11956408799881],[74.949798318561591,13.119736174852706],[74.949797010089355,13.119796382237508],[74.949681223116187,13.119807801280354],[74.949204669443844,13.119854797223768],[74.948709752887453,13.119902563581446],[74.948706552814343,13.119909374757196],[74.948672704209756,13.119981410645341],[74.948665177990279,13.119997414600007],[74.948548576192678,13.120008939673557],[74.948450376990564,13.120018645384357],[74.948390144575328,13.120024598743619],[74.948390181888513,13.120031482905125],[74.948391504045361,13.120274404373529],[74.949400598515894,13.120284190710246],[74.949583859567483,13.120285516131387],[74.949331442039636,13.120477754494008],[74.949215388855379,13.120566362063052],[74.948453625425259,13.12114797368749],[74.947767950663916,13.121685457778151],[74.947687758056247,13.12174839085324],[74.94766055088985,13.121784951905477],[74.947131438606419,13.122495987738759],[74.946413148008133,13.123380127740193],[74.946261779074717,13.123554791608267],[74.946200278694832,13.123625751631026],[74.946174953424304,13.123657217392388],[74.946141933293234,13.123698242311049],[74.946042173306665,13.123822161475283],[74.94553062794391,13.124457582210065],[74.945479165925619,13.124521182575643],[74.945365431305305,13.124661683588021],[74.944801921604039,13.125357808496595],[74.944801819164297,13.125357936879915],[74.944797397662541,13.125363395869128],[74.94467235630799,13.125521013636886],[74.94459178581198,13.125622563980347],[74.944591598466189,13.125622801761068],[74.944587620836913,13.125627814136397],[74.944511495813714,13.125723729142182],[74.94410494311127,13.126235973715787],[74.943394693749283,13.12711972691422],[74.942950115691161,13.127680184633371],[74.942698669984964,13.127987542712159],[74.942605573068178,13.128101317054538],[74.942487846962138,13.128268121749025],[74.942432910951908,13.128345951984763],[74.942420568503721,13.128363437656994],[74.94196075686051,13.129018699372628],[74.941701367475673,13.129505804793041],[74.941677191963947,13.129551194183128],[74.941621594990664,13.129655580458591],[74.941401849551511,13.13000880586303],[74.941151152973859,13.130418478886229],[74.941131382310715,13.130450775512481],[74.941055356586588,13.130574967557456],[74.941014918972542,13.130641015544953],[74.940862844950601,13.130631509401413],[74.940996864173925,13.130987295871163],[74.941003679114601,13.131005375441655],[74.940763668538324,13.131400648316703],[74.940724880005007,13.131464494755017],[74.940662300771507,13.131579442785318],[74.94064078349777,13.131618945936163],[74.940606171607413,13.13177539336942],[74.940553866017197,13.131740279646966],[74.93984190723566,13.131262323818497],[74.93981830667353,13.131263334690638],[74.93940422237624,13.13128106956283],[74.9392630133446,13.131371886576559],[74.939187458056736,13.131420319092687],[74.939206778691442,13.131527264400136],[74.939212114465917,13.131556799763151],[74.939334775939329,13.131543912231509],[74.939390110245412,13.131538099110559],[74.939412024283044,13.131706289776151],[74.939528689050604,13.131770848974904],[74.940039470249332,13.132053503365967],[74.94008904942514,13.132080939372814],[74.940075495180196,13.132243064969337],[74.940050649091475,13.132509763118593],[74.940049072792448,13.132526687822887],[74.940210066993089,13.132651442904487],[74.940317251414314,13.132734499836214],[74.940678610424186,13.132198156195868],[74.94119552376722,13.132745089315833],[74.941563693436066,13.132611896732492],[74.941670592546174,13.132779815312899],[74.941735559053711,13.132881738549871],[74.941761979525822,13.132923189570787],[74.941573385486265,13.133155996984469],[74.941504236545825,13.1332414023786],[74.941458977392116,13.133297301697116],[74.94196752767138,13.133421851487293],[74.942149633632454,13.133196190520984],[74.942384942542574,13.13347109916948],[74.943043640199548,13.13355360872187],[74.943188925812535,13.134119125567022],[74.943233572365799,13.134315046477749],[74.943263258417048,13.134445358974517],[74.943435699896767,13.134430039866055],[74.943436641023325,13.134429964114968],[74.94343493706485,13.134433176582858],[74.943357379134071,13.134579753935537],[74.94332848376682,13.134634363181377],[74.943307229458668,13.134674514960169],[74.943288652009429,13.134709611598998],[74.943189467959996,13.13472677069146],[74.943166584228578,13.134730729921204],[74.943134903528417,13.134736228066844],[74.943128798483983,13.134795587892116],[74.94311478886469,13.134931810036074],[74.943109666612912,13.135118666476911],[74.943107581420193,13.135194737947641],[74.943104873794169,13.135293275665513],[74.943104826342946,13.135294993752497],[74.942866755956729,13.135475846706285],[74.942751325443993,13.135452875400702],[74.94272250472396,13.135447139582464],[74.942501734243265,13.135808465902345],[74.942441485485091,13.135907072123288],[74.942329269040528,13.135897346069902],[74.942305813321326,13.13570689242691],[74.942270163682124,13.135418049645274],[74.942221839146228,13.135422985108359],[74.941009767279951,13.135552598188584],[74.940994116717349,13.135554272004889],[74.940983789279841,13.135639683491],[74.940965654454232,13.135790011041314],[74.942114855747334,13.135919560836788],[74.942139059314087,13.135922189545377],[74.942162338621671,13.136227266476601],[74.942169942029281,13.136326913309764],[74.942006157588935,13.136349381703019],[74.941974520293101,13.136353721354627],[74.941682522128119,13.136831308065929],[74.941382840874084,13.137319860462567],[74.941325352496662,13.13741215167294],[74.941412981247453,13.137582164700152],[74.941759770354267,13.13753607999487],[74.941912639360751,13.137608485336324],[74.941925928913804,13.137614774764236],[74.941905497098077,13.137666874610932],[74.941835395905869,13.137845595124467],[74.942323773642286,13.138106835063651],[74.942456471019767,13.138178435285008],[74.942314316772766,13.138302280049032],[74.942237064286772,13.138369581370652],[74.942095798565461,13.138492516523581],[74.941887354518315,13.138856001655236],[74.94174553068413,13.139203502604573],[74.941683800852005,13.139305888095352],[74.941543883513162,13.139482379031483],[74.941453509088433,13.139596376807795],[74.941451810526814,13.139596023759115],[74.941447112734949,13.139601821718637],[74.941383354517498,13.139782477738068],[74.941343306497984,13.139895951615351],[74.941270293623163,13.140177725433936],[74.942332664533026,13.140070970020325],[74.942625193153702,13.139493716922258],[74.943023221636579,13.139552262303031],[74.943221412012548,13.139581483037773],[74.943275160643338,13.139589407187025],[74.94304607163086,13.140368839014682],[74.942896806261018,13.140356944715711],[74.942823064403186,13.14035110217401],[74.942781019627091,13.140391694162581],[74.942284321753448,13.140872690948706],[74.942271360700246,13.140885241900818],[74.942340300648056,13.141066820402322],[74.942446084746962,13.141345437997805],[74.942494792779925,13.141473726512345],[74.942163208519574,13.141583607617187],[74.942100990223523,13.141390541948017],[74.942089349842561,13.141354376105152],[74.941898661443659,13.14119174598674],[74.941762304226359,13.141084747346952],[74.941628655884756,13.141142705519679],[74.94145879588082,13.141216437455302],[74.941421177197498,13.141597845434527],[74.941410303984796,13.141708090502689],[74.941460005608107,13.141753248879393],[74.941543179624531,13.141828819741885],[74.941350214721609,13.142098478980122],[74.941231438764959,13.14201958218735],[74.941183301827152,13.142017778030747],[74.940530739077545,13.142491899427194],[74.94053846020158,13.142552854753616],[74.940540318650747,13.142567524109975],[74.940548362410183,13.1426297653699],[74.940570814777473,13.142803507183643],[74.940444566079663,13.143010777153393],[74.940329183352787,13.143200292601049],[74.940154120617578,13.143771660000599],[74.939873991411872,13.143522549351687],[74.939890062575174,13.143451560466048],[74.939900861278687,13.143404152574909],[74.940101402715186,13.142523774448115],[74.940034663666381,13.142452518475384],[74.939950580821332,13.142362746398039],[74.939884395342986,13.142337501138213],[74.939571817714864,13.14221832037947],[74.939187954338536,13.142235485898929],[74.939089615067289,13.142263330146804],[74.938935609127938,13.142336417611384],[74.938837190279557,13.142193521841],[74.938792966215303,13.142129311479005],[74.938762648422866,13.142085530779786],[74.938694081551262,13.141986515914372],[74.938605096395378,13.141921983777635],[74.938201339822925,13.1416315169964],[74.93811453758029,13.141568624639568],[74.93796891024266,13.141463415820528],[74.937780484068199,13.141447547532398],[74.937569060443408,13.141430186918223],[74.937343398553139,13.141312522899758],[74.937323735862762,13.141244794360043],[74.937320224438281,13.14123270081739],[74.937305391394574,13.141181882235806],[74.937210264824458,13.141149152797416],[74.937205951665646,13.141147676893965],[74.936866597112896,13.141031527338216],[74.936881110120581,13.141164472689415],[74.936395195962291,13.141185301076856],[74.93635419709355,13.141187056050724],[74.936330644512466,13.141288129454288],[74.93573931027791,13.14139654345008],[74.935716606607784,13.141400692856037],[74.935768158358528,13.142026393049369],[74.936342940026265,13.14270265573121],[74.93639427828353,13.142763712397857],[74.936283909023686,13.142946860358387],[74.936201984448815,13.143082769489631],[74.936132264469521,13.143032076479408],[74.936108744718823,13.143008778676311],[74.936037259419834,13.142959081697354],[74.935938151783873,13.142887527250236],[74.935026830467535,13.142229563392178],[74.934884660543759,13.14222195243207],[74.934469992924008,13.142451612626154],[74.934579413570319,13.14250640616479],[74.934640435440954,13.142624846442359],[74.93438811464253,13.143174176902681],[74.934104221717519,13.143468449436938],[74.934338160615226,13.143717716418537],[74.934529065483972,13.14421468912831],[74.934533236865178,13.144225550366084],[74.934535308725103,13.144230944810976],[74.93457141872436,13.14425022923241],[74.934746852234468,13.144344061969649],[74.934826884552081,13.144386867383126],[74.934628232931814,13.144573096534437],[74.934634824118575,13.144585585151239],[74.934837543709065,13.144969968354808],[74.934912563757621,13.145112318044802],[74.934759322131214,13.145249639161595],[74.934757337200125,13.145449472200806],[74.934449838162038,13.145668715242763],[74.934430006619252,13.145682598729367],[74.933690094179838,13.14619110906624],[74.933686184900907,13.146193798234028],[74.932536108923685,13.146983181858396],[74.932483918270009,13.146952141156742],[74.929982381199409,13.145464324507461],[74.929861334004258,13.145387816355601],[74.929726868575315,13.145303186024481],[74.927963785592013,13.144193523432202],[74.927715563031157,13.144038667794764],[74.921665051860529,13.140263870982453],[74.921328431470698,13.14005517055487],[74.921315315443607,13.140047039043081],[74.920202449229606,13.139090387528615],[74.920177922165394,13.139069303397827],[74.919603304156212,13.13858553909572],[74.919070242307896,13.138136645853209],[74.919024054227293,13.138097750796037],[74.918951412773538,13.138018076970129],[74.918832459935643,13.137887605202128],[74.917562631686295,13.136494322515885],[74.91756253760812,13.136494222112731],[74.917013843535869,13.135892702864751],[74.916868857459548,13.135733757440464],[74.916275586234065,13.134602553793536],[74.916187894571806,13.134435565125123],[74.915287113546228,13.132720231526402],[74.91471403482511,13.13189696346137],[74.914543969500727,13.131652686784603],[74.914542446050774,13.131650488923022],[74.914539523637387,13.131646297604272],[74.914295794175388,13.131467511846562],[74.914174690102996,13.131378677516198],[74.913701116074975,13.131320995433757],[74.913622732505416,13.131311448164306],[74.913609338129575,13.131309822326832],[74.913573681921662,13.13123775336471],[74.913533924716063,13.131157396366149],[74.912364250345917,13.130987612595279],[74.911828988834557,13.130914072437214],[74.911717730168519,13.130898545195844],[74.911652385166221,13.130848891469158],[74.911639837873565,13.130839357148391],[74.911620641062811,13.130824767529679],[74.911447439128338,13.130693087288531],[74.911280450563098,13.130607345561392],[74.911155742312843,13.130736734922607],[74.911001164630605,13.130647428178973],[74.910894256834879,13.130628114135229],[74.910778884371425,13.130607280665872],[74.910761093260561,13.130606783482941],[74.910692361798581,13.13060486159441],[74.91067577933353,13.130604404612537],[74.910605439713578,13.130602471291452],[74.910542692422709,13.130600776602787],[74.910542162830993,13.130600764663287],[74.910502516338894,13.13048774983057],[74.910477537636254,13.130416553149507],[74.910465245992086,13.130381519588097],[74.910382629541246,13.130146122390151],[74.910152250875697,13.129963909306943],[74.909898929528751,13.129763372166698],[74.909588618257146,13.129517299657419],[74.909513387999965,13.12945754854591],[74.909510049026693,13.12945489245978],[74.909118002350311,13.129143189161598],[74.908945720863514,13.129004239104811],[74.908989608546946,13.128764253637641],[74.909078977913168,13.128407349628734],[74.909080155035397,13.128402760012207],[74.909162278162654,13.128092549478051],[74.909219810218644,13.127880307900272],[74.909258062624644,13.127739189642483],[74.909376891042655,13.127313580124392],[74.909424197527869,13.127140855647085],[74.90944053297541,13.127001446832745],[74.909452322945938,13.12690145861457],[74.909444229665795,13.126684784690243],[74.909352833483268,13.126435286576992],[74.909201951119201,13.126027869768441],[74.909074106403338,13.125682659749197],[74.908964210509822,13.125390651926381],[74.908875193564469,13.125156811760878],[74.908800266111314,13.125020552744667],[74.908632114769787,13.124718659532025],[74.908260306141131,13.124190189657915],[74.908260210241949,13.124190046750339],[74.908259434748999,13.124188892635742],[74.908259421911524,13.124188679225336],[74.908259413666329,13.124188521880811],[74.908224778503978,13.123646811393584],[74.908214841101724,13.123517303063116],[74.90819742726579,13.123222603286408],[74.9081837090948,13.123010889852752],[74.908176561849956,13.12289841971109],[74.908176154603339,13.122891973081652],[74.908089111773492,13.122712911700987],[74.908036765282233,13.122554829808392],[74.907874236937971,13.122471282999802],[74.90779564357392,13.122421359495094],[74.907739219159822,13.122392530398191],[74.907654019412064,13.122349012988456],[74.90760040660723,13.122321628976071],[74.907597950329261,13.122319934411761],[74.907542407832935,13.122281617166209],[74.907484392477571,13.122241586347819],[74.907666741217909,13.122077319345014],[74.907569467270974,13.121979842970065],[74.907501775908102,13.121912010760109],[74.907356397889529,13.121502552012332],[74.907561875887467,13.121229716826006],[74.907628105716398,13.121141775777037],[74.90773555485913,13.12099910454535],[74.908965321737654,13.120975344162918],[74.909495499133158,13.120797579468732],[74.910036808555517,13.120483582316632],[74.910482705183256,13.120270441215867],[74.910498513022546,13.120262885268909],[74.910928852472921,13.120038032304301],[74.911345937188045,13.120219604700713],[74.912347857672998,13.120115355253695],[74.913254495631762,13.119498039271813],[74.913311529055335,13.119052619709189],[74.913348258426325,13.118571064384264],[74.913409890534865,13.117970261459464],[74.913405723297814,13.117898738318633],[74.913399796179405,13.117797004078824],[74.913394122577344,13.117687937258415],[74.913490406811803,13.117380174918964],[74.913577590515331,13.117116901913537],[74.91363403876791,13.116946440220326],[74.913658264106772,13.116695350893057],[74.913671073074823,13.116545361528482],[74.913707385902313,13.116120160465924],[74.913762291496738,13.115861676380185],[74.913792487568543,13.115721813327141],[74.913756688008789,13.115715205652599],[74.913753646195048,13.115704755878916],[74.913721394931599,13.11559750585447],[74.913720394171165,13.115594157938824],[74.913677277635088,13.115449932584173],[74.913700482483563,13.11534675584566],[74.913608118419887,13.115157765630137],[74.913615491882794,13.115075326470219],[74.913626609029563,13.114951028434245],[74.913641046633501,13.114789442426789],[74.913580554508385,13.11465805084997],[74.913580259492861,13.114657447607751],[74.913100674464445,13.113617633667957],[74.911968623441311,13.113036546255627],[74.911309998976009,13.112865279981079],[74.911187324272831,13.112859858266564],[74.91002904073396,13.112808662169764],[74.90961503989007,13.112763226370159],[74.909260591754872,13.112724326098489],[74.909217012013471,13.112719543474354],[74.90888901903773,13.112339170728745],[74.90884506335091,13.112288234335049],[74.908741553370845,13.11216831595765],[74.90855728563929,13.111954889817923],[74.908402292696451,13.111775350351614],[74.908221057593934,13.111565608109172],[74.90813970795071,13.11147160541392],[74.908123496121974,13.111452884105903],[74.908099360047544,13.11142502329899],[74.908086957721125,13.11141071524569],[74.908074910435914,13.111396809715419],[74.908058848923545,13.111378282873416],[74.908048942003788,13.111366857594332],[74.908039162345077,13.111355578850866],[74.908024815160729,13.111339026624321],[74.908014643576649,13.111327305555481],[74.908005257688373,13.111316483604021],[74.907996878815482,13.111306821276745],[74.908001330928784,13.111287513237002],[74.908016453345354,13.111223858529417],[74.908023832647373,13.111189971199405],[74.908044919552992,13.111098736792014],[74.908064792198331,13.111012861515089],[74.908074595638965,13.110969996621577],[74.908097180777531,13.110871249222143],[74.908103819343509,13.110844528812363],[74.908153399231182,13.11064506789884],[74.908239639777065,13.11042370792901],[74.908351440067278,13.110159343940637],[74.908529944729381,13.110038535433368],[74.90864109236631,13.110018966820547],[74.908880000356788,13.109976903704341],[74.909245035298071,13.11021780518805],[74.909502463614245,13.110365750848782],[74.909736249120613,13.110459434003355],[74.91013682029444,13.110552439993464],[74.910506880422588,13.110635853197888],[74.91079473046436,13.110500148072049],[74.911207087395738,13.110309022578546],[74.911441002756376,13.110198684414383],[74.911681158935352,13.109752473230413],[74.911723188774616,13.109347075750291],[74.911701064574061,13.109153728583868],[74.911618813420986,13.108451267894091],[74.911560704728601,13.108405938048374],[74.911454077491513,13.108322759868596],[74.911409852249591,13.108288260596384],[74.911367057501835,13.108254893945945],[74.909385186347478,13.107998036110562],[74.90920558136483,13.10797475775917],[74.909196388457318,13.108014001348886],[74.909084729144311,13.108072897336863],[74.909010344126884,13.108304315422217],[74.908878632962313,13.108257570937015],[74.908657231543799,13.108178781892892],[74.908341054623634,13.108273097323025],[74.907826083178634,13.108254805808365],[74.907545826422904,13.10803571552189],[74.907491687343466,13.107990586028544],[74.906595122072943,13.107904139769261],[74.906381811734747,13.107883571780414],[74.906375068095471,13.107882916453047],[74.905182092614936,13.107107942876338],[74.905127059136646,13.107070449964235],[74.904231456607818,13.107131914307786],[74.904188776713994,13.107155244711249],[74.903654189798701,13.107454852056362],[74.903498139724533,13.107542310065199],[74.903120420446569,13.107618650941095],[74.902854165521802,13.107672564168249],[74.902702759333778,13.107703269183407],[74.90246076932354,13.107752419365198],[74.902446701266939,13.107721983783284],[74.902211772965487,13.107213743267218],[74.901952336814531,13.106554779680305],[74.90182550300851,13.106232622052744],[74.901247615207893,13.104764778674893],[74.901209791666602,13.104723480049394],[74.901207281591581,13.104720744595738],[74.9008234442163,13.104303301473832],[74.899709516499968,13.104108700851315],[74.89957612578192,13.104168729078166],[74.899418474154402,13.104239674887658],[74.898601163023031,13.104607477544713],[74.897680881156319,13.104828542661192],[74.896672654788489,13.104223220205338],[74.896046410910628,13.10356348667735],[74.895942873013965,13.103454410673793],[74.895923690786233,13.103449689912111],[74.895075266989508,13.103240895314677],[74.895055652107473,13.103236215004364],[74.894936893808321,13.103207662458777],[74.89468701100644,13.103147585266068],[74.893563874076847,13.103205364955166],[74.892589546521279,13.103014804337791],[74.892583954568579,13.103013715988325],[74.891980726923663,13.102422285723698],[74.889825870420836,13.100826122811986],[74.889704681024824,13.100735758631291],[74.88963031839431,13.100655685059609],[74.889547642393083,13.100599525666253],[74.889421719155806,13.100518685737388],[74.889172604646831,13.100294876756498],[74.888143915556611,13.099170278881731],[74.887557269845317,13.098705016378757],[74.887600231608303,13.098562799923599],[74.88758121653953,13.098554803374943],[74.887497934318489,13.098519774787654],[74.887464720681564,13.098505803899519],[74.887404762747195,13.098480575915877],[74.887336167071766,13.09845171081578],[74.887310037057048,13.098440719836463],[74.88727754830866,13.098437404174756],[74.887201811005397,13.098429736369415],[74.887163023549718,13.098425848252806],[74.887130600265237,13.098422618506257],[74.887111241119513,13.098420703847026],[74.887083890533148,13.098418009830095],[74.887062393992863,13.098415908857509],[74.887027561163237,13.098412512562792],[74.887021063218498,13.098411875828074],[74.887013990564213,13.098411193628266],[74.887009050683929,13.098410716726082],[74.886999439365312,13.098409788358421],[74.886996170096538,13.098409472242492],[74.886991881485628,13.098409061636536],[74.886990223789482,13.098408900855638],[74.886986846591626,13.098408572032621],[74.886894581931116,13.098399803640799],[74.886849172542824,13.098381969738394],[74.886847043747096,13.098381134169539],[74.886727742716246,13.09833419213907],[74.886681123178306,13.098315980597956],[74.886607397538555,13.098287030762869],[74.886411444332154,13.098210085784904],[74.885989655917385,13.098044440319242],[74.885560188595647,13.09787573254107],[74.884995340277726,13.097653861771212],[74.884709885193061,13.097541754904807],[74.884513474330006,13.097406176761599],[74.884424979452405,13.097346162771199],[74.884247628936947,13.097224556598231],[74.884064491415288,13.097099519640713],[74.883924407757135,13.097004250382911],[74.883836256559547,13.096973296653447],[74.883657139179775,13.096910400379349],[74.883332178953992,13.096796184420546],[74.883199028680934,13.096749352957886],[74.883198948437965,13.096749319463802],[74.88288292607848,13.09659383912631],[74.882601025753971,13.096452580813958],[74.88218700067371,13.096245445991022],[74.881585272191188,13.095945082586562],[74.881367657259787,13.095837279426611],[74.881160064233143,13.095738088382541],[74.880822976397042,13.095580231176756],[74.880343528479401,13.095356998033164],[74.879868001159082,13.095135687386811],[74.879864268611627,13.09513394765473],[74.879597273179371,13.09500931879589],[74.879247807900697,13.094842648046937],[74.879109125543778,13.09477649140295],[74.878890536837247,13.094672217756907],[74.87867248418155,13.094568169339999],[74.878442315347399,13.094678940851733],[74.878361958152794,13.094640329820768],[74.878301809248327,13.094611429234092],[74.87803857630621,13.094856031114391],[74.877686326297038,13.095183020448367],[74.877364210200383,13.09548174459024],[74.877070771781405,13.095753680528711],[74.876691460953026,13.096104936836133],[74.876481332144778,13.096299349627325],[74.876477465957592,13.096302926849324],[74.87633280616906,13.096465019939622],[74.876041053989553,13.096791623600588],[74.875832602909895,13.097023175635728],[74.875684543236829,13.097189930898212],[74.875540543790976,13.097350313881291],[74.87524425128646,13.097679489751041],[74.874946778782615,13.098009125867341],[74.874622738881257,13.098365868460256],[74.874352740401221,13.098664127537788],[74.874284702199091,13.09873951985117],[74.874280569230564,13.098756028771684],[74.874268723109822,13.098803347592328],[74.874244178533743,13.098901444525318],[74.874114330521323,13.099412266150816],[74.874018347415529,13.099773411671926],[74.873934586024021,13.099780248564464],[74.873883683048021,13.099787255224605],[74.87375087990749,13.099805534122423],[74.873540297804198,13.099830851585232],[74.873498031734684,13.099835573714964],[74.873544219862353,13.100023484979701],[74.873558859482046,13.100083043283075],[74.873689712847906,13.100142026450388],[74.873699239888111,13.100453109242029],[74.873757942455697,13.100477909357027],[74.873840902592036,13.100510577560959],[74.873965390027564,13.100554769162553],[74.873972479400834,13.100745713119363],[74.873983673875955,13.101043996866139],[74.873992393221613,13.10127335559344],[74.874015669571932,13.10158545512939],[74.874045653053514,13.101991402305034],[74.874059411891295,13.102163466685539],[74.87406526269011,13.102239518930526],[74.874111455137196,13.102839997145807],[74.874166826958898,13.103547820286373],[74.874224484631782,13.104271173393075],[74.874273198224245,13.104882485785055],[74.874281328277306,13.104984920977175],[74.874272576215517,13.105064653662538],[74.874258789555597,13.105190334888695],[74.874248371046363,13.105285224004941],[74.874229482213948,13.105457242567326],[74.874217052458249,13.10557043749024],[74.874196386841703,13.105758629719531],[74.874155217106747,13.106132902790474],[74.874130221537712,13.106359862233258],[74.874116425711875,13.106485130185632],[74.87408830134099,13.10658940049731],[74.874000112571593,13.106916399225863],[74.87395593307491,13.107080190157932],[74.873899682191549,13.107288726207894],[74.873820630598772,13.107581753479431],[74.873708144964397,13.107998657298875],[74.873653662819223,13.108200551433624],[74.873577135533665,13.108468558004857],[74.873529691983606,13.108656612207932],[74.873516878459213,13.108707401940018],[74.873491568266942,13.108855079030429],[74.873451720392339,13.10908751269803],[74.873385437947832,13.109473998825996],[74.873305069221004,13.109942360733516],[74.873283294563834,13.110069172775203],[74.873253351131723,13.110243563062436],[74.873200205203517,13.110552949145417],[74.873150212763704,13.110843758699437],[74.872827299545406,13.111156644175022],[74.872505785768837,13.111468129222059],[74.872293760224082,13.111673541253808],[74.871840769053449,13.111886204914109],[74.871333530610144,13.112124185335846],[74.871085362316506,13.112239986754755],[74.871044347248983,13.112309635080605],[74.870847674379192,13.112643692948138],[74.87067988234449,13.112927962030552],[74.870665240375587,13.113125327886307],[74.870644464021041,13.113400667856878],[74.870626800935881,13.113622014109813],[74.870597898936509,13.113974024138866],[74.870577829364706,13.114215377766314],[74.870577419005102,13.114220311211636],[74.870182555189132,13.116255340344859],[74.870153605482031,13.116404537939122],[74.869840662509759,13.117987587989399],[74.869222118374779,13.119038338258067],[74.8690195437255,13.119658836121568],[74.868951729678926,13.119866552918978],[74.868913875510174,13.119929033473783],[74.868553620944752,13.120523657458655],[74.868502566387903,13.12060792571129],[74.868225774711576,13.121064785120936],[74.868212257656594,13.1210699388216],[74.867296809924596,13.12141899452015],[74.867096279246311,13.121495454880632],[74.866994129412561,13.121622099955975],[74.866864560866276,13.121665819124091],[74.866761262740937,13.121700674690809],[74.866744619591373,13.121706270688192],[74.866721932264852,13.121713911707326],[74.866662744576161,13.121733886935921],[74.866538114931643,13.121777046045397],[74.866410696941529,13.121829087107146],[74.866270764476184,13.121857561087026],[74.866219184128951,13.121868057178871],[74.865981897906877,13.121937726457926],[74.864982944551414,13.121969855653873],[74.864217628025713,13.122044817945431],[74.863578560759933,13.122106400325674],[74.863540461814679,13.122189733093846],[74.863543198589795,13.122189155817255],[74.863436083011692,13.122439482522976],[74.863252563571194,13.12285080570231],[74.863121458549728,13.122986148186053],[74.863152879735551,13.123198267388375],[74.863165286814876,13.123282028421899],[74.863177137800207,13.12336203195545],[74.863280756992282,13.124107082088862],[74.863285048789109,13.124736662298664],[74.863211797155884,13.124935847380614],[74.86304159078253,13.12539867050269],[74.862748964799536,13.125868010361279],[74.862719045200862,13.125915998887313],[74.862619733290884,13.126075282943839],[74.862619160752416,13.126076204984031],[74.862610409239096,13.126090272415823],[74.86259722603431,13.12609995633956],[74.862581409519407,13.126111557697742],[74.862568381377827,13.126121125053144],[74.862568307524782,13.126121202780125],[74.862568216135372,13.126121292253128],[74.862567914318092,13.126121507305989],[74.862567493434753,13.126121808200054],[74.862566463378599,13.126122543718191],[74.862565521006786,13.126123215984908],[74.862565475779689,13.126123249418393],[74.862564114352651,13.126124253324997],[74.862562638473662,13.126125341266698],[74.862562257274632,13.126125621383949],[74.862561859459845,13.126125916864735],[74.862561760698497,13.126125990057117],[74.862561313968115,13.126126315352401],[74.862560953077335,13.126126576491007],[74.862560633720179,13.126126809619723],[74.862560063308564,13.126127224370745],[74.862559937781597,13.126127314729775],[74.862559761488768,13.126127443944924],[74.862559420904248,13.126127689721931],[74.862559032323219,13.126127971643758],[74.862558621588192,13.126128273447463],[74.862558543134085,13.126128329469738],[74.862558348381256,13.126128472238911],[74.862557789041119,13.126128886995858],[74.862557476143323,13.126129118319502],[74.862557226008988,13.126129304463603],[74.862557126317483,13.126129391219393],[74.862556733089164,13.126129734628446],[74.862556510629503,13.126129928021415],[74.862556011294018,13.126130281320679],[74.86255297744907,13.12613240923436],[74.862452703638468,13.126206041152056],[74.862322159921121,13.126301951384807],[74.862252296049206,13.126353355580877],[74.862202589569151,13.12635521888183],[74.862186598317678,13.12635581707988],[74.862169929941501,13.126356269328449],[74.862169076500507,13.126356294190767],[74.862113403610294,13.126357798905412],[74.861983020691426,13.126361949215893],[74.861817087526887,13.126367205279193],[74.861612548357868,13.126373610596783],[74.861392219144093,13.126380459380213],[74.861311097870768,13.126382961180301],[74.861200150421809,13.126386367411328],[74.860998684634708,13.126392508949683],[74.860789795311163,13.126398819029493],[74.860684955763318,13.126401973339947],[74.860672858783261,13.126420794399445],[74.860621483514109,13.12650076289138],[74.860589454148354,13.126550669765486],[74.860586394804045,13.126555438986617],[74.860586539651493,13.126555447203414],[74.860449986353601,13.126768394359255],[74.860449758264622,13.126768749609928],[74.860401309992838,13.126844433446895],[74.860371617630733,13.126890927976115],[74.860269555939695,13.127050739500904],[74.859959952445394,13.127181944907724],[74.859700925248589,13.127293580379687],[74.859577197079844,13.127323087649161],[74.859209081365861,13.127411071838056],[74.858856342825021,13.127495844763244],[74.858855094337216,13.127496146101564],[74.85849414875247,13.127474567591175],[74.858131582081825,13.127453157682645],[74.857755760338705,13.127431307702816],[74.857612580469876,13.12722148084632],[74.857493293438338,13.127044808277631],[74.857258070888179,13.126691411479298],[74.857056863226802,13.126389342892677],[74.856859380738314,13.126093553593151],[74.856725996393308,13.125894246422508],[74.856691109314212,13.125887831169806],[74.856669997356448,13.125936483090342],[74.856511335862407,13.125903099835698],[74.855622566993389,13.12571609469194],[74.855450494821454,13.125674384069125],[74.855361559283324,13.125665594439551],[74.85533322619267,13.125662985100281],[74.855207217705839,13.125651381320957],[74.854414552542892,13.125836138520421],[74.853631802022733,13.126065454516159],[74.852593071693207,13.126265727831994],[74.851760080419055,13.12619486549182],[74.851166793786206,13.12614495161324],[74.850960084012897,13.12607120534928],[74.8508390363709,13.126079676878787],[74.849878721312336,13.126146153249096],[74.849118017294458,13.126749061535737],[74.849084886673978,13.126774894003139],[74.848414340507219,13.12752709475726],[74.848008686717804,13.127982144065577],[74.847869252201633,13.128138556518905],[74.847017604880534,13.129208807451707],[74.84696845576066,13.129270571726085],[74.844472449076434,13.129454964122555],[74.844389727333677,13.129461062180269],[74.842930134995669,13.12805778005621],[74.842917299832337,13.128045439929759],[74.84267855699278,13.127769213688094],[74.842589072588083,13.127665680021025],[74.842447810507807,13.127383872388606],[74.842394219269963,13.127270226582059],[74.842325055733028,13.127297332813193],[74.842206439008947,13.127343821361162],[74.840854097082172,13.12787382715984],[74.839644324213083,13.128358713412378],[74.838813781489421,13.128720889479389],[74.837917764992838,13.12910758309819],[74.837804042403619,13.129064988655498],[74.837577089909416,13.128979983495803],[74.835252289661057,13.128109217829195],[74.835110658057729,13.128056168280454],[74.835003160793832,13.128015904159094],[74.834972262227581,13.128018246275252],[74.834892674976132,13.128024286325237],[74.834868410445523,13.128026128107692],[74.834809550181873,13.128030594453756],[74.834664523031066,13.128041631862779],[74.834519780958203,13.128052672990256],[74.83447929853007,13.128055767558816],[74.834332685233065,13.128066982803833],[74.834163463562362,13.128079951226287],[74.834030119231471,13.128090182875145],[74.833992048658203,13.128093108921401],[74.833913423657748,13.128099159235493],[74.833805756474945,13.128107436050392],[74.833676293791541,13.128117410499534],[74.833677040200413,13.128198325008023],[74.833684884136304,13.128418158222109],[74.833695212540576,13.128539519203491],[74.83371855772225,13.128799006056916],[74.833735188867735,13.128979046679293],[74.833744361252712,13.129074347964535],[74.833761547235198,13.12925668756716],[74.833771563432279,13.12936770270707],[74.833773945979218,13.129394690957939],[74.833778798387655,13.129450541140971],[74.833783785092322,13.129523468345534],[74.833783881254845,13.129569813500366],[74.833783593656634,13.129610587266244],[74.833783013741865,13.129668963152723],[74.833782608083368,13.129705564590116],[74.833781649347685,13.129786697722464],[74.833781230451933,13.129821030364688],[74.833781164910633,13.129826569814128],[74.833781061484657,13.129834937761817],[74.833780964965243,13.12984263927493],[74.833780948294347,13.129850966586979],[74.833780809803756,13.12985522465403],[74.833711997846095,13.129861973899768],[74.833649278452057,13.12986812573296],[74.833588791981697,13.129874058355487],[74.833574722699552,13.129875438199612],[74.833307485658068,13.1299016542386],[74.833042691872535,13.129927620200426],[74.83282159790393,13.129949305485967],[74.832680393820226,13.129963154682416],[74.832513487055763,13.129979526234516],[74.832334712183069,13.129925479810252],[74.83212426150088,13.129861854582897],[74.831859158773653,13.129781708840028],[74.831696671813603,13.129732583647209],[74.831454366672986,13.129659328383836],[74.831196940046482,13.129581503701345],[74.831132303452648,13.129561964567303],[74.83102035195283,13.129528116103868],[74.830916979206165,13.129496867547623],[74.830839802962842,13.129473533064722],[74.830720265368242,13.129437395326617],[74.830658412786136,13.129418695249296],[74.830585180957783,13.129396554195033],[74.830541675783408,13.129383402040922],[74.830509892094028,13.129373793252146],[74.830381611686747,13.129335013684495],[74.830345983271599,13.129324240368726],[74.830307486898647,13.129319448639366],[74.830207502258531,13.129306984398808],[74.830089973404355,13.129292338315709],[74.830009173305072,13.129282270290034],[74.829909027245009,13.129269792263308],[74.829840795122465,13.129261286007821],[74.829806596954626,13.129257024228544],[74.829754813979349,13.129250572453003],[74.829709501801815,13.129244927930738],[74.829661471783908,13.129238941600285],[74.82962087109803,13.129233879810814],[74.829585171018806,13.129229432539049],[74.829536832872748,13.129223409811022],[74.829505208643468,13.129219466187299],[74.829487393202129,13.129217246183993],[74.82941939820482,13.129208771623251],[74.829388822920052,13.129204963415091],[74.829373191319121,13.129206804070433],[74.829368828754525,13.129207317510032],[74.829345506379667,13.129210063653513],[74.829319939975093,13.129213077775869],[74.829280245987306,13.129217748169838],[74.829245287334388,13.12922186558019],[74.829225148261045,13.129224294621297],[74.829220415551404,13.129225051962708],[74.829212415844097,13.129225741125147],[74.829195742506244,13.129227699536324],[74.829173929674596,13.129230273952555],[74.829147630641089,13.129233366241978],[74.8291218870758,13.129236395599399],[74.829095646166948,13.129239487922089],[74.829079919910029,13.129242114297815],[74.829022029978702,13.129251771310846],[74.82895551610909,13.129262875723711],[74.828925830636763,13.129267833034602],[74.828887592290727,13.129274209767912],[74.828867842884094,13.129277505320184],[74.828848919327498,13.129280665781279],[74.828831437094308,13.129283580336871],[74.828819127739479,13.129285635668879],[74.828800500381988,13.129288745684907],[74.828775246828101,13.129292959008525],[74.828741420091248,13.129298606205234],[74.828725864533624,13.129301204640782],[74.828699579356808,13.129305585462559],[74.828651266516005,13.12931364913195],[74.828613890913687,13.129319888951436],[74.828588406669624,13.129324139177617],[74.828574122647439,13.129326522332928],[74.828550248580925,13.129330508679951],[74.828532161945262,13.12933352499374],[74.82850694344576,13.129337733792978],[74.828482150327076,13.129341874149528],[74.828425978491737,13.129351247331291],[74.828359122609399,13.129361867582725],[74.828351905482421,13.129363607084938],[74.828338444539654,13.129365854232965],[74.828325504944175,13.129368015823442],[74.828302901486282,13.129371786877075],[74.828291801835476,13.129373641341019],[74.828275452714166,13.129376368528812],[74.828275419495583,13.129376373932194],[74.828266692372821,13.129377599709604],[74.828237954133542,13.129381639750017],[74.828209572989607,13.129385626674285],[74.828157833884873,13.129393073067428],[74.828137057770405,13.129396077610691],[74.828115482574333,13.12939919736373],[74.828082673178073,13.129403943606718],[74.82804040398652,13.129410056190094],[74.827990131982105,13.129417327199167],[74.827943965187828,13.129424003227717],[74.827892691097759,13.129431417324907],[74.827867891885759,13.129435006019992],[74.827819018728519,13.129442070855797],[74.82775783454484,13.129450914258937],[74.827618379104536,13.129471068150719],[74.827520211999897,13.129485253499906],[74.827411296960562,13.129500985120877],[74.827287639492226,13.129518844470551],[74.827197098706151,13.129531911724284],[74.827060036749728,13.129551697077506],[74.827023823021491,13.129556117172607],[74.826971905579981,13.129563848952351],[74.826919517123002,13.129783094701097],[74.82690764427204,13.129832390527913],[74.826885342503559,13.129924362166896],[74.82680123731582,13.130262143925794],[74.826644069340617,13.13025486732788],[74.826612486952698,13.130305593961983],[74.826609452681438,13.130310452308914],[74.826603269123197,13.130309198456828],[74.826312584880782,13.130250088160272],[74.826270663694004,13.130308206419359],[74.825987234095834,13.130392150781894],[74.826102665004541,13.131129598504526],[74.825884163331935,13.132054492058254],[74.825587915238984,13.132607684162782],[74.825250927598333,13.135459287975788],[74.825169829221579,13.136169457313992],[74.825154438130284,13.136305359598738],[74.823744033649405,13.136856743345344],[74.823782879011716,13.13748230235559],[74.823743641351669,13.137481644298687],[74.823752203330088,13.137620511674299],[74.82315868184304,13.137583203325958],[74.822984553978003,13.138260377429045],[74.82181145091387,13.137723833336262],[74.821797706013967,13.137717386400233],[74.820402291380788,13.137185041234529],[74.820367201436738,13.137171301848907],[74.820388750269274,13.138051998239186],[74.820410574878309,13.138618238144423],[74.820461477977119,13.139678933906477],[74.820469005385945,13.139847428634548],[74.820528279198001,13.141101463169367],[74.82052933631914,13.141122146996359],[74.820780069842684,13.142287339576642],[74.82080582781586,13.142415235851251],[74.821026845431987,13.143772154326777],[74.821102770896843,13.144214949798164],[74.821212817010149,13.14486771135722],[74.821215274569241,13.144882406347907],[74.821408582888338,13.145816377445161],[74.821468572683614,13.146111325526276],[74.821480528375972,13.146137681180667],[74.821527494417012,13.146241230480257],[74.821568947770004,13.146332753840898],[74.821615277091453,13.146435208530241],[74.821620775879893,13.146447376418001],[74.821627508185685,13.146462277827778],[74.821660884100751,13.146536216802016],[74.821690325548218,13.146554088173755],[74.821712390691232,13.146586377333119],[74.821807486674217,13.146725754991218],[74.822374389476835,13.147110931532605],[74.822451982647848,13.147164019842787],[74.82355826449411,13.147345441423585],[74.823609641198544,13.147232080079375],[74.824227343892957,13.147360367058763],[74.824975120512846,13.147591390676761],[74.824981860032267,13.147596447352951],[74.82498551198772,13.147599188835798],[74.825582332539796,13.148050446499367],[74.826403834320146,13.148730854251456],[74.826724635729235,13.148998296022318],[74.826853293677644,13.149045245879869],[74.828489131270658,13.149647769002522],[74.828851863378148,13.149776563699767],[74.828983645218969,13.149859906424123],[74.829140476361388,13.149982681420296],[74.82945737389781,13.150231257111788],[74.830236955511921,13.150892722280878],[74.831028280102586,13.151094660883714],[74.831618814955533,13.151319256476],[74.831700909425052,13.151384927709119],[74.831903489289417,13.151547072525529],[74.832162381156934,13.15184740282675],[74.832253419511616,13.151800912903695],[74.832256906754395,13.151799125654476],[74.832397894422868,13.151868301125193],[74.832549155171591,13.151800938509865],[74.832568513810998,13.151779150378355],[74.832617039664754,13.151724547653343],[74.832648266115228,13.151689402318674],[74.832654268368671,13.151682633338323],[74.832692471248961,13.151639653532216],[74.833116166947278,13.151870800493683],[74.833323660459385,13.151945875521085],[74.833633632475198,13.151867192584401],[74.834023652070002,13.151802000066441],[74.834967731364387,13.151642647673956],[74.835428180395823,13.152027061715103],[74.835673782794274,13.151857276324259],[74.836168881249876,13.151417812139034],[74.836797171886289,13.151269901012215],[74.838370942575636,13.15076971440935],[74.838967225431446,13.150577383259199],[74.83925084244558,13.15064995843364],[74.839372012012248,13.15070569218288],[74.840297837342263,13.151612709151129],[74.840618943287183,13.151700871115796],[74.841200956971349,13.151858290213365],[74.84125337432458,13.151828842889152],[74.841366179618205,13.15176535316869],[74.841798690812837,13.151270187720197],[74.842120013859201,13.151166286256016],[74.842161865541357,13.151519654401856],[74.842162713812669,13.151523522434372],[74.842214064664887,13.151757632004326],[74.842235503383705,13.151855328540982],[74.842240792684137,13.151879430263611],[74.842242832410037,13.151888723670893],[74.842249525677573,13.151919243774117],[74.842313929451294,13.15221260379229],[74.842352958212871,13.152206070062192],[74.843001017257109,13.152106415229186],[74.843472515811897,13.152036580391893],[74.844400535652653,13.151902525336617],[74.844758921685894,13.151850803334447],[74.844874334747701,13.151834097240517],[74.845552341236555,13.15173478317636],[74.84585026302895,13.15169030619119],[74.845930953976833,13.151678186888038],[74.846093162735386,13.151653738912803],[74.846144482561655,13.15153220841459],[74.846150482863123,13.151334084522835],[74.846223019878295,13.151321573221697],[74.846279427001036,13.151311827419619],[74.846374124524672,13.151295450063948],[74.846789547899263,13.151655461728437],[74.847261488281987,13.152735239738529],[74.847495409415927,13.152452976161245],[74.84799888409205,13.152071953347724],[74.84829369016515,13.152472747406946],[74.848525240321237,13.152558781309198],[74.849449641835321,13.152902243732834],[74.849831711175327,13.153044200750619]]]]}},
{"type":"Feature","properties":{"KGISTalukC":"1604","LGD_TalukC":7066,"KGISTalukN":"Bainduru","KGISDistri":"16","SHAPE_STAr":575053392.04499996,"SHAPE_STLe":168244.30335100001},"geometry":{"type":"MultiPolygon","coordinates":[[[[74.587625059514849,13.93006198704686],[74.58763619630966,13.930058012113612],[74.587847508740282,13.930022484381118],[74.588080161015384,13.930037830291996],[74.588220855823835,13.930115818894048],[74.588169731547794,13.930217406185189],[74.588022632930304,13.930297539481669],[74.587881433710209,13.93036619952681],[74.58784989630162,13.930471408578457],[74.587994611360173,13.93063050399889],[74.588248457528778,13.930953059535485],[74.588658916108272,13.930837126656947],[74.588941063381398,13.9305654759508],[74.58928657727617,13.930817252730774],[74.589488626130759,13.930826564550978],[74.589540804970227,13.930751892700329],[74.589678983106111,13.930521864075118],[74.589804676459906,13.930426382277805],[74.590061743405101,13.930486623088717],[74.590147298538923,13.930582460455819],[74.590082309530729,13.930977084520761],[74.589668172398433,13.931442890394326],[74.589817820354625,13.93165247096465],[74.590136083650819,13.93173374751656],[74.590650010083266,13.931973844229068],[74.590879609438758,13.931986191348454],[74.591170618730189,13.931896967595913],[74.591347570666827,13.932250133237158],[74.591650133766635,13.932555661707688],[74.591778432766674,13.932720348751026],[74.591763029708915,13.932774150838997],[74.591589955826947,13.932931275615667],[74.591509525447364,13.932984729052054],[74.591418351817083,13.933575958741766],[74.591421681548425,13.933910890420091],[74.591448773512866,13.934104235060483],[74.591552627640411,13.934102495964911],[74.591836850485606,13.934043642511643],[74.591993575769408,13.934061129773463],[74.592157466453727,13.934461400849919],[74.592241087982302,13.934823260632029],[74.592235300945021,13.935224922099762],[74.592344848763091,13.935607877354741],[74.592347621590974,13.935772354895963],[74.59229135790514,13.936430149586606],[74.592242014325009,13.936633415262976],[74.592253825216261,13.936881638075036],[74.592366256773985,13.937366272704715],[74.592723560061586,13.937887201258295],[74.593062494638261,13.938408098612946],[74.593117186531487,13.938647421710602],[74.593115657376799,13.938821222303703],[74.592920554807108,13.939456297028082],[74.59305045108718,13.939900290312989],[74.593725840817555,13.940263855715504],[74.594089151570486,13.940504890467523],[74.594341790812621,13.941004110897557],[74.594374342738206,13.941298420935862],[74.595002070356955,13.941608075625714],[74.595115340903988,13.941679085126266],[74.595170509102815,13.941713669671232],[74.595220230291389,13.941746074202634],[74.595342300167147,13.941825631013266],[74.595389511874558,13.941751646861986],[74.59542439129379,13.941780951557968],[74.595463831836497,13.941814014382722],[74.595502971888834,13.941846866027195],[74.595515166585344,13.941857101757405],[74.59555724467738,13.94184281773803],[74.5955751003833,13.941839211674449],[74.595596972488764,13.941834793994211],[74.595621821934074,13.941829774549523],[74.595614524469568,13.941824851805945],[74.595551625913885,13.94178242699747],[74.595543714472896,13.941777090924004],[74.595534534475846,13.941770850367307],[74.595658499686706,13.941612593501564],[74.595676039994899,13.94159020067487],[74.595681470485573,13.941583267367912],[74.595683012912104,13.941577877375764],[74.595720823065378,13.941524331089321],[74.595735066163655,13.941527812338405],[74.595889120578818,13.941565470555497],[74.595982880157308,13.94137043180438],[74.596060170290698,13.940476022676121],[74.596072308553076,13.940335552488017],[74.596075276044701,13.940301207454675],[74.596134311189999,13.939595509147944],[74.59610881668543,13.939418470090368],[74.595995454593108,13.938616971360922],[74.595874050921267,13.937710335116138],[74.59586810532295,13.937665931607921],[74.595862160636671,13.937621537142814],[74.596388327943586,13.934650031586399],[74.596403979930997,13.934561634595093],[74.596428549006106,13.934420155037754],[74.596704178623213,13.932832943655729],[74.596831456511097,13.931973077456249],[74.597016548129673,13.932030239729718],[74.597303187666043,13.932117951251355],[74.59742184939077,13.932154261408526],[74.597763488483551,13.932257608019665],[74.597848002684273,13.932283173221135],[74.598849566850632,13.932274291586666],[74.598918851149634,13.932273676885911],[74.599149303008076,13.932953255546632],[74.599384974767162,13.933648221852264],[74.599586250614522,13.934241755981583],[74.599973381861659,13.935624492048275],[74.599975614066167,13.935632936280182],[74.600097465777424,13.936093908079245],[74.60014808967675,13.936294885696425],[74.603411524115359,13.938229577861978],[74.60573567520278,13.940229772622249],[74.606150640182221,13.940586891123742],[74.606270623568463,13.940690147804562],[74.606443113044165,13.940838591862969],[74.606541022112026,13.940734219964421],[74.606783368128745,13.940773719270261],[74.607891857818544,13.940953810395094],[74.61147219271686,13.941532405610403],[74.614669000182047,13.9416638974169],[74.618645838666311,13.941816967886277],[74.618779130391786,13.941709944659534],[74.619050362249439,13.941492165534031],[74.619859841713307,13.940842209460707],[74.619857754906079,13.940814593254236],[74.619834193954063,13.940502733318221],[74.619742416182532,13.939287937566613],[74.62006618989335,13.937844937985471],[74.620076887000508,13.937797264253094],[74.6204709015107,13.936202577632033],[74.620513948392187,13.93602835456009],[74.620608189173254,13.935825134382956],[74.624022789488691,13.938710798361937],[74.62653730097459,13.940848628663188],[74.62886576409781,13.94294787320929],[74.62988159021333,13.944911132224126],[74.630840319277297,13.9458216749175],[74.631682333725223,13.94619615460873],[74.631827180909127,13.945987841979264],[74.631815683110574,13.945515338888175],[74.631436761471235,13.945048260036776],[74.631106658992195,13.944688910737739],[74.631058240441789,13.944329987176552],[74.631132321411542,13.943953306554368],[74.63150000927034,13.943780419500216],[74.632136828607557,13.943799325318079],[74.632498003552712,13.943871640688904],[74.632975829121051,13.943752744796171],[74.634144661523692,13.944238951543442],[74.634891687868262,13.944269977288421],[74.635204232886977,13.944114944578644],[74.635241416090324,13.943833901037902],[74.635242355479406,13.943235818511903],[74.635126862975909,13.942691389588209],[74.634582679953326,13.942176220855359],[74.633065999405702,13.940941887474654],[74.633624876578324,13.939902064180538],[74.634756921951563,13.94040615507433],[74.635088659113791,13.939724836946876],[74.635223177274511,13.939850635615588],[74.635820948979898,13.941334778231468],[74.637070343801511,13.941205065433124],[74.637542120965108,13.941032324141153],[74.637732853740786,13.940452466485171],[74.637673139776155,13.939477501030751],[74.638279833974053,13.939173379627473],[74.640440133461198,13.939995954455652],[74.642419422791164,13.939077819213468],[74.643653509938517,13.940933689563536],[74.644375648627502,13.941215844923043],[74.645386141690508,13.941139567536634],[74.647823956153559,13.940700523408122],[74.648373837060134,13.941514712916595],[74.648041446896841,13.942650593681208],[74.648137311315878,13.94404426885707],[74.649482922344788,13.945086877100266],[74.650768452739143,13.945369824468989],[74.651706797312627,13.944414233198072],[74.651675874439718,13.944617537435279],[74.651824030367862,13.945457460617094],[74.652641748821466,13.945721785855902],[74.652729542082753,13.945980284024333],[74.652552652681479,13.946334097505989],[74.651817437912243,13.946586634798807],[74.651169603770754,13.94696369608042],[74.651009970804367,13.94724157670352],[74.650661071782466,13.947142392113481],[74.650659460855493,13.948212960915653],[74.650520989979768,13.948670296000786],[74.650355128294834,13.949016946980656],[74.650182578713583,13.949737390576541],[74.649664497665881,13.950152313334396],[74.649394995649331,13.950190800763078],[74.649199538430381,13.94985858248365],[74.648804573253926,13.949849041433829],[74.648681813889425,13.95003726091322],[74.648456953014531,13.950925091359014],[74.648432009067875,13.951221106431349],[74.648350514225342,13.952033119622611],[74.647511145282536,13.95353254338527],[74.647003833899731,13.958396193101983],[74.646942961447138,13.95906443494242],[74.646911436157993,13.959410508521518],[74.646842766910595,13.960164341082653],[74.646664558645213,13.962110137435916],[74.646632009988494,13.962465521611067],[74.646576950069687,13.963067105818785],[74.646825303334353,13.963262280158578],[74.647500180455765,13.963165451817812],[74.647786990369994,13.963414309195899],[74.647787016252352,13.963414336359019],[74.648182262232638,13.963946562587198],[74.653249588565018,13.970769796402898],[74.653773000186689,13.971474549160773],[74.653885319161716,13.971625781662318],[74.654320108758938,13.972211204417045],[74.654377903643237,13.972289021408116],[74.654410569530441,13.972333138855394],[74.654441015934992,13.972374260282539],[74.654572867936224,13.97255233934713],[74.654692977608093,13.972714604601267],[74.65481523946319,13.972879797900418],[74.65520389585528,13.973385051631553],[74.655209962545783,13.97339293842319],[74.655251343578115,13.973446733888027],[74.655265732886804,13.973464682527188],[74.655295096510031,13.973501309407823],[74.65529506502601,13.97350131207571],[74.655299466837988,13.973506806736571],[74.655333442953506,13.973549219720617],[74.655629625486526,13.973918948608164],[74.661806690736384,13.978705767938958],[74.662133742521135,13.978959202058986],[74.664639459209326,13.980900859337039],[74.664660080261427,13.980916837677789],[74.66466800830564,13.980922980823893],[74.664746012437902,13.980983424944746],[74.664746049562112,13.980983364415447],[74.664750891357883,13.980975559824897],[74.664750921983696,13.980975511041056],[74.66475988352947,13.980961064552035],[74.667773706963629,13.976102599165964],[74.667847973409295,13.975982874113306],[74.669244169061713,13.973732035831476],[74.66997349290267,13.972556345781523],[74.670022877049931,13.972476737576281],[74.670120891700549,13.972318733529791],[74.668738221785418,13.971137713070719],[74.669537335143417,13.970364920618472],[74.669737830076627,13.969932209817602],[74.669811312565173,13.969810812036176],[74.669980242712739,13.969471075611622],[74.670603721888142,13.969455622547949],[74.671090695555378,13.969267870853146],[74.671353670895854,13.969165366995995],[74.671764880734898,13.968980112809561],[74.671910593399133,13.968899250836087],[74.672324045398852,13.968633657907443],[74.672680418734231,13.968389699676832],[74.673035707555755,13.968169075658031],[74.67319350089862,13.967950941603021],[74.673212498367377,13.967925556721807],[74.673314751001286,13.967788701402217],[74.673445366161971,13.96759744744028],[74.673610317104888,13.967583434348406],[74.673793510270514,13.967567460027981],[74.673988388370489,13.967544490159506],[74.674180846242223,13.967528759444598],[74.674218511747654,13.967525753772087],[74.674371187271689,13.967513241842036],[74.674684119549269,13.967476116226099],[74.674938115730001,13.967345437219024],[74.675231503508456,13.967200066864907],[74.675627657372303,13.96701720366331],[74.675628885193078,13.96701711036194],[74.675711498949852,13.967009684175975],[74.67578673356364,13.967002945249414],[74.676260697402739,13.966940315363894],[74.676373549392466,13.966915196261825],[74.676884711955978,13.966711172328242],[74.677140667351424,13.96661153439646],[74.677342028575396,13.966348111185425],[74.677466071371114,13.966188962138474],[74.677548916065106,13.966065840059565],[74.677544244093994,13.966060586850521],[74.677484314352014,13.965994026812856],[74.677280082583721,13.965767199330385],[74.676895856298728,13.965357394909329],[74.67655576539056,13.964867571788631],[74.676692779567645,13.964742594320635],[74.677177271398222,13.964300660868014],[74.677004349417274,13.964245642725409],[74.676656613188371,13.964135004081067],[74.676771591603682,13.963901160845584],[74.676805421683667,13.963832357206918],[74.677474574611736,13.963814029988059],[74.677626772853088,13.963805328290785],[74.677703177152807,13.963727621353895],[74.677918537177618,13.96338855711671],[74.677968355268476,13.96330508411352],[74.677943632425468,13.963175087653676],[74.677897423073745,13.962932114054391],[74.677820863353432,13.962571478701559],[74.677796219853221,13.962421135344462],[74.677834137073987,13.961899081072135],[74.677864333090966,13.961565984083773],[74.677901460801792,13.961127521068651],[74.677952696275383,13.960664350735559],[74.677985570774268,13.960326952390542],[74.677997392805537,13.960243544766175],[74.677993249706532,13.960236206299463],[74.677776004698899,13.959850441557901],[74.677681485132183,13.95966891861041],[74.677565712583132,13.959481905237464],[74.677693792330302,13.959331679285739],[74.67774918330457,13.959266709780497],[74.678328018663251,13.958671490948554],[74.678923996537961,13.958036029691229],[74.679218441283254,13.957738604176864],[74.67964106414334,13.957554669315666],[74.679914847216395,13.957440754583994],[74.680188764318757,13.957326804450492],[74.680383622643561,13.957243671629236],[74.680463685644369,13.957209514337807],[74.681103159566987,13.956856588177791],[74.682375907670234,13.956739950124879],[74.682484292983887,13.95661777363569],[74.682609571106269,13.956464821501559],[74.683060925401676,13.956560868149376],[74.683705522728587,13.956698939841587],[74.685464420226282,13.956961289467454],[74.686228095295206,13.95689904303738],[74.68730230612087,13.956813912510997],[74.688141803567248,13.956297444924003],[74.688416293386254,13.955902750179733],[74.688743722035923,13.955104449404137],[74.689814996298566,13.954727151489413],[74.690890383654605,13.953892284319688],[74.691775148851136,13.953514254966054],[74.691799025208383,13.953466316045056],[74.692111108263788,13.952839712202989],[74.692556564051344,13.952170714350832],[74.692916483412958,13.951249234172764],[74.693150753600221,13.95060030280799],[74.693257657216748,13.950266043025811],[74.693256845999741,13.950206662818021],[74.693255326584307,13.950095415461886],[74.693252653463375,13.950090079168472],[74.69315115157201,13.949887470986154],[74.69318074897366,13.949844195704856],[74.693309212026705,13.949656368907279],[74.693324692273251,13.94963458654054],[74.693508890286168,13.949375400504524],[74.693770041221129,13.949003354975035],[74.693844281883685,13.948891225495254],[74.694078985589144,13.948423705236181],[74.694176114887668,13.948185211921059],[74.694221593468384,13.947949551605861],[74.694247341820514,13.947801620145761],[74.694273069929025,13.947653568397536],[74.694303561990779,13.947507697210023],[74.694336548623056,13.94736421983322],[74.694360033148783,13.9472557779106],[74.694351219045316,13.947211268831753],[74.694294127014501,13.946922970494624],[74.694150538559185,13.946674734917057],[74.693909155220197,13.946300477472001],[74.693668343724724,13.94594456385857],[74.693544521517708,13.945750591678628],[74.693532120916501,13.945600357183636],[74.693529149182027,13.945265776084431],[74.693519517449204,13.944912244666696],[74.693513209807122,13.944578635876749],[74.693508877548439,13.944229059719721],[74.693506354576414,13.944044771291219],[74.693500472632252,13.943621507817801],[74.693485944921548,13.943287356074777],[74.693481105857629,13.942831491421689],[74.693494710736488,13.942363726385844],[74.693494107930448,13.941619528171993],[74.693474962886356,13.941342688234283],[74.693480495377628,13.940808009959994],[74.691547884341034,13.939469114124412],[74.690056247544959,13.938862535996577],[74.688885714795191,13.939160066133047],[74.688024373674637,13.939069354193292],[74.687862828372587,13.9390543328948],[74.687487869528596,13.939078290500897],[74.687356340732691,13.939085300054236],[74.686943961129415,13.939107217743464],[74.686243946227094,13.939158785292506],[74.68557666297346,13.939226632377812],[74.684702326227949,13.938695521456625],[74.683524690878315,13.937046244927952],[74.682809672255473,13.936284987779027],[74.682437199827277,13.935933397400516],[74.682051640597493,13.935124358585689],[74.682083553369935,13.935054683408058],[74.682230280376317,13.934734334220332],[74.682388758076726,13.934388330232048],[74.68303538192626,13.93445462695685],[74.683491163663078,13.934488527328829],[74.683945019022801,13.934210737494805],[74.683974928897314,13.934147079564417],[74.684002465725243,13.934088471178359],[74.684887001245542,13.932205860299232],[74.686674334575983,13.92984646544085],[74.686832028181385,13.929708102409686],[74.687397259977914,13.929212158616117],[74.687676496605121,13.928961424986571],[74.687900408448414,13.928768047279176],[74.688139650426578,13.92845400089654],[74.688384517114457,13.928132472018879],[74.688542163095676,13.927916084928823],[74.688793119653141,13.927575979504057],[74.688909626040413,13.927417464945755],[74.688980403766294,13.927308573774839],[74.689445570964793,13.927172206105974],[74.689638392250643,13.926953513079175],[74.689863284798719,13.926639184385483],[74.690158255187129,13.92622530154404],[74.690323965191908,13.925875111871468],[74.690392974538128,13.925792705451286],[74.690620310330644,13.925669235352288],[74.691037377759883,13.925441688805781],[74.691284626898778,13.925275324859037],[74.691532872572239,13.925097860224302],[74.691857543032881,13.92485897513944],[74.692094568806283,13.924679833817288],[74.692488271733026,13.924541623892097],[74.693131156342773,13.924305264966499],[74.693600579267027,13.92413282442655],[74.693939847501341,13.923960527913049],[74.694287563787981,13.9237933248885],[74.694546624130467,13.923873134622466],[74.694911906959504,13.92400843632791],[74.695137520044014,13.924088060713876],[74.695504248120642,13.924038466530982],[74.695873412312423,13.923985451553975],[74.696242481936878,13.923932428663006],[74.696530874207482,13.923878427716785],[74.69685911250258,13.923787608371207],[74.697187418945546,13.923689048760867],[74.697517998343017,13.923592117263773],[74.697845128617246,13.923505675115058],[74.698171149702333,13.923419217585781],[74.698511994451934,13.923313525844796],[74.698852808803025,13.923213920618856],[74.699157280767196,13.923104736237692],[74.699396863047056,13.922983162664881],[74.699565891162251,13.922911040007],[74.699782643095105,13.922868885852905],[74.700027939337772,13.922816727359391],[74.700286814341055,13.922766015746951],[74.700553778684863,13.922711798285759],[74.700828604350249,13.922652136076078],[74.701096680201715,13.922593591904104],[74.701273635660272,13.92248354499516],[74.701380079982414,13.922423073574475],[74.701863207498732,13.92241079096782],[74.702220471782425,13.92239761858624],[74.702818694216731,13.922299800390585],[74.703259892113877,13.922218976570505],[74.703415867007564,13.922202997562966],[74.703504120802833,13.922316233233687],[74.703693012860555,13.922583082785343],[74.703793132885011,13.922730076417634],[74.704056171373736,13.922737102292881],[74.704661937254656,13.92274803081464],[74.704790171085847,13.923164124762076],[74.705565331072577,13.923326056838679],[74.70555980254538,13.923296328374473],[74.705452366664701,13.92271856278157],[74.705446043489303,13.922524711142756],[74.705446953587398,13.922523130805635],[74.705478309736122,13.922468695471828],[74.705764107464958,13.921972539941416],[74.706422980665153,13.92192996634617],[74.706953455074938,13.921774936547989],[74.707139031026799,13.921658878254663],[74.707612096451427,13.921247533669403],[74.707655746155396,13.921204658447273],[74.708040583302761,13.920826552083676],[74.708177965739154,13.920690976971764],[74.708173751970378,13.920679237283448],[74.708078786393557,13.920414655554877],[74.708024343790427,13.920317924667593],[74.708032215435182,13.920300466851289],[74.708158604366758,13.920020159419181],[74.708335818039075,13.919691122334884],[74.708625872241484,13.91913096840476],[74.708744198590409,13.918896882490783],[74.708890580450685,13.918659393158791],[74.709020122563572,13.918420907104018],[74.709188890436721,13.918180255186879],[74.709192763939029,13.918170220524482],[74.709268101679768,13.917975051160736],[74.709450924350932,13.917620922990833],[74.709536707585158,13.917441511633333],[74.709540487409782,13.917439018747398],[74.710255709325224,13.916967356857674],[74.71042624396766,13.916855993425504],[74.710807110349904,13.916474872085629],[74.711073775678912,13.916201309082384],[74.711099888976307,13.916177105763479],[74.711317522122599,13.915975394171639],[74.711326687230638,13.915965567370215],[74.71153895268462,13.915737985601137],[74.711727895596383,13.915469455785795],[74.712054994929943,13.914986287282401],[74.712149220785903,13.914834605716933],[74.712141321920313,13.914607300537616],[74.712131720375496,13.914330937099646],[74.712256468974203,13.914095651566791],[74.712385593885159,13.913855049023796],[74.712509631543156,13.913653100210947],[74.71263449725167,13.913449804147024],[74.713065337992319,13.912946657840468],[74.713292105750824,13.91267769555988],[74.713460141491154,13.912487124790205],[74.713635781913752,13.91230193374906],[74.713922575743354,13.912074910104215],[74.714228270582097,13.911808729425996],[74.714636057915612,13.911454584599376],[74.714686544816544,13.911250207575069],[74.714712152890783,13.911146544287179],[74.71474829607051,13.911000232425728],[74.714894651825261,13.910483926534072],[74.714933245010002,13.910274057914116],[74.714722862435949,13.909980323424225],[74.714541667832179,13.909719530230303],[74.714392298282036,13.909548921637972],[74.714326458728706,13.909469826835084],[74.714189435628001,13.909305216547729],[74.714233539082898,13.90930083402565],[74.714457188130908,13.90927861120405],[74.714599975006863,13.909263009074468],[74.714596946635083,13.909247663126674],[74.714537518112238,13.908946534158835],[74.714446785614584,13.908890886820449],[74.714109520437205,13.908812000407567],[74.713904706681689,13.908757277993942],[74.713518824143861,13.908779154376536],[74.713325577412022,13.908784439395761],[74.713477466245948,13.908639075628514],[74.713732046606751,13.90840144055996],[74.714073176993722,13.908060804731241],[74.714068069854704,13.908021220257147],[74.714061617614675,13.907971217862796],[74.714038970171103,13.9077956940123],[74.713980849497275,13.907558022034852],[74.713957889624808,13.907397294078949],[74.714061259748718,13.907072404478599],[74.714203069074941,13.906689999587574],[74.714313122581984,13.906375553914415],[74.71442373902488,13.906084884688704],[74.714367209549238,13.905950555272584],[74.714286723293768,13.905792814367455],[74.714175136393294,13.905557372847289],[74.714024045963612,13.905307826540774],[74.713547661485379,13.905122675223254],[74.713337632541368,13.90466405606027],[74.712333268076108,13.904579954115517],[74.712249661381648,13.904510025359508],[74.711936897957287,13.904248422267695],[74.71149312966395,13.903948763663761],[74.711431292242409,13.903907007099646],[74.711409172340851,13.90389028495667],[74.711461417619887,13.903879009905101],[74.712299139436979,13.903698222667558],[74.712311995890275,13.903695448373947],[74.712665111716674,13.903991024861961],[74.713064090847311,13.904332319415696],[74.713464077349457,13.904222133709919],[74.7136320088877,13.904175871355875],[74.71403554430853,13.904053852929978],[74.714452839704123,13.904171729729228],[74.715114445835582,13.904324925111458],[74.715673689499837,13.904395259147529],[74.716720672300468,13.904666122535073],[74.717069700619248,13.904754999436202],[74.717572856242953,13.904868272252569],[74.717630069580878,13.904881152730551],[74.717939088742639,13.904880689940049],[74.718030946072105,13.90488055194526],[74.718764992638299,13.904863618740876],[74.719045586062066,13.904827162778794],[74.719407776387115,13.904758963531854],[74.719792839996501,13.904690252006684],[74.720107119901868,13.904738517883603],[74.720513043142731,13.904796917671716],[74.720711607543578,13.904870638117451],[74.720981764851217,13.904965923984603],[74.721198169125216,13.905058060325189],[74.721365463728375,13.905190692757154],[74.72147997676862,13.905183451543213],[74.722442546157325,13.904812303631227],[74.72302977572599,13.905207276722626],[74.72349257123436,13.905799132075835],[74.724538748550643,13.905820742751844],[74.725139267242142,13.905860975736502],[74.725255687918576,13.905923828289112],[74.725321494637456,13.90595935594437],[74.725830536289806,13.906234174138888],[74.726199767707996,13.90619474429738],[74.726735107875797,13.90690103790496],[74.72746886425152,13.907132630439188],[74.727699567087839,13.907195150110553],[74.728699100700439,13.907157248159727],[74.728755755121767,13.907143227356553],[74.728759353182738,13.907143093917755],[74.729154472598736,13.907045559341423],[74.72931824619539,13.907011319153481],[74.730094013648824,13.90700702446807],[74.730562992898243,13.907428352705651],[74.730711924210212,13.907562151187099],[74.730814467370195,13.907569064794831],[74.732327932871101,13.907671100985457],[74.733036472481402,13.907713604983471],[74.733645552690533,13.908407538934869],[74.733852263946503,13.908634792281275],[74.734280918366323,13.90910604360805],[74.734327755794027,13.909099226323249],[74.73528030234246,13.908960583834586],[74.735284307228795,13.908963314336058],[74.736702890408282,13.909930271289808],[74.737461813619475,13.910091187284351],[74.737558928669884,13.910111778177372],[74.737583963790982,13.910110669432328],[74.737595043771577,13.910113046730848],[74.738808318369351,13.910060633797013],[74.739041972387724,13.910047462804537],[74.739175282793283,13.910039948602464],[74.739417412447651,13.910026299851582],[74.740262164896095,13.910008939415954],[74.740831556910933,13.909981494865896],[74.741400967238064,13.909954130381992],[74.741970954399164,13.909932365780829],[74.742539016133804,13.90989220190068],[74.743112321584832,13.909866996751463],[74.743370696914354,13.909851520226493],[74.743498755217018,13.909843848940898],[74.743684715924601,13.909832709336063],[74.744257147118546,13.909798445026951],[74.74482950037806,13.909764212745834],[74.745253641266117,13.909726785407912],[74.745692173656593,13.909492061752191],[74.746025186989115,13.909313745313106],[74.746130685825108,13.90925725408227],[74.746562289544713,13.909009293190952],[74.74662618731314,13.908975811974676],[74.746990785452212,13.908784770547829],[74.747409812205277,13.908557729990024],[74.747829441001628,13.908354374802988],[74.74824604250054,13.908121690781817],[74.748662950211369,13.907892689148829],[74.749080102263775,13.907665533411521],[74.749497277635641,13.907438322715972],[74.749748210021437,13.907266706430971],[74.750136852347566,13.907277763367459],[74.750534739206557,13.907289454841806],[74.750932650985987,13.907301260526715],[74.751332771971875,13.907298627756393],[74.751738004233772,13.907327288433201],[74.752141169793944,13.907335840569221],[74.752546166993355,13.907344598245947],[74.752951176340019,13.907353287448347],[74.753356217148237,13.907362024837559],[74.753584730462222,13.907345516252811],[74.7536913447572,13.907303919508326],[74.753768023886508,13.907232879818721],[74.753940498474051,13.907185004643035],[74.754134060667212,13.907144102978606],[74.754279599147111,13.907108728100898],[74.754422256295143,13.907074053703056],[74.7545804040288,13.907035613438858],[74.75502564441112,13.906934310352231],[74.755470900134057,13.906833026354169],[74.755916697639236,13.906737288437464],[74.756362746511726,13.906643366487442],[74.756808759830065,13.906549476231616],[74.757135856655623,13.906476242632181],[74.757267179162241,13.906617000708193],[74.757725188600034,13.907185539012149],[74.757879921234533,13.907383927450434],[74.757908398548651,13.907420970914062],[74.758034382597685,13.907568375480402],[74.758159708842896,13.907717408697744],[74.7582811763248,13.907873547748837],[74.758400297708945,13.908033048943025],[74.758519321107528,13.908191687376284],[74.758655186160496,13.908337298429775],[74.758874754546085,13.908570445395135],[74.759238798646138,13.908912326393766],[74.75940362336614,13.909047783419354],[74.759562812400077,13.909199069120996],[74.759723144702591,13.90934327506066],[74.759883786195203,13.909491237244707],[74.759888531328471,13.909495414794405],[74.760044739799994,13.90963294347587],[74.760205801770098,13.909775675070749],[74.760367290507389,13.909922149460932],[74.760527827943392,13.910068573080894],[74.760686579021851,13.910215069892899],[74.760844693538672,13.910355182331466],[74.761003491032639,13.910501933969524],[74.761163102160111,13.910647081348143],[74.761323606490748,13.910791560389882],[74.761484135916859,13.910936133388615],[74.761642630785701,13.911087223572542],[74.761800746294625,13.911233841114401],[74.761961055339455,13.911375457760299],[74.762121515248012,13.911517281510903],[74.762282642452519,13.911665734492848],[74.762443988961166,13.911815368467558],[74.762605326369339,13.911965052963138],[74.762764759142826,13.91211369205508],[74.762924089379567,13.912261415894712],[74.763068984171468,13.912361098159909],[74.763393434038065,13.912226344663454],[74.764224132866104,13.911893365527423],[74.764454940909459,13.911810166140317],[74.764685007607099,13.911720300962388],[74.764770924716629,13.911696886387915],[74.764914235868147,13.911744640577385],[74.765118418792497,13.911818701304995],[74.765322853931437,13.91189521248646],[74.765530886279336,13.911967120058986],[74.765739206958003,13.91204146545434],[74.765946602947508,13.912114071914695],[74.766154026021724,13.912187491101529],[74.766361446392452,13.912260969788065],[74.766568913315965,13.912334311810154],[74.766783009269446,13.912408251341281],[74.7669974788095,13.912485478712453],[74.76721138788993,13.912556813597531],[74.767425739994195,13.912632350534297],[74.7676400923161,13.912707811331741],[74.767854497579549,13.912783234016379],[74.768069179973907,13.912861222896073],[74.76828390246537,13.912939063337781],[74.76849570258041,13.913019938929367],[74.768703928001642,13.913097997080062],[74.768911335241029,13.913168644363655],[74.769118833436551,13.913239176725055],[74.769326711732617,13.913312986090256],[74.769534225897033,13.913382610299845],[74.769741729244757,13.913453003798004],[74.769949564429822,13.913524940902803],[74.770157405272997,13.913596904963271],[74.770365268734963,13.913668593088493],[74.770573053740534,13.91374018602327],[74.770780894575964,13.913811616078991],[74.770988348506265,13.913879396245884],[74.77107452643682,13.913909105050669],[74.771070075556352,13.913776747740538],[74.771067148192202,13.91368967870063],[74.771046073800562,13.913062980702186],[74.771032001766599,13.912644517410728],[74.771099926398293,13.912629001793579],[74.776580282230768,13.911377069909433],[74.777355163744645,13.911200045091078],[74.778566221725512,13.910923367918556],[74.785225124853142,13.909428408157044],[74.787073563562231,13.909013387817938],[74.78791157391673,13.908817907857518],[74.789248789177975,13.908505506745177],[74.790109123128786,13.90782642738732],[74.790809007854378,13.907369220453383],[74.790996556313758,13.906759604103822],[74.791085307884771,13.906471119626289],[74.79118026697877,13.906162458644626],[74.791949123161288,13.903638831663239],[74.792013130071524,13.903428739820797],[74.792795261402873,13.906232537289155],[74.795609465990026,13.906819869120813],[74.799718926170414,13.908196366221105],[74.799917628452022,13.908262921136316],[74.79992649347389,13.908265890569579],[74.800220744057953,13.90837284462561],[74.80041688967566,13.908444138677137],[74.802494048461284,13.907089669890658],[74.803012091212423,13.906858371513042],[74.803256341015128,13.906749317452409],[74.805505876857424,13.905744912868162],[74.806631244145294,13.905814276001019],[74.807351159163474,13.9058586457949],[74.814496915436251,13.906513759045779],[74.81549667179037,13.906608745681629],[74.816571782868095,13.906716292714243],[74.816972229980337,13.906912039460897],[74.81778617544046,13.907320537941244],[74.818534482772847,13.907691909907774],[74.818990925959483,13.907949280233488],[74.819926242774429,13.907209410417575],[74.82054192516209,13.906718118760818],[74.821754156411345,13.906043353414807],[74.822776397589735,13.905457103850983],[74.823746492483011,13.904941769595753],[74.824316129067441,13.904564331942289],[74.825783050776508,13.903533108067919],[74.82716486708496,13.902585454613734],[74.82793386967694,13.902058064295719],[74.828322113312836,13.901795607787614],[74.828712742557869,13.901531536509236],[74.828904465182063,13.901547377871632],[74.829330471972213,13.901566267395314],[74.82974750284653,13.901579323229534],[74.830172466714828,13.901604429669392],[74.831840357136002,13.901720424439025],[74.833532865118329,13.901819436440569],[74.834903635066894,13.900002616744956],[74.835546954774046,13.899173985504945],[74.8374476450564,13.898721007016114],[74.837608131122934,13.898655391736868],[74.837793088525544,13.898579771315648],[74.837986385068248,13.898173197715845],[74.838719428867748,13.896329129138522],[74.838721511364824,13.896323889746201],[74.838759216976911,13.896229015698996],[74.838855965753481,13.895985598154335],[74.838872116648204,13.895944959404757],[74.838909414167759,13.895851113141171],[74.838924290136518,13.895813695226316],[74.838944018126924,13.895764071944262],[74.838963076675327,13.895716128230424],[74.839094307386347,13.895386000226779],[74.839200765830199,13.895125028366351],[74.840508290014014,13.891919711333008],[74.840697682732355,13.892132912539788],[74.840837290487741,13.892290070212296],[74.841011279286107,13.892485930248808],[74.841212657676607,13.892712100629311],[74.841513363304841,13.893048989153346],[74.843769045276005,13.891877762965072],[74.844360087805811,13.891353939286223],[74.844635708828761,13.891105921359516],[74.844437661189431,13.890698378710299],[74.844592324876885,13.890577977380886],[74.844961887239151,13.890352920500515],[74.845410815338028,13.890057664696769],[74.845497664826567,13.889761317636122],[74.845597057330409,13.88935869097404],[74.845679298025118,13.889016079977113],[74.845912449742457,13.888789828652889],[74.846298116156362,13.888379791227338],[74.846683716695466,13.887976379140017],[74.846878174135753,13.887747885462591],[74.84707718601436,13.887605231575131],[74.847481975928304,13.887230506149924],[74.847627496082666,13.887118351609802],[74.84805496371871,13.887035225650589],[74.848690485096157,13.886914621054476],[74.849281312841825,13.886791137180738],[74.849449905609333,13.886488637035555],[74.849521041121335,13.886312785781449],[74.849661728252713,13.886047168004964],[74.84981789776576,13.885686437243471],[74.849872786069966,13.885599195251896],[74.850055336607525,13.885435817035907],[74.850206420948112,13.885314533668152],[74.850632322741589,13.884947087427973],[74.851054307071777,13.884579882169955],[74.851466286459541,13.884213259621669],[74.851871810671256,13.883856991927606],[74.851877456841748,13.883852019505863],[74.852291566133474,13.883489715297539],[74.852700111194508,13.883126691784943],[74.85310187352016,13.882762308990381],[74.853499630291481,13.882395681586084],[74.853903058431982,13.882030480121692],[74.85402234917396,13.88196122773611],[74.855512051179005,13.880545701323397],[74.85563719882731,13.880320087243648],[74.85581022615456,13.879996005267632],[74.856146262879278,13.879318598414301],[74.856338251432831,13.878918325206794],[74.857122793829888,13.877298492558531],[74.857290533708721,13.87696731463601],[74.857416466509164,13.876627615383926],[74.857654031455397,13.876129533357],[74.857723107684066,13.875962600991091],[74.857764642277147,13.875876627887948],[74.85788885572272,13.875619546503435],[74.857992399596512,13.875385241762041],[74.858317609071889,13.874589868808819],[74.858458842666366,13.874241820211221],[74.858605949377392,13.873893245048821],[74.858757015258178,13.873544124121295],[74.858908013666323,13.873198695827588],[74.859058978388589,13.87285312996811],[74.859127718697451,13.872623015505118],[74.859129762616675,13.872616173645833],[74.859103111937941,13.872209978683379],[74.859074953974314,13.871990428294813],[74.858979140088394,13.871243351784045],[74.859046784643127,13.871041645048718],[74.859170370881586,13.870757476998373],[74.859259547667193,13.870552427076765],[74.859435809215171,13.870099198866443],[74.85948744390933,13.869959180440254],[74.859538270920041,13.869703221410042],[74.859641332131403,13.869290059785069],[74.859940006423614,13.869064731677669],[74.860497310754624,13.868635465847383],[74.860924123281322,13.868312213384279],[74.861207194018746,13.867888058659451],[74.861485983372916,13.867438986634976],[74.861764801188784,13.866990042680492],[74.861884992178773,13.866783721634295],[74.862124930394842,13.866579305375701],[74.8622676472542,13.866445983529321],[74.862522443552166,13.866207960421166],[74.8628254326171,13.865925087344777],[74.863023608801882,13.865702489373568],[74.863203941205995,13.865387336538086],[74.86346200671062,13.864950156224978],[74.863715293434907,13.864515537286955],[74.863986730238196,13.864079408178267],[74.864245682839112,13.863637914389939],[74.86450460464728,13.863196754843052],[74.864768696360798,13.862754964004978],[74.865032831489501,13.862313177402431],[74.865296840012149,13.861870940125248],[74.865570586864393,13.86149967463342],[74.865843079315255,13.861155018060481],[74.865924908037329,13.861039716722738],[74.866223829546399,13.860676839923048],[74.866306138275249,13.860551735291134],[74.866669045499421,13.86007089463404],[74.867000255889693,13.859610870948464],[74.867330213147753,13.859158471293371],[74.867706372756061,13.858769645685916],[74.868109254686971,13.858351874802944],[74.868372651904508,13.858082816628352],[74.868434071857635,13.858040823857525],[74.868589586639985,13.857934498358734],[74.86912897446291,13.857530359381849],[74.869572823515284,13.857221933004841],[74.869686057259372,13.857143248517522],[74.869785344804171,13.857079221913326],[74.870083796748844,13.856886899839338],[74.870064697517904,13.856772286734289],[74.870063083396076,13.856762599094697],[74.87008194210064,13.856760502296645],[74.870207725541249,13.856674603213188],[74.87037329068805,13.856561537393144],[74.870374373853565,13.856560797419988],[74.870335808113268,13.856340978433426],[74.870342042397724,13.856258176147323],[74.870716702256274,13.856239377738746],[74.871044351267187,13.856227019996256],[74.871137358458697,13.856489664619582],[74.871220244522249,13.856661382119796],[74.871283928990621,13.856794281781594],[74.871372925744978,13.856808207243516],[74.871466175180743,13.856725645934045],[74.871803820308699,13.856426662006687],[74.871909420787375,13.856403903191273],[74.872179121516211,13.856311664779751],[74.872555706419789,13.85617540156486],[74.872944656865855,13.856040133386328],[74.873212919095536,13.855950499913128],[74.873644279331643,13.855967643337888],[74.874087543210806,13.855995517845049],[74.874530968293058,13.856023269565018],[74.87497461201049,13.856050793638058],[74.875418325304523,13.856078208438444],[74.875862216521881,13.856105378389456],[74.876260431983368,13.856138416281217],[74.876446132859584,13.856318123837347],[74.876562940136708,13.856494554943668],[74.87672940497265,13.856684017132814],[74.876869866592983,13.856874737449891],[74.877020031984628,13.857064759085183],[74.877170089080821,13.857255281504496],[74.877319973162059,13.857446189841102],[74.877469752700478,13.857637504022133],[74.877619415647445,13.857829259305889],[74.877768908424628,13.858021271207315],[74.877918319812267,13.85821365822224],[74.878067642451256,13.85840633625577],[74.878227003451727,13.858634792386061],[74.879550870947725,13.858952162561854],[74.879808882505856,13.859149500833192],[74.880812657794777,13.859959153190955],[74.88058252907048,13.860087798496423],[74.880139060513187,13.860335701945433],[74.880136935162426,13.860351158345626],[74.879902313528277,13.862057202898106],[74.879555170119019,13.862802488627029],[74.879397353300547,13.863407695935145],[74.879638963642634,13.863981139735559],[74.880966555300944,13.864866450808208],[74.881349145705769,13.865344869494114],[74.881558431904153,13.865603682861376],[74.881799148077462,13.86587231103722],[74.882037454521708,13.866150810859244],[74.882039596649221,13.866153308409986],[74.882280157080729,13.866433858015247],[74.882627756199923,13.866828934181983],[74.883328901459492,13.866231190208399],[74.883583720415857,13.866385478125839],[74.88384327947476,13.866542635272074],[74.885042646241573,13.867268817714155],[74.885563835262829,13.867583081688247],[74.887285329430924,13.867096463855276],[74.888228657097102,13.866999086595367],[74.8889240641453,13.866980335328346],[74.889320181244955,13.866725347307515],[74.891447879035312,13.865749261943003],[74.892731827183681,13.865312082833764],[74.893585365876916,13.86577972591957],[74.89459158674488,13.865964095477167],[74.89738395654247,13.864700334628177],[74.897408707464805,13.864689132820647],[74.89760465358512,13.864449982123272],[74.897761888726265,13.864258078975034],[74.898421769222622,13.863452695813574],[74.899406051572214,13.862990023669283],[74.900490770273677,13.862969543705283],[74.90118866577869,13.862831189566487],[74.9012839113783,13.862734121412881],[74.901372627769106,13.862643707374451],[74.90244148816555,13.86298181792097],[74.903155599487377,13.862689150559163],[74.904446526885422,13.862476311696566],[74.905490601690673,13.862272324290567],[74.907724928593751,13.862077981642926],[74.907791194129913,13.861985999743981],[74.908301626621906,13.861122824776221],[74.90956953066059,13.8609907430459],[74.910126438683946,13.860202166811245],[74.910501279676538,13.859671392339267],[74.911136421525953,13.858772026010891],[74.911984875482176,13.857258724148268],[74.912867528354781,13.8556472169403],[74.914169455830177,13.853136049231111],[74.913952786035821,13.852450707022596],[74.913008777408535,13.850996399719143],[74.912696029030371,13.850392136123878],[74.912649905695105,13.850357584289345],[74.912125107173367,13.849964510165895],[74.91269901593445,13.849051793384033],[74.91275519994312,13.848962472934206],[74.912853253687629,13.84829212564162],[74.913049926743227,13.847613588594989],[74.912766047878577,13.847194827563968],[74.911815302859281,13.845795080978789],[74.911838853065248,13.844984852906256],[74.912876709853563,13.843928728516277],[74.91310429286591,13.843697311577603],[74.912916188599084,13.842978776415212],[74.914025083596385,13.84186763737056],[74.913796558666562,13.840264641322067],[74.913562027332802,13.839787157212136],[74.913651156145093,13.838855829907455],[74.913544077178003,13.838321321331774],[74.913331981176583,13.838045352746231],[74.913190537099695,13.836685608325341],[74.913588865375587,13.836025564757001],[74.913558012951,13.835823305403192],[74.914479667979407,13.834566874749029],[74.914528648184557,13.834410278852358],[74.914590835361523,13.834168548835919],[74.914480419121787,13.833442632272146],[74.914388840737885,13.83284055753597],[74.914012507859752,13.830366356448019],[74.913890896063563,13.829134096075524],[74.913778242676514,13.828002191687927],[74.913761204804061,13.827046911497378],[74.913661378436757,13.826736867435978],[74.913490882806769,13.826207751339185],[74.913470930020978,13.826145830218145],[74.913422878208593,13.825600829515317],[74.913451687096199,13.824598091467026],[74.912843537016656,13.824042679322604],[74.913288073019288,13.822983962236435],[74.913239833105209,13.822147530171989],[74.912845147426765,13.821693004825821],[74.913210587667507,13.82191152593534],[74.913981259445563,13.822372358533599],[74.914946593562888,13.822949586737266],[74.915188861482619,13.823091929343231],[74.91899309410654,13.82531755332807],[74.919220575358992,13.825072199911927],[74.919613425376539,13.824648485036619],[74.920090295470445,13.823576033845939],[74.921449978678567,13.819636480496468],[74.922929511873363,13.81530488194351],[74.919335832789343,13.813404990440777],[74.920427090814343,13.811903214843033],[74.922381727549066,13.809169342989174],[74.922447534641947,13.809077264246541],[74.923690203434887,13.80733849162077],[74.924394730535681,13.806435586647973],[74.92428840524974,13.801322279832014],[74.932562116556284,13.796049423403305],[74.932311428688578,13.78599011900001],[74.93225970881646,13.785852196608962],[74.931834473304633,13.784718211609398],[74.931435863418486,13.783693539254934],[74.93093899705616,13.782412854400354],[74.930940085394496,13.782332861498769],[74.930800330603972,13.781959997118996],[74.930647537454902,13.781552346527715],[74.930665871824871,13.780790113572902],[74.930704146343771,13.780790564706244],[74.930781517505736,13.780720288259992],[74.930964254115466,13.78055491068138],[74.930972766703334,13.779920092394352],[74.93103577433709,13.775836105728073],[74.931812418203165,13.775919456570669],[74.93186370315172,13.775924908723992],[74.931974756100558,13.775936715941686],[74.932093562228985,13.775949292023089],[74.935699065261574,13.777929445466434],[74.93650599917126,13.777669161270509],[74.938008373789486,13.777182971300826],[74.938147835529435,13.777137698847186],[74.93807100651523,13.77420285992328],[74.938183632213452,13.77395559963629],[74.939051298008039,13.77214849338335],[74.939514092166974,13.771221122271525],[74.939759152986056,13.770730052800502],[74.940566107873948,13.770077152477366],[74.941555824277899,13.769276373051513],[74.950303470416117,13.762071794830465],[74.951166671229601,13.760659587628512],[74.952261900805752,13.758865850731839],[74.954385999484757,13.758302609171228],[74.952796901595704,13.754296401564963],[74.948919681914475,13.745605625858138],[74.946601390506856,13.739676838829139],[74.941894186107788,13.741267750489127],[74.941371140743726,13.741387660848988],[74.938852949439834,13.740321907525486],[74.938486621264559,13.740162421759296],[74.934852847531971,13.738892088590491],[74.931903939632988,13.737883585352307],[74.926876608869605,13.736520806374331],[74.926749913308143,13.736485257434232],[74.925325797966252,13.74407567461699],[74.923930111865133,13.751614027841251],[74.923778574732765,13.751915665017028],[74.922837256756154,13.753792165510593],[74.922821657051287,13.753823327184607],[74.92257047253473,13.754320311953633],[74.921618980523093,13.75620691057185],[74.921593075448826,13.756163434815521],[74.92053953342571,13.754393569183399],[74.920337278047782,13.754016960790835],[74.920261428655166,13.753852433861486],[74.919960556104101,13.753816335865626],[74.919664937121127,13.753483865781321],[74.918125430993811,13.75336418351954],[74.917401137527008,13.753308355181218],[74.916683356672863,13.753069221317627],[74.916579869803925,13.753078828895593],[74.916002625961184,13.753132119157582],[74.915858345198728,13.753380631996034],[74.915835505317631,13.753450707350842],[74.915722689525879,13.753490869397664],[74.915358801558114,13.753434460845419],[74.915058138643985,13.753272132766892],[74.914676380758223,13.752883292503771],[74.914155489251058,13.752523405099923],[74.913663611545132,13.752184154659515],[74.913350322695308,13.751768671837629],[74.913233578591402,13.751527897442525],[74.912930542467834,13.750901987359319],[74.912803505031974,13.750560388897146],[74.912684692434354,13.750358106924358],[74.912426659054901,13.75011099413288],[74.912007848952555,13.750076795844031],[74.911444966194679,13.750030722509523],[74.910967307110809,13.749991532641497],[74.910705400174194,13.749834654819859],[74.910429097557014,13.749451658414078],[74.910273630269813,13.749164540958201],[74.910351681122719,13.748203005702313],[74.910404476873651,13.747073670974743],[74.910237171160219,13.745926737823169],[74.909947961697156,13.745488424202241],[74.908898525339723,13.745083641148353],[74.907761174607558,13.744996402764677],[74.906575503261365,13.744904166745931],[74.905578602722599,13.744395770687175],[74.904067473467407,13.743620132241812],[74.903317935659828,13.743543507410532],[74.902525033666265,13.743635576592192],[74.901857398478327,13.743716559456388],[74.901076764875867,13.74381853274849],[74.900701343317408,13.743825745872199],[74.900396067346122,13.743736531172001],[74.899975219496,13.743430392718107],[74.899473729196146,13.74298232457093],[74.899081726431703,13.742689865396994],[74.89886485636795,13.742235361203569],[74.898727450153842,13.741456094503326],[74.898564045362178,13.740924673885585],[74.898521750320171,13.740541043994853],[74.898255499882069,13.739957884895352],[74.89797224267231,13.739463867086734],[74.897683944536723,13.73908307660643],[74.897431585659788,13.738628725432807],[74.897299841836698,13.738490036888315],[74.897107413992501,13.738221749484511],[74.896887007295732,13.738029666753047],[74.896600529030351,13.737702207413797],[74.896302955930139,13.737344780917299],[74.895929507545247,13.73680650926063],[74.895674269096119,13.736461859258501],[74.89529780308014,13.735982995176384],[74.89477731459219,13.735821614195293],[74.894109524821587,13.735810575662954],[74.893942520474837,13.735844915780454],[74.893393813312514,13.736120442325673],[74.893145382709434,13.736381496504928],[74.892195075873715,13.736517885990397],[74.89141146693278,13.736359108175298],[74.8910440265022,13.736142047025822],[74.890726640711748,13.735887241936858],[74.890275660113602,13.735545830792958],[74.890042077133202,13.735115771308269],[74.889402267163305,13.734125259393824],[74.888722483260892,13.73367869347512],[74.88717231430175,13.733017673046108],[74.885466353150164,13.732411606811352],[74.885445906421396,13.732251442260088],[74.885437748913176,13.732187578088995],[74.885477137003306,13.732114442424743],[74.88524460826855,13.732107193848327],[74.885250732171144,13.731928694141688],[74.885653317271846,13.731282054065563],[74.885837401446992,13.730987428397428],[74.882081114534373,13.730382308337015],[74.878695578212529,13.729150326279379],[74.875317788303732,13.727679138049599],[74.873030394202473,13.72785628623085],[74.872856715470533,13.728004015691127],[74.871893583424523,13.728824950043807],[74.871435128211459,13.727912251226613],[74.87126032928677,13.728037940472987],[74.871143509766654,13.728121867812346],[74.871093855063108,13.72815753770232],[74.870965590662195,13.728283256445234],[74.870412236100023,13.728825164552999],[74.8692306937794,13.730094901384987],[74.869378906002652,13.734412382668584],[74.867819128477379,13.736925228839823],[74.868463519860683,13.739812214092389],[74.868731939787764,13.741009229856189],[74.869835739794226,13.745268339260381],[74.869939699674347,13.745491473329404],[74.869731226457844,13.746766683647767],[74.869639998035552,13.747397897777919],[74.870428922282741,13.747623778014233],[74.872209468820003,13.748150490693275],[74.874681834072092,13.749934655987728],[74.874968188463242,13.750618974740576],[74.875556993944542,13.752025928223757],[74.875994932776024,13.753065865353799],[74.875302941904238,13.75536713654728],[74.876350012158866,13.75512296868915],[74.876458695625075,13.755130767789145],[74.877075093749241,13.754823609048763],[74.878546887010259,13.754104538284418],[74.879525109070457,13.754843756449176],[74.879463530005197,13.754995119236307],[74.879043798989272,13.7550019276523],[74.878824642933807,13.7553010938142],[74.878714719915578,13.755736709088119],[74.87847217129621,13.756907297836079],[74.87841759657654,13.757224825193861],[74.878320580808591,13.757608579856065],[74.878493422897293,13.758044481758613],[74.877215276028551,13.759895591574859],[74.877004047043442,13.760202189834486],[74.876476205234155,13.762061908812132],[74.876402759269709,13.762322610629795],[74.876157989624076,13.763195847631646],[74.876166347864796,13.764285525280322],[74.87588649875228,13.764522991419817],[74.87579332663509,13.764602075952716],[74.874248453350575,13.765911725976396],[74.874142497028529,13.765931059139568],[74.872049735532457,13.766315723655865],[74.871206802562384,13.766471610476097],[74.870901795212021,13.766777598086936],[74.870650089381769,13.767029365835642],[74.870045485642834,13.767631015957054],[74.867716706753285,13.769894744432728],[74.867544723596637,13.77005857795289],[74.864699230933908,13.769875037117092],[74.863604520716208,13.769922836758036],[74.860922064344948,13.770003829773868],[74.860509948455103,13.771082597391327],[74.857670204510285,13.772553729207969],[74.846054109516359,13.779196044477009],[74.844432099828538,13.780116137336895],[74.842729369968978,13.781268399435868],[74.841955754052194,13.781215826575803],[74.841676119196094,13.781210860827786],[74.841391990479138,13.781273829893594],[74.839043258624713,13.781538908357703],[74.838434227506312,13.780513599538136],[74.838190090924812,13.780612030875496],[74.837703755841474,13.780505258569214],[74.837453110386363,13.780412770317541],[74.836413713624381,13.780718976801692],[74.83594814978234,13.781291568748911],[74.835807762466771,13.781234863275301],[74.835045792825994,13.781329013897887],[74.834907798623334,13.781429650633903],[74.834881004058829,13.78165211323949],[74.834554544284572,13.781474759644837],[74.834482584943103,13.781423004767118],[74.829052657138064,13.777553314360874],[74.829011028954753,13.776424391390016],[74.828808972356853,13.776262564173253],[74.828375467693277,13.775910534455477],[74.822688225613348,13.781347569085826],[74.822689927647133,13.781788172923029],[74.822691938473071,13.782132148357386],[74.822506241360031,13.782626018911637],[74.821797051458219,13.78272410882073],[74.820687982438628,13.783263981073221],[74.820016124244631,13.783480112541092],[74.820076541052401,13.78371035004608],[74.819473960361677,13.784657593008832],[74.819436447888918,13.784783581837086],[74.819394189148397,13.784925511136857],[74.81984288561712,13.785234226004979],[74.82037036887472,13.785598775700915],[74.820026100895276,13.786046212796375],[74.818871461463814,13.785640011872374],[74.818679212865405,13.785736750186928],[74.817594717872709,13.784576717681807],[74.817533947682378,13.784497081206716],[74.816726358860052,13.784034372790364],[74.81501635688393,13.784100704580899],[74.814103496385613,13.783361614877661],[74.81393237065798,13.783336695666996],[74.813649990455758,13.783117956658023],[74.812625445676204,13.783956848272501],[74.812404371704019,13.783986969988035],[74.812071610401162,13.784032515253891],[74.809665829580723,13.790177213781423],[74.808594678956595,13.793408990536808],[74.805724573528138,13.794934125293542],[74.805379722237561,13.794905503755524],[74.803831350640252,13.795539548634521],[74.803741746926292,13.795580720856648],[74.803702024897603,13.795599534690567],[74.803677765102307,13.795611119951438],[74.797381352204013,13.794407518278094],[74.797387096349226,13.794250246554565],[74.797433816562489,13.794131861585765],[74.797408236993007,13.79412665305817],[74.797315812711318,13.794107861549808],[74.796724108127563,13.793937645644455],[74.785998976811541,13.790800981132946],[74.785999537926386,13.790720242941777],[74.773079691543273,13.786888256899029],[74.772772661671041,13.786793099338718],[74.772730350110464,13.786678041233291],[74.772188528232562,13.7868378662778],[74.772054287942751,13.786656453425083],[74.771719332617366,13.786751329812166],[74.771574759092914,13.786792322651314],[74.771365529259612,13.786636656761772],[74.771253597647544,13.786553371800583],[74.770809171489432,13.786222656903373],[74.770131301082884,13.786026318326513],[74.76970910239028,13.785472746459094],[74.769560644590541,13.785277911344034],[74.768113148661143,13.784075803266186],[74.767251318791779,13.783399441359256],[74.765855173704239,13.783177991563718],[74.765386008764352,13.783104838117088],[74.765110670392303,13.783340008832011],[74.764847161821137,13.783347102928031],[74.764372605818295,13.783360989684256],[74.763884366926661,13.783045234854297],[74.76344812727433,13.782967809804683],[74.762189380707099,13.782091444374675],[74.762303438028511,13.781771676216801],[74.762446926751622,13.781370802643149],[74.762358744178528,13.780994777261647],[74.7622764131075,13.780624437734719],[74.763210286835516,13.77927827721898],[74.763602256182352,13.778215655747955],[74.763606171601324,13.778174848024682],[74.76397255691333,13.777156491224583],[74.764010575894631,13.776176031971294],[74.763621194377819,13.775608244375375],[74.763285047541729,13.775117253038973],[74.763015543420323,13.774723020659511],[74.76279842454413,13.774323774889696],[74.762094998165679,13.773030374095896],[74.761620502045176,13.772158488657782],[74.76110059065951,13.771213317264348],[74.760735145368798,13.770548912732387],[74.760621785987681,13.770342625592127],[74.759785484389099,13.77041087658932],[74.75933055836569,13.770448700372249],[74.758590145254175,13.770255305792828],[74.75849702262569,13.770306450616383],[74.75831176374372,13.770409297212229],[74.757779431057401,13.770500878775838],[74.757051921152666,13.77011950261849],[74.756937681638107,13.769942001180302],[74.755250183428942,13.768912572946562],[74.754469903610271,13.768391570278254],[74.754239057724519,13.768237414666798],[74.754181278873091,13.768239511738207],[74.754059281313616,13.768244076465216],[74.753811899036222,13.768095349998436],[74.753745544730023,13.768149622128535],[74.753716845923179,13.768137371235104],[74.753718639725875,13.768041837881784],[74.75371868376466,13.768039534904503],[74.75372151233104,13.767888693000263],[74.753433363534143,13.767709892982086],[74.75294201159592,13.767593427632033],[74.752490567393409,13.767485343649071],[74.751617424789373,13.766843502364495],[74.751276258650648,13.766589215435127],[74.750358358288125,13.766134340358482],[74.748922274936874,13.766289797268998],[74.748210986728708,13.766092818066108],[74.748164470943564,13.766203114779909],[74.747955080056997,13.766701106302069],[74.74805611071119,13.767104722927904],[74.747748648721881,13.767464700304261],[74.747716287821149,13.767502619527777],[74.747655828798344,13.76742483992207],[74.747363498441217,13.767047816925334],[74.746390687830598,13.766637929394738],[74.746236754985816,13.766420967755339],[74.746561886331406,13.765435053584207],[74.746114806528439,13.765097910956362],[74.746135576415767,13.765041000640503],[74.745454894330265,13.76446192903013],[74.745189354517265,13.764236075142797],[74.744296733013243,13.76362215168089],[74.744070093568467,13.76361617462744],[74.74346013356886,13.763600180455322],[74.743026036157175,13.763891348140017],[74.742656037616612,13.764075354567346],[74.742136755491515,13.76522898546019],[74.74109008713161,13.767575521829492],[74.74107461984029,13.767610876403914],[74.740994609913358,13.767668239369375],[74.739652791507524,13.768630069904924],[74.739617505908825,13.768644581317327],[74.738457386249365,13.769119003673524],[74.738119451903387,13.769256748829326],[74.737935608239994,13.768864333921117],[74.737565557539114,13.768391172750018],[74.737015750396097,13.768035579643445],[74.736458753385577,13.767867501399635],[74.736422223368407,13.767856515964503],[74.736415186658419,13.767847956431906],[74.73613886595804,13.767512022964601],[74.735785413088792,13.76733465162499],[74.735719989882497,13.767301868989843],[74.735076558971386,13.767040669953815],[74.73461067496379,13.766493725534822],[74.733807362686207,13.766219156714536],[74.73302754350054,13.765606138488208],[74.732928117074749,13.76552815939522],[74.732847286512396,13.765524227960334],[74.732402344032664,13.76550282888425],[74.7322504342511,13.765495619134477],[74.73051598015121,13.766867088781458],[74.730349891278024,13.766998506352843],[74.730120361689785,13.767196089347406],[74.729787248762804,13.767482891534822],[74.728640781344751,13.768704724087705],[74.728606289951557,13.768741497284523],[74.726588221711438,13.768848391350696],[74.726061275854335,13.768861036172899],[74.725997174804462,13.768868628025809],[74.725789081084173,13.768893319099281],[74.724373637178616,13.769012395642369],[74.723210337489519,13.769255435860899],[74.722002218254744,13.769511664776443],[74.721725617756192,13.769615286492282],[74.719711929295059,13.770376141014266],[74.719640143494246,13.770403489323439],[74.718485394429521,13.770593671250694],[74.71784983963822,13.770575430303495],[74.717127389782334,13.769522430226283],[74.716978421236249,13.768860315415409],[74.716694622007125,13.768757496364547],[74.716591490313007,13.768720167787738],[74.716491385102884,13.768709277141319],[74.7159029883979,13.768646063272859],[74.715745633972318,13.768586146191234],[74.715692824780319,13.768581008115008],[74.715588940631505,13.768546481294814],[74.714401399924199,13.768153751927505],[74.713646512764285,13.767737339977042],[74.71362547284771,13.767728261692726],[74.710379500147695,13.765481299600514],[74.710408878771588,13.764920066790097],[74.710200111577223,13.764180886333907],[74.710072884581237,13.76417708545617],[74.709977577001851,13.764173828446495],[74.709977292759419,13.764166523025226],[74.70994123299684,13.763230421257745],[74.709387089229395,13.761328280848891],[74.709430710456431,13.760910302035789],[74.708582557340861,13.758998211046226],[74.708472901137242,13.758919997652528],[74.708243529656713,13.758756456266983],[74.707570642004612,13.758452294603043],[74.707527245678094,13.758421095888778],[74.707430255809243,13.758360654791691],[74.70573511191904,13.757442034868808],[74.705161539162233,13.75730545073198],[74.704943423369755,13.757551181024784],[74.704650079857643,13.757607967422707],[74.702893315620642,13.757114952215456],[74.702473358019517,13.757060182386802],[74.701480967508758,13.757186746885816],[74.700451679632508,13.758395889839496],[74.699291316882679,13.759285555027413],[74.699212779201517,13.759506447217799],[74.69902179529916,13.760560259077057],[74.698660650019121,13.762856183046924],[74.698647126536429,13.76294444776113],[74.696282176171067,13.763244371429654],[74.695814798574716,13.763304135206379],[74.695019973916118,13.763398670197555],[74.692718004071764,13.762358417539581],[74.69154190713023,13.761605723147424],[74.690932224042839,13.761054047504638],[74.69016801429926,13.760496873884442],[74.689099932234825,13.759956588707244],[74.689080053610056,13.759949905057933],[74.688163801974724,13.759641018180927],[74.687373306201962,13.759291014134339],[74.686860709740159,13.758920675335672],[74.686383306032326,13.758569070203972],[74.685934529300056,13.758237297320818],[74.685251920106552,13.757727913166107],[74.68476626503886,13.757335076224456],[74.684192409069539,13.757240344949297],[74.683504800923188,13.757351399070084],[74.682934971165537,13.756968125480961],[74.682876356623581,13.756777916497082],[74.682925519172798,13.756669969706273],[74.682968200373026,13.756630473761344],[74.683004415576661,13.756262493393418],[74.683265562138345,13.755742641539008],[74.68297827407288,13.755666862406821],[74.682678339319878,13.756124540591081],[74.682322222255706,13.755992832877089],[74.682323778595105,13.755990443259762],[74.682659751560848,13.755469789697969],[74.681998506503461,13.755290338922574],[74.682192722812943,13.754487083542527],[74.682613387457266,13.754120207923272],[74.682629305883339,13.754057875310478],[74.682648081476103,13.75404444219016],[74.682698199539985,13.753787126412972],[74.682811126943903,13.753340188206627],[74.682707825024565,13.752735828954851],[74.681772337504938,13.752497476401917],[74.681627289803686,13.75240540378268],[74.681275242891502,13.752179735766088],[74.681441223426489,13.751831136705578],[74.68146137728975,13.751788877570062],[74.681654084930486,13.751752750260907],[74.681650359056235,13.751745177249704],[74.681585860740626,13.751613979636671],[74.681828467274102,13.751148026525462],[74.681848113332066,13.751110449579167],[74.681792996958862,13.751102860892921],[74.68178211356971,13.751088997130136],[74.681785512064991,13.750949257438307],[74.681981739220689,13.750860595527261],[74.681993181123786,13.750732730283534],[74.682107597189272,13.750719349086896],[74.682159892353283,13.750488891968095],[74.682188973813837,13.750361116355874],[74.682195248206284,13.750348697038877],[74.682995186055948,13.748786243572694],[74.683524710169209,13.747768375410404],[74.683558867319448,13.747702962859625],[74.683347973763887,13.747290553274512],[74.683310454411753,13.747217499507215],[74.683473537956175,13.74712975763299],[74.683466210714286,13.746843537170745],[74.683463131675396,13.746725576823376],[74.682946115239801,13.746885624550384],[74.68273109533898,13.746559730811072],[74.682716840710796,13.746538165245171],[74.682275062959064,13.745668074973239],[74.681589900129637,13.744435029892053],[74.681622904836402,13.744385330303428],[74.681669729843605,13.744413565793486],[74.685233473809035,13.746545906168681],[74.685214515498402,13.746796442040608],[74.693795105755669,13.75165819864827],[74.69384251928885,13.75158032034731],[74.696120107843029,13.747826167454264],[74.697155244898809,13.746057614399545],[74.698587152370223,13.743710078403202],[74.698959153595297,13.743086254196923],[74.698908335822352,13.743012815742588],[74.698855534012736,13.7429364786795],[74.698930916633714,13.741931103614048],[74.698986467380664,13.741807382656734],[74.698990125979236,13.741567293771732],[74.700028645979629,13.738962350412047],[74.700111973550875,13.738753705340724],[74.700114359891458,13.738555163165982],[74.700114916004793,13.738507712817164],[74.700102405672382,13.73850502658464],[74.69988069391475,13.73845737294817],[74.699839556281916,13.738019988276614],[74.700215998713901,13.737738084275382],[74.700182515030519,13.737635025373921],[74.700027019765159,13.737157474270422],[74.699865253381745,13.73694859543461],[74.699846371921126,13.736924221246577],[74.699004623030319,13.735714376719139],[74.695193556155701,13.730254491164137],[74.694768026841274,13.729641769567834],[74.693888685717113,13.732037530426433],[74.693839584106883,13.732171366464478],[74.69371900168457,13.732564655856018],[74.693686280524588,13.732671357907384],[74.69356226067471,13.732999006483036],[74.693524174683489,13.733520169017918],[74.693040825734059,13.73624966988087],[74.691316076028912,13.735554366114272],[74.688816756013082,13.734446636460371],[74.686961563083628,13.733612227557614],[74.686951566182316,13.733607484068351],[74.686949525833299,13.73360674003103],[74.685996240599394,13.733250026702818],[74.685486453806178,13.732999688177991],[74.683951432518697,13.732447871353157],[74.68305381704829,13.732102285567377],[74.681245841588719,13.731399231921694],[74.680935677793329,13.731278366519662],[74.680018171212808,13.730911238482811],[74.678814181882345,13.730433012658628],[74.677545110292328,13.729558458153823],[74.676349722685856,13.728724191259227],[74.675754518132322,13.728309497148702],[74.674137815373115,13.727194454359191],[74.673892650896434,13.727025206857931],[74.672579462594058,13.726062203693093],[74.671875264358576,13.725553459477869],[74.670968629041084,13.724898930647697],[74.670992708626017,13.724516151443382],[74.670883839991205,13.723786656990772],[74.670818311290532,13.723345970517432],[74.670804940135454,13.723255708341473],[74.670793582160314,13.723178946846145],[74.670749058880816,13.722878976581539],[74.670675580783367,13.722388187299607],[74.670639652839597,13.722206211178959],[74.670460347836482,13.721306237412234],[74.670569434116231,13.721001626270102],[74.670459254903008,13.720968017357178],[74.670646750055383,13.719514033051732],[74.670748152973502,13.71953332019647],[74.670807444169427,13.719881775700784],[74.670868951881786,13.719911438769616],[74.670896825744592,13.719924882573707],[74.670929994941659,13.719835830707673],[74.670921692907399,13.719644874630468],[74.671076707711904,13.719598315434087],[74.671090554918194,13.719912522313136],[74.671243027588559,13.719926266627393],[74.67122971335759,13.719739967788021],[74.671494710509819,13.719662103602818],[74.671332525658713,13.718928015350079],[74.671360197467337,13.71891179450833],[74.67141537263133,13.718879434874097],[74.671513511111911,13.718821825391396],[74.671686564990452,13.718893046483903],[74.671645700616452,13.719124905955368],[74.671693353409651,13.719181951502051],[74.671824714085488,13.719153289017092],[74.671749962216907,13.719514226083826],[74.671913978161427,13.719596513365097],[74.672170778250162,13.719592897384439],[74.672379234373082,13.719486915043017],[74.672393403258056,13.719491122116098],[74.672853905402079,13.719265844067438],[74.672772092611254,13.719184238638482],[74.672831208370539,13.719172716839385],[74.672820984729512,13.719045210984358],[74.672945659543188,13.719068438735324],[74.673038042655378,13.718952391149841],[74.673107503799272,13.719023235458192],[74.673157391188283,13.718886640460855],[74.673428611747198,13.718167555614047],[74.67281240909287,13.717924972684475],[74.672683378814071,13.717779547241593],[74.672348230167458,13.717642352615805],[74.672319642216422,13.717737773687075],[74.672147892068651,13.717749885615554],[74.672146418262443,13.71775489748984],[74.671992887077593,13.717668513765661],[74.671918335953904,13.717813567201688],[74.671874001942143,13.717821682375334],[74.671335090057894,13.717751743763005],[74.671250284880983,13.717366167417524],[74.670973509955473,13.717364489797527],[74.670961535846089,13.717239511511202],[74.670616905593008,13.717005324815702],[74.670221864441601,13.717027979166581],[74.670070559804671,13.717009058328841],[74.670025811692,13.717093872898655],[74.669809395081643,13.717079660872253],[74.669597067536614,13.717556613104726],[74.669505012528106,13.717763257764839],[74.669443523378007,13.717722175160437],[74.66916467383146,13.717536095975417],[74.669021324416775,13.717537196146811],[74.669134585882972,13.717060667914264],[74.669256977232948,13.716936186784839],[74.669298782157867,13.716783676761287],[74.66972121276082,13.716749928787793],[74.669864468253834,13.716738266934714],[74.670053958816396,13.716722686406706],[74.670096465330317,13.716261438323954],[74.67025462277185,13.71623264602913],[74.670281461084485,13.716441021131237],[74.670384842664603,13.716423948346241],[74.670385892633135,13.716423774330309],[74.670400836233966,13.716353149450338],[74.670463512266664,13.716057091579209],[74.67083637498358,13.716089770075211],[74.67114724719201,13.715429792429527],[74.671102628506546,13.715300560706691],[74.670968514421887,13.715161434472087],[74.670552929718795,13.714731003543436],[74.670314258169455,13.714484335831738],[74.670255720199705,13.71442390642749],[74.666676604112382,13.715937779623086],[74.663211762625252,13.715351171364519],[74.662126050374582,13.714033812077632],[74.661539832765556,13.713130402020884],[74.661228941767178,13.712409260992303],[74.660929871306379,13.711697118174516],[74.660892834845782,13.711472790629307],[74.660757795828971,13.710570832643917],[74.660672936556978,13.709552494213021],[74.660609869965398,13.708833582101182],[74.660533574884653,13.708612456631862],[74.660224582706562,13.707844518741844],[74.659944811033625,13.70748394060502],[74.659360793821122,13.70679735008539],[74.658742174880558,13.706067777827506],[74.658228362491371,13.705502098995504],[74.657604401380866,13.705075775869881],[74.657118810368246,13.704708282688427],[74.656526405289085,13.704199310917442],[74.655554208137644,13.703401368998501],[74.65553560926142,13.703386061098168],[74.655534419932422,13.703383532183539],[74.655319954587924,13.70292131931542],[74.654982855073072,13.702135971508158],[74.654960211652877,13.702084862178074],[74.654907989994484,13.701965953931474],[74.654874061986234,13.70180146570493],[74.65474488005745,13.701100711265909],[74.654743598001971,13.701093295883041],[74.65470914752224,13.700211835766988],[74.654680474633437,13.69967802328294],[74.654802333584669,13.699272035204478],[74.654984070861858,13.698523713577812],[74.655048710810917,13.698296445293041],[74.655407206645876,13.697440340314387],[74.654503951951483,13.696406370325462],[74.653557123314783,13.696003000883364],[74.652839520439528,13.696219477983142],[74.652670644228294,13.696282311302182],[74.652108337057754,13.696575330978902],[74.651377432577618,13.697062397966608],[74.650522598385081,13.697618851983089],[74.648978172947494,13.698779071840262],[74.648266268276629,13.699358179124692],[74.647620735296385,13.700057529753117],[74.646305131982487,13.701659032910873],[74.645737249040494,13.702457634531999],[74.645354049680407,13.703177243173611],[74.644518383222646,13.704967029800081],[74.643728610330569,13.70673788090663],[74.643629084713865,13.707016559284735],[74.643141940413599,13.708407640816906],[74.643144115265528,13.708654755188102],[74.642322896321517,13.708497684600275],[74.642272924453636,13.708485021254228],[74.642227255258192,13.70847335874933],[74.641916075355198,13.710385159797264],[74.641797727403741,13.710998128144826],[74.641076987765899,13.715137715254341],[74.640150745460915,13.718843456574888],[74.639697754863604,13.72072681941154],[74.639635842670117,13.721022953690328],[74.638932205083194,13.726056016541614],[74.638652721352642,13.728620776023135],[74.638524053987609,13.729477598245081],[74.638404188219056,13.730275774813283],[74.638270297408638,13.731167182112776],[74.638121126912239,13.732441355922738],[74.637993547823598,13.733722356224387],[74.637808167272354,13.735001269585728],[74.637608512289248,13.736178075342282],[74.637168311004999,13.738091694031873],[74.637067782508211,13.738584724656137],[74.637134474494928,13.738944719852329],[74.636852706543664,13.740327529361339],[74.636341594834306,13.742332159523162],[74.636065242405436,13.743574923634572],[74.635336774328962,13.747131854468789],[74.635071127278806,13.748546655163015],[74.634866885092492,13.74886391850036],[74.633215998719606,13.758067472006955],[74.633258896090254,13.758069785494627],[74.631730802217518,13.765517600209996],[74.631263017787361,13.767454946073492],[74.631212563156978,13.767542130372297],[74.630179366428465,13.771982241754081],[74.630227409883759,13.773685782715583],[74.629324534675078,13.778589307848423],[74.627460721123526,13.78681408997161],[74.626837769753323,13.789231083143438],[74.625667680973194,13.794307335565742],[74.625506516263002,13.79506562607749],[74.625585043991492,13.795144581768323],[74.62539585702865,13.795779666898079],[74.624810020477653,13.797748979070299],[74.624712475212519,13.797804186934956],[74.62392648424418,13.800280085431204],[74.623719399803477,13.801087640505033],[74.62322028539559,13.803335516733448],[74.622993824379463,13.80399569054568],[74.622537175794008,13.806049065597289],[74.622279725220707,13.807344964864877],[74.622066752747628,13.808416919264824],[74.621377935394165,13.811591248914519],[74.620989109063032,13.813186083904007],[74.620729158428261,13.814177779765556],[74.620932997363823,13.81419250018403],[74.621233901533571,13.814217428458017],[74.621281000599282,13.814443585328863],[74.621278856309971,13.814466801770191],[74.621049817592734,13.816158345094639],[74.620894282978298,13.81699834503887],[74.620735580208901,13.817857658947348],[74.620482354582393,13.819093092095114],[74.620479442660695,13.819104014794357],[74.620103152556183,13.820514356261436],[74.619947820930264,13.820498661279821],[74.619499803703746,13.822203854256031],[74.61908455461456,13.823735765434343],[74.618997153694821,13.824058023155525],[74.618544056748803,13.825607100972629],[74.61821434446199,13.826773252450757],[74.618473270474723,13.826834086194108],[74.61849697779374,13.826839609714003],[74.61833174150604,13.827209506481813],[74.617462771323261,13.827760390750955],[74.617461732682074,13.827885892230224],[74.617382458500387,13.828206439358173],[74.617431782298098,13.829086547015471],[74.617517691866439,13.829181511989457],[74.617501256459747,13.82996859930789],[74.617333337688635,13.829996875576546],[74.617324843755,13.830243540998493],[74.617324920515742,13.830245264512566],[74.617350107350219,13.830797544078809],[74.61718813888703,13.830922483357309],[74.617187014502136,13.831032383698352],[74.6172940118485,13.831261433882666],[74.616963601488891,13.832134154445946],[74.616953067478235,13.832161984459736],[74.616270420259667,13.83450506457995],[74.616072404678064,13.835011797599842],[74.616235004987431,13.835070843727536],[74.616244652244063,13.835146636599296],[74.615956937532104,13.835411082366932],[74.615758075201768,13.836506659038116],[74.615507585159051,13.836494670961962],[74.615484166940689,13.836593711256237],[74.615082232943891,13.838293362294266],[74.614725961936813,13.839781996519593],[74.614136145596788,13.842176109296252],[74.613831258513713,13.843320537316345],[74.614050564533315,13.843366176536513],[74.613841382019146,13.844056128726109],[74.613727558311481,13.844041574475602],[74.613002384121998,13.846696145790203],[74.612793803747152,13.847388043523692],[74.613007035190265,13.847430479638371],[74.612796577480822,13.848176575270237],[74.612377636800403,13.849661783091269],[74.612149807601469,13.850369113939873],[74.611987226544088,13.850873937371466],[74.611944927207205,13.850983583243343],[74.611791807337212,13.850942175450125],[74.61166457183279,13.851371545542388],[74.611772100976268,13.85143220103677],[74.611695930514699,13.851630215929596],[74.611592175648227,13.851922977132023],[74.611381499462752,13.853013963936091],[74.611376247039573,13.853027234566163],[74.610991704738652,13.854002957917977],[74.610982253326043,13.854027025152778],[74.610752906102064,13.855141121528169],[74.610746399860915,13.855155384758339],[74.610151015184002,13.856482397790732],[74.609377747840739,13.858935569777735],[74.608920535467647,13.860616196261898],[74.608661676559493,13.861715943645297],[74.608169366010657,13.863372213634955],[74.60800270423141,13.864230375691148],[74.607669326625157,13.865979295182436],[74.607590995992183,13.866141484476984],[74.607660517180122,13.866349587855181],[74.606467651193199,13.869182697443007],[74.606069230695937,13.86945575916781],[74.605850525259527,13.870159990863119],[74.605695332132512,13.870104893488046],[74.605481578981141,13.870459098123188],[74.60522648258943,13.870733902182238],[74.60516104813388,13.870857041309456],[74.605133275475893,13.870894373892419],[74.605099019988089,13.87094039974065],[74.604978614112724,13.8710143778565],[74.604840224016257,13.871048659134697],[74.604664673314147,13.871037083954898],[74.604382616615084,13.87125326645871],[74.60438236041216,13.871445986014518],[74.60449544588225,13.871443770975196],[74.604521127987525,13.871367143511728],[74.604575078454403,13.871311388857398],[74.60466517903825,13.871310138423247],[74.604720957488738,13.871309466332642],[74.60481072431223,13.871235840313831],[74.604915726305407,13.871171997791471],[74.605014715909647,13.871147821376491],[74.605176024998173,13.871195847446657],[74.604275167260539,13.872025465325601],[74.602408202885528,13.873821031158247],[74.602104701414888,13.873946827549341],[74.601811365613358,13.875289822100438],[74.601699957022618,13.875332773222413],[74.601565758470571,13.875677583365043],[74.601124983166258,13.875906521676811],[74.600610105352956,13.877085377973337],[74.599980109416251,13.878379804338888],[74.598957726193746,13.880102948536473],[74.598402405247299,13.881430629288982],[74.598316902470486,13.881635056071611],[74.59828022610867,13.881722748216545],[74.597779398423668,13.882140968138362],[74.597458122494658,13.882787897941899],[74.597070599711856,13.883568256726994],[74.596668538687126,13.885264028095882],[74.59607957640624,13.886765911917099],[74.595779724594138,13.88752491595573],[74.595332494433933,13.888655643016525],[74.595291969491967,13.888799714291727],[74.594858983057904,13.890339036436416],[74.59456788331542,13.891629390773089],[74.594572122064562,13.89172056161728],[74.594586956630806,13.892039478727455],[74.594467133998094,13.892661166450999],[74.594218053498082,13.893953374626474],[74.593596560095889,13.89717648298601],[74.593459950050459,13.898087377742515],[74.593295661778441,13.898591200146848],[74.593058293145035,13.899698816964861],[74.592656155792426,13.901574794979204],[74.592423321302505,13.902601150032208],[74.592249380705212,13.903367798690814],[74.591942937192513,13.904718217949194],[74.59149600180838,13.906687085439268],[74.5910735686397,13.907935577936545],[74.590637612128162,13.909224570574283],[74.590337158989627,13.910176728261055],[74.589768526028507,13.912197377366477],[74.589049640707088,13.91394869402672],[74.587782119973099,13.917040113540892],[74.587777102535142,13.917052357671253],[74.585732129801244,13.9209715331142],[74.585719379117748,13.921049797554087],[74.585709995789031,13.921107394439568],[74.585525859944255,13.922236279482735],[74.585505544586709,13.922360211339516],[74.584791880976908,13.923126576138584],[74.584378572103418,13.923392255343165],[74.584112484870971,13.923830895967653],[74.584110163082499,13.924215094319543],[74.584108818874839,13.924437226557949],[74.583485752486169,13.925016260034061],[74.58317649030478,13.925303665131453],[74.582934516979662,13.925447781390528],[74.582567611571889,13.925666305760911],[74.581687865862179,13.925454455376755],[74.58166818783593,13.925449716230982],[74.581767446706252,13.925646105307026],[74.581767461465148,13.925646134266234],[74.581919007438685,13.925654867370776],[74.581962214252854,13.92573445359665],[74.581965030122475,13.925739641207883],[74.582053815007583,13.925903181293759],[74.58216967932816,13.926116600959483],[74.582245870269318,13.926469882246952],[74.582912252154856,13.92704518210679],[74.583169774421137,13.926848255639856],[74.584074830835249,13.927495729195092],[74.584803839597654,13.92729362493791],[74.585855399018328,13.928198516837194],[74.585845296771694,13.928369551392123],[74.585751002739954,13.928859826839437],[74.586042220141437,13.928996684424556],[74.586742338759493,13.929203612616236],[74.586788648146793,13.9293472014316],[74.586815498097678,13.929426380243518],[74.58689313072513,13.929655309308774],[74.586908984423232,13.929743285261372],[74.58688722149121,13.930044698790702],[74.586894556976276,13.93004979274145],[74.586942039083567,13.930073780767263],[74.587140014949725,13.930173798064354],[74.587293072424487,13.930186018809096],[74.587482391988175,13.930113008267931],[74.587486083446493,13.930111585002569],[74.587625059514849,13.93006198704686]]]]}},
{"type":"Feature","properties":{"KGISTalukC":"1605","LGD_TalukC":7068,"KGISTalukN":"Brahmavara","KGISDistri":"16","SHAPE_STAr":401120595.26599997,"SHAPE_STLe":117436.79062099999},"geometry":{"type":"MultiPolygon","coordinates":[[[[74.708898342900454,13.542411367354218],[74.708929293735721,13.542334208974706],[74.709014646073797,13.542013948483882],[74.709148115755781,13.541646161898898],[74.709274922897421,13.541550531337712],[74.709293835314526,13.541536268408437],[74.709335832064426,13.54150459708144],[74.709458702837608,13.541498902188257],[74.709637627119307,13.541490609381887],[74.709684021236029,13.541321656741825],[74.709700405504378,13.54126202959821],[74.709730453222761,13.541152666156222],[74.709729618827055,13.541147208202338],[74.709682567248322,13.540839409444864],[74.709583253705077,13.540675004066943],[74.709504972300536,13.540545418482901],[74.709512607710053,13.540533420173979],[74.709564537923796,13.540451812869543],[74.709609463276394,13.540381212665025],[74.709609320886813,13.540371360085945],[74.7096088289031,13.540337330890686],[74.709614852914981,13.540329577842783],[74.709638788824549,13.540298771626572],[74.709638177642944,13.540287582965837],[74.709620594254602,13.539965845429572],[74.709603388966116,13.539958761664467],[74.709548909583987,13.539936313462567],[74.709343119838735,13.539851419243805],[74.709304212649002,13.53983536928188],[74.709321766201114,13.539778618039783],[74.709324283660564,13.539777873172905],[74.709567847558205,13.539705809216164],[74.709587546529221,13.539679158412842],[74.70959177143979,13.539673442298916],[74.709640830516662,13.539662281461959],[74.709700985256845,13.539573441743725],[74.709735539515805,13.539522410421563],[74.709737649992817,13.539507458829561],[74.709775849256474,13.539236795040178],[74.709785470025238,13.539222285283959],[74.709856622571991,13.539114972344487],[74.709894658403911,13.539057607335126],[74.709893520604567,13.539046273387282],[74.709864020104902,13.538752355806892],[74.709852911554663,13.538641674148602],[74.709870194079429,13.538630706074468],[74.709962091284794,13.538572384455797],[74.710460636606044,13.538396581514197],[74.710489616460293,13.538386349409368],[74.710541681102029,13.538367946326645],[74.710551107577118,13.538328316088624],[74.710567520306142,13.538259309391531],[74.710602635459296,13.538111676801952],[74.710608950254212,13.538110243679631],[74.710714109922407,13.538086383501547],[74.7107172067698,13.538085679980204],[74.710864319258377,13.53822887557021],[74.711180916251564,13.538200449928313],[74.711193476279888,13.538199320586868],[74.711232833930751,13.538195781681488],[74.711592187158544,13.53816342990371],[74.711846836301788,13.537579700881389],[74.711882236635546,13.537499248595225],[74.711877945240914,13.537495009174751],[74.711749557009355,13.537368177773592],[74.711767863748292,13.53722326271053],[74.711806832195535,13.536915564215647],[74.711841017121273,13.53653327170924],[74.711844900065671,13.536489844521576],[74.711881821169698,13.536076951702492],[74.711903540227482,13.535834063405259],[74.711931858773212,13.535517368221369],[74.711945719984115,13.535506936781585],[74.712139044215391,13.535361440944326],[74.712381422487979,13.535326444115258],[74.712411829351154,13.535349624477588],[74.712532365040147,13.53545498296889],[74.712684492623822,13.535568042786657],[74.712746416441504,13.535660606916915],[74.712835765434534,13.535815275649545],[74.712851377491916,13.535813685858429],[74.712874686602134,13.535849397791699],[74.713035637150909,13.535794722299368],[74.713178974472385,13.53577968394894],[74.713337263938143,13.535797059170719],[74.713373038470309,13.535800985605654],[74.713369496673039,13.536057687006624],[74.713367874465263,13.536175306550156],[74.713826207346472,13.536216789839496],[74.71414716974536,13.536245839637274],[74.714182332522185,13.536249021987071],[74.714083227189974,13.536848936150854],[74.714071069613681,13.536922532383972],[74.714410904736269,13.537069293553275],[74.714429977463411,13.537009167276951],[74.714475611786526,13.536866944302719],[74.714688064354732,13.536874898804513],[74.714701037849252,13.536829177065133],[74.714860315963008,13.536859068727685],[74.71491688401639,13.536869693622235],[74.714947059229601,13.536761757374565],[74.715208225117763,13.535827567658876],[74.715239606107545,13.535831560260126],[74.717725953611577,13.536028343713904],[74.717750494530591,13.536030285642408],[74.717782296633629,13.536034603921612],[74.718342096823051,13.536110618091552],[74.71979466626928,13.536297523731974],[74.719794732800068,13.536297531944507],[74.719795372231133,13.536297614040816],[74.721324872458069,13.53578141353182],[74.722331458923946,13.535775367594502],[74.722502535611227,13.536717531145712],[74.722745893181639,13.536702822483074],[74.722974019276762,13.536689034398281],[74.723076537653682,13.536682838219486],[74.723152208587237,13.536680803370192],[74.723169780758624,13.536999876515198],[74.723170462346516,13.537012261523877],[74.723174493572444,13.53708584089806],[74.723180509651669,13.537195640263224],[74.723182399468641,13.537230126751647],[74.723186361007549,13.537302435612434],[74.723207295596509,13.537684516086912],[74.724434373428522,13.537854070038307],[74.72454726329272,13.537869668355913],[74.724583677858021,13.537935488952938],[74.724631836291579,13.538125618036615],[74.726803203147895,13.538613701109325],[74.726897938893416,13.538634995053],[74.726946171584572,13.538645836911609],[74.726974970554181,13.538627527059742],[74.727101699032787,13.53856907341704],[74.727323665361553,13.538466690527118],[74.728710023708302,13.53782722298644],[74.72878303037109,13.537793548351699],[74.728963017227301,13.537719777855886],[74.729988792199435,13.537299345740664],[74.730489025584973,13.537056585414133],[74.730606001587674,13.537000450543736],[74.73055243728956,13.536326046483961],[74.730530232507164,13.536046481489407],[74.730530225831032,13.536045844003752],[74.730529824819001,13.536006346130335],[74.730526550529561,13.535136401499132],[74.730524753834146,13.534659227459114],[74.7305235135278,13.534329876683962],[74.730528122908723,13.533810164825882],[74.730528152520364,13.533481508936548],[74.7305281679687,13.533307569530233],[74.730528171279815,13.533265190318758],[74.730528484317816,13.533092882451751],[74.730524632146299,13.531135166900345],[74.730559344458143,13.531087321936578],[74.730645396538549,13.530968481832511],[74.730672918933251,13.53093047160408],[74.730716951041373,13.530869662823223],[74.73097771742502,13.530521242379375],[74.731014708314504,13.530326213636233],[74.731231426166488,13.529192398783982],[74.73131216249665,13.528782572095642],[74.731491638725089,13.527879318749457],[74.731500792195774,13.527833251049074],[74.731546697038198,13.527602223666383],[74.73157350543795,13.527468518375791],[74.731631277184775,13.527010353212271],[74.731740389613961,13.526559926236807],[74.731766896136662,13.526424903130428],[74.731803053605347,13.526241761145092],[74.731874130431294,13.526100655114766],[74.731876788596651,13.526095379092693],[74.731893001462552,13.526063277459036],[74.731677070831367,13.525886950013279],[74.731635277168337,13.525625076759042],[74.731473379871929,13.525339270973308],[74.731545340186955,13.525014880345866],[74.731529960680618,13.525013359224289],[74.731191556240717,13.524950143421584],[74.731207514699406,13.524740275323554],[74.730888470496552,13.524704045716433],[74.730899775288435,13.524434909690049],[74.730815308629772,13.524411501631926],[74.729853836323983,13.524151080910247],[74.729304686396006,13.524089785374318],[74.729105345512778,13.524080417223605],[74.729010487200938,13.52407596435315],[74.728687458482071,13.523564520069284],[74.728574257707564,13.523252119487065],[74.728524846809066,13.523115759349126],[74.728516405458677,13.523092464581268],[74.72847683625136,13.522983265379347],[74.728476835509511,13.522983104426377],[74.728513377775485,13.522984154970313],[74.728525639543065,13.52298450734812],[74.728540487842366,13.522984933963071],[74.728577753672724,13.522986005174953],[74.728779159303585,13.522994314405457],[74.728828630045584,13.522983097713901],[74.72885563517714,13.522976974605061],[74.728879845089097,13.522973900228299],[74.728869178942773,13.522950147333104],[74.728861042218185,13.522932025980484],[74.728831896700029,13.522865543787303],[74.728821555668134,13.522841954906934],[74.72882056756049,13.522839700506744],[74.728730243307211,13.522633664395116],[74.728830041776263,13.522592018056338],[74.729067881134057,13.522490198361059],[74.729091351612112,13.522231208317315],[74.729598088354848,13.521986166475671],[74.72961813794538,13.521846091912915],[74.729750716806024,13.521756364021469],[74.729701970784276,13.521620097041641],[74.729766218210713,13.521367464213677],[74.729733062908792,13.521099272147175],[74.72962364600069,13.520987758857872],[74.729615106856457,13.520858567423037],[74.729929286864021,13.52059274482939],[74.730074173208664,13.520353555152314],[74.730082646897614,13.520350637305336],[74.730132118086303,13.520333560055885],[74.730223870972097,13.520301768663643],[74.730232730182266,13.520298699316804],[74.730237327589009,13.520297097459174],[74.730299260804657,13.520275546829527],[74.730297147124404,13.52026507723477],[74.730327665043802,13.520253504356139],[74.730424105816226,13.520216845063421],[74.7305430593279,13.520171510396544],[74.731087179095908,13.520637373674431],[74.731415063996934,13.520696296741756],[74.731716889515383,13.520628456970325],[74.731912533981458,13.520679164770941],[74.732147166261896,13.520739506148267],[74.73306485248122,13.521412355660468],[74.73325000417455,13.521883717058454],[74.733270501437502,13.521935748158576],[74.733846415623347,13.522273424681773],[74.73448297446788,13.522352058249629],[74.734896971107858,13.522242202072716],[74.735680897587699,13.522035943944887],[74.737298637816636,13.52240531629382],[74.738361116485279,13.522392905897474],[74.738729354592905,13.522492602428525],[74.738731272547312,13.522663533032173],[74.738732971341932,13.523584225176531],[74.739004112225729,13.524097758470235],[74.739350375896592,13.524789617974012],[74.739184259551564,13.524905544914338],[74.739289964898049,13.525115680507264],[74.739075517783917,13.525244637572719],[74.738819274472519,13.525570622400766],[74.738803722307537,13.526053123793089],[74.739190162676707,13.525970822525519],[74.740017241010392,13.526702699790629],[74.739977965276452,13.527053592740467],[74.739990583462983,13.527064659104889],[74.739939819496655,13.527707810355366],[74.740065719424933,13.527983333079458],[74.74009715158185,13.52800354623049],[74.74041702310123,13.5282097758089],[74.740798531407762,13.528180566775131],[74.740924818490498,13.527793910309803],[74.741908296082727,13.527158404365764],[74.741986746849392,13.526781786425225],[74.741852170463631,13.526393835939315],[74.741882124070244,13.526271487041919],[74.741947126814182,13.526007950408918],[74.742340512203995,13.526056045362688],[74.742783884255942,13.5262496159619],[74.742906546826006,13.526255373474765],[74.743166456165568,13.526371729330032],[74.743357790784856,13.526457385774751],[74.744198027752589,13.526834263690727],[74.744956326163589,13.527174386265786],[74.745430310882057,13.527289653001219],[74.745523522605779,13.526844622446207],[74.745480758878429,13.526635943201919],[74.745414140584657,13.526315822721592],[74.745366637304855,13.526089602065261],[74.745415459810516,13.525574054559195],[74.745436964337671,13.525346969093523],[74.745447567886529,13.525234649625448],[74.74579248167835,13.525067917076088],[74.746107303844028,13.525105879464007],[74.746475278196812,13.52535551232938],[74.74670826736498,13.525569918722688],[74.746770676131149,13.525607300185692],[74.747471855672842,13.526195591093376],[74.747924984413388,13.526700485895431],[74.747962084311041,13.527054251243358],[74.748478212566241,13.527699963084691],[74.748878035784443,13.527915036903339],[74.748883282333139,13.527916613712097],[74.749361067835054,13.528005366752582],[74.749912538633779,13.528298426548142],[74.750568720364114,13.528647128909608],[74.750870591680183,13.528747212740452],[74.751240171242841,13.528957236080446],[74.751442690270778,13.529072321962214],[74.751809937069012,13.529065812434846],[74.752577303964202,13.52891802757223],[74.752659822774248,13.5290120609884],[74.752965030082777,13.529111855351713],[74.753136162347403,13.529433282362465],[74.753271051753686,13.529556382954668],[74.753212642157862,13.52974006875081],[74.753323856121767,13.529798402437903],[74.753027848746001,13.530699114482106],[74.753014180085358,13.530740784030389],[74.753544554232235,13.531855720880438],[74.753571924159658,13.531913139993833],[74.754860969379834,13.53283362641397],[74.754909300024792,13.532868155527924],[74.755020968600391,13.533135341739206],[74.755256474833615,13.533181362212781],[74.755309730602775,13.533223902993269],[74.755322153227041,13.53323382636704],[74.755768832508835,13.533590934878209],[74.756213137508368,13.533712440447943],[74.756258194790533,13.533655573225486],[74.756417092486416,13.533455052947277],[74.756408027815397,13.533144688239284],[74.756255207047047,13.532961558330085],[74.756315416818609,13.53272924971661],[74.756393283357724,13.532661552837997],[74.756416422602058,13.532641444564232],[74.756562384819489,13.532514712745161],[74.756572564129016,13.532515020137613],[74.756700073925714,13.532518905720078],[74.75723866812028,13.532536017713433],[74.75832908846823,13.532391130012265],[74.758355527705504,13.53241499638626],[74.758680776465383,13.532709505841279],[74.758681588982896,13.532710244473837],[74.758680637431453,13.532712665075543],[74.758656558892554,13.5332561870208],[74.759499456547559,13.53323221819608],[74.759633495258598,13.533265404608743],[74.760597037197797,13.533376090564794],[74.760645703352168,13.533409685743049],[74.761083903896647,13.533714524225529],[74.761437745923146,13.533699119225671],[74.761551671617426,13.533632998619208],[74.761678058100713,13.533187517815241],[74.761221504987247,13.533095758389326],[74.761151482784953,13.53274378182757],[74.76118902688161,13.532645457662671],[74.761183437658033,13.532634231777022],[74.761361776207224,13.532176342232081],[74.761679851441627,13.531954242568604],[74.761913102161103,13.531736017798924],[74.762048160562784,13.531594368873073],[74.762055475075329,13.531588974879345],[74.762393099512252,13.531338814802755],[74.762690343925016,13.531433182561321],[74.762881186417118,13.531569896314421],[74.763063408083994,13.531700579609923],[74.763431101543844,13.532193867758268],[74.763799980345752,13.532492199705541],[74.764268540655834,13.532545797409329],[74.764293487367141,13.532667988318989],[74.764444240701039,13.532727641972683],[74.764450375968522,13.532730704939498],[74.764503132383979,13.532878565883577],[74.764932569239278,13.533720455129028],[74.765014103088646,13.533768190804343],[74.765519127780735,13.533507838433371],[74.765842487159702,13.532940725123076],[74.765942050084959,13.532989745093605],[74.766356611307145,13.533192045523323],[74.766360734532725,13.533201921725428],[74.76675683541977,13.534144528499997],[74.766830855404592,13.534558717234134],[74.766890709771459,13.534893326181074],[74.766946864115326,13.535027315320118],[74.766978141213855,13.535101947706259],[74.767830497549284,13.535668959844873],[74.767842640239564,13.535646093262594],[74.767942413087411,13.5354580894025],[74.768089268735764,13.535525757767079],[74.768102877733426,13.535492723592345],[74.768450004899861,13.535579933172102],[74.768447193121247,13.535671210490158],[74.768523676271684,13.535758717312115],[74.768730621870432,13.535734668166059],[74.768839741420109,13.53569671912809],[74.768994823350297,13.535732964534557],[74.769121494161681,13.535887376065181],[74.769322299344196,13.535826179633592],[74.769225238644793,13.53639622794277],[74.769436893334088,13.536355936315754],[74.76939927274735,13.536554804483666],[74.769201975220057,13.536624552763461],[74.769202058734436,13.536798741339458],[74.7694244278578,13.536963781556251],[74.770237380780713,13.537032360995315],[74.770666859381663,13.537335353770754],[74.771183885469028,13.538038138605748],[74.771277258260298,13.538178550096001],[74.771326777997785,13.5387571035828],[74.771448124959718,13.539035384567926],[74.771468753075482,13.539082536249909],[74.771575029696237,13.539167968846735],[74.771659325583599,13.539235903529962],[74.77177963584829,13.539604760732988],[74.772239420334742,13.540131441762361],[74.772314149429647,13.54029277959193],[74.77206919632448,13.540735472184322],[74.770885858463174,13.541710719101518],[74.771402834232703,13.542094247980671],[74.771885506177412,13.542393536583759],[74.77362812310129,13.543082666150607],[74.773641258190153,13.54308817754838],[74.774469777494502,13.543137096105101],[74.774479437519886,13.543137794742073],[74.774689337512228,13.542885599737479],[74.775146281995575,13.542812714372927],[74.77514086721807,13.542770284078095],[74.775252444548656,13.542771787738861],[74.775284784317535,13.542183857648279],[74.775280083557973,13.542124104814032],[74.775274358506607,13.542064653070868],[74.775267626732415,13.542005493392265],[74.775259848465936,13.541946657390344],[74.775251057901485,13.541888146904238],[74.775241243015884,13.541829971869522],[74.775230401038129,13.541772131379375],[74.775218555079732,13.54171461912488],[74.775194245198492,13.54161009484725],[74.774802144344946,13.541419990946848],[74.774893517190563,13.54121018130162],[74.77492388272708,13.541141154615485],[74.77498424430415,13.541004818025119],[74.775854033137477,13.54150186240315],[74.775983697134464,13.541828515787303],[74.776066991470898,13.541850088382002],[74.776384110580651,13.541864640832138],[74.776386840554721,13.541864752684551],[74.776412086965294,13.541906190667369],[74.776430253777704,13.541936024701831],[74.776452032341766,13.541971815394788],[74.776472436905507,13.542005331630792],[74.776862900907716,13.54195013725997],[74.777455161205395,13.541937889159056],[74.777461768471809,13.541983431919141],[74.77756838279879,13.542555586982784],[74.777650823964578,13.542547886654505],[74.778209142392669,13.542506976968351],[74.77821160921475,13.542506833575526],[74.778243544056267,13.542464884956699],[74.778325236293639,13.542357677155463],[74.778719225325418,13.542364536511718],[74.778866096051814,13.542366806728866],[74.778910951283791,13.542685874929766],[74.778912708940538,13.542686061850242],[74.779472030921838,13.54274477437362],[74.779528729058711,13.542718392899239],[74.779593578370608,13.54268828052048],[74.779652776470073,13.54266086588059],[74.779843722520226,13.542572687431221],[74.779894324529607,13.542549346847357],[74.780208913468016,13.542715917256281],[74.780328363149408,13.542597604605245],[74.780431057922925,13.542610252700053],[74.780533632578482,13.542623890776296],[74.781214954913182,13.542710897536788],[74.781501856360009,13.542749417985453],[74.781573680254127,13.542759962532358],[74.782000623509632,13.542822550437393],[74.782070227906956,13.542740285722925],[74.782560638745792,13.542806136172773],[74.782696288944507,13.542729149707142],[74.783443008431902,13.542811602903949],[74.783471195851178,13.542757222658873],[74.783582030142554,13.542543115252203],[74.784369159220986,13.542683963107631],[74.784496326604,13.542863484120332],[74.784553965155993,13.542869866993119],[74.784659871514506,13.543042183709542],[74.784964307526963,13.543544128266499],[74.784812392942754,13.543566133978569],[74.784805469546541,13.543652691523532],[74.784741174195062,13.543656094855221],[74.78463205406365,13.543988122730253],[74.784546617980411,13.543987813128446],[74.7845076832416,13.544123093593369],[74.784422398835574,13.544128769160315],[74.784419866771685,13.544174655613499],[74.784398006415714,13.544614932203089],[74.784392078905498,13.544748934490553],[74.78467397705019,13.544739021124457],[74.785139767778801,13.5449555882134],[74.785250589771877,13.545008102383676],[74.786706044804248,13.545697650621111],[74.790272480938583,13.547380585852254],[74.790520025420179,13.547438946075289],[74.790524888584926,13.547440091285283],[74.792018784986098,13.548091998996165],[74.792652922450145,13.548355424502502],[74.792717461423607,13.548330342308848],[74.792956364252206,13.548242282255618],[74.793753199710721,13.547939691942698],[74.794970752336141,13.5474492647222],[74.795348638918284,13.547306710889218],[74.795384650489908,13.54733663323052],[74.795385443748671,13.547336307453554],[74.796015115402483,13.546636875561264],[74.797062789693683,13.545425123264639],[74.797124147375897,13.545357326120758],[74.797196762760805,13.545277629409926],[74.797319731361327,13.545143994704263],[74.799485585367918,13.544174725633177],[74.799510614018558,13.544155739730051],[74.799558790925957,13.544118418357273],[74.800871966072734,13.543081161190033],[74.800880209757537,13.543076966709407],[74.802360009805724,13.542677294356231],[74.802915730332117,13.542428235500864],[74.803019223268009,13.54237655990587],[74.804414544711719,13.541597895348305],[74.80497295289662,13.541273869770905],[74.805331296200151,13.541039727661422],[74.806686798706849,13.540074088837114],[74.806614756921533,13.540313367140053],[74.806563025673711,13.54048440722387],[74.808464859102671,13.541497180261338],[74.808512285100065,13.541527372607645],[74.810987519286002,13.543161456408896],[74.812796283343616,13.543927639071191],[74.816316494574252,13.542399747065943],[74.816371644411419,13.542255199524595],[74.816391254765833,13.542203725308852],[74.816405383341589,13.542140640382089],[74.8164853024998,13.54178274637307],[74.81662659472002,13.541795124921128],[74.81668469568362,13.541677696392046],[74.816906112461027,13.541653448920684],[74.816993485407593,13.541739096353327],[74.817152805781973,13.541756573180418],[74.817394799004845,13.54201336209006],[74.818046201377911,13.5421867074029],[74.819005290574793,13.542706192207856],[74.819025728431029,13.54271714274676],[74.819217067273158,13.542819626321027],[74.819316995117688,13.542799723212315],[74.819415671349702,13.542789920304115],[74.819545032732321,13.542776741407593],[74.819880566924112,13.542941938221727],[74.820179811563051,13.54308896875447],[74.820311274537261,13.543153587239841],[74.82014897050324,13.54336130855101],[74.819930950694385,13.543362272898804],[74.819926073645078,13.543362297418005],[74.819925893399102,13.543363560496378],[74.81987865562337,13.543707195953594],[74.820064010320607,13.543931581845582],[74.820188097793903,13.544425336812651],[74.820143519853758,13.544493718727638],[74.820236306029017,13.544706402266579],[74.82132543050453,13.544774785775891],[74.821331394394875,13.545687289231997],[74.821505503637809,13.546073629719787],[74.822168310537407,13.5464218603941],[74.822300927052055,13.546559213946074],[74.822370741931692,13.546664512203515],[74.822400564200677,13.546704902696177],[74.822315931907653,13.547086752738673],[74.822171550400483,13.547233388366095],[74.822156514170487,13.547357871919326],[74.821968440264001,13.547533751654928],[74.821831032017215,13.547532013492777],[74.821710969179222,13.547952545365476],[74.821628832331882,13.548490942431489],[74.820900676313784,13.550201920756292],[74.820866489272746,13.550278068486231],[74.820755257822839,13.550305387779218],[74.820331069644155,13.551070690932935],[74.819702232954782,13.552174560710563],[74.819697265999537,13.552183268464976],[74.819708034975605,13.552236343598539],[74.819714461375128,13.552268012509396],[74.820013721466907,13.553724043324445],[74.820394257607418,13.557137507824669],[74.822857296096345,13.559586973312701],[74.822882384989484,13.559597443076635],[74.826199143791627,13.560969916435111],[74.832262744818308,13.563334293508285],[74.833728165939846,13.563852324815709],[74.834053506804096,13.563972213130555],[74.834103760213679,13.563990841975793],[74.838165727425221,13.566244307325681],[74.839505497917088,13.567025721916927],[74.840364879775194,13.567503602351012],[74.840395943166769,13.56752089839744],[74.841042780840795,13.566844316214985],[74.841455861163666,13.566416592192558],[74.841629955216348,13.56623766725941],[74.8419795531332,13.565878233697111],[74.842350860912532,13.565496041241044],[74.843189206977357,13.564644413272035],[74.843707300480744,13.564126739850103],[74.84393734823685,13.563901294944467],[74.84650697434796,13.561759324452312],[74.846622565560594,13.561662568819111],[74.848429731880429,13.559521941224071],[74.84903036475086,13.558784951223787],[74.84918862110969,13.558575669813614],[74.849255863086285,13.558490904542211],[74.849378179729769,13.558336287293995],[74.849387927683367,13.55803296944563],[74.849071069529856,13.557942864364428],[74.848987594173153,13.557649605802435],[74.848866118127276,13.557660384000366],[74.848857161895367,13.556887067160112],[74.849368024572698,13.555430075175821],[74.849446515412595,13.555204651040613],[74.849546339781483,13.554917345208221],[74.849469916410214,13.554895037048482],[74.851370073131235,13.552766412460539],[74.852129172062703,13.551754517776759],[74.853406946888612,13.549356759702453],[74.853429462138237,13.549355105505207],[74.856648190507997,13.543297190443383],[74.856787445032154,13.543022687928659],[74.857520585534161,13.543420570352513],[74.86045455254893,13.545098182089108],[74.860556856862132,13.545157873175837],[74.860635668289817,13.545203864692388],[74.861310779730786,13.545594724851025],[74.861350062309043,13.545617537771211],[74.861394980822467,13.545767915435864],[74.861870378382648,13.545934156390972],[74.862071068073831,13.546125502019954],[74.862424449011399,13.546296131537096],[74.862633518278855,13.546453909051559],[74.862828765407841,13.546601642752686],[74.863196653540825,13.546496876710638],[74.863250202998742,13.546596794557757],[74.863344297032569,13.546590008214407],[74.863359719123125,13.5465453123842],[74.863568988467591,13.546520587452088],[74.863699701701094,13.546361563880863],[74.863810292712074,13.54647696962051],[74.863968692494808,13.546386373271888],[74.863919969382465,13.546064812267822],[74.863946379195866,13.546004129249688],[74.864263417489354,13.545891015022105],[74.864825529087597,13.545769566692272],[74.864976381425436,13.545736967494809],[74.865362208888129,13.54572296466576],[74.865323903468806,13.545771230863611],[74.865337678856662,13.545968439259443],[74.86534544633011,13.545972739443211],[74.865348366129737,13.546043023255873],[74.865520225359731,13.546069183821409],[74.865611320473718,13.546083028650935],[74.86558665327513,13.54610576945387],[74.86558871364447,13.546106901754209],[74.86544643529588,13.5462460405919],[74.86540502603377,13.546286534170147],[74.865753885909541,13.546611443650665],[74.865733512297822,13.546980645483945],[74.865811607922737,13.546961089116685],[74.865982992760124,13.54691803296531],[74.865995094488966,13.546913113203205],[74.86602307425072,13.546901730370637],[74.866086403176297,13.546796963958863],[74.866113570039332,13.546802978983955],[74.866510809486925,13.546890238980126],[74.866645238412246,13.547016100971101],[74.866668610995788,13.54703774715731],[74.866638944975662,13.547265611943839],[74.866639143538393,13.547272505904733],[74.866640318648351,13.547313206860132],[74.8666435680354,13.547422986722328],[74.86655177661153,13.547552966115362],[74.866037798062379,13.547832788428911],[74.865940899033561,13.547822278153683],[74.865782829516732,13.547878959129955],[74.865723505017456,13.548042692482351],[74.865612030503357,13.548090468189613],[74.865541276658348,13.547945332777074],[74.865440915577238,13.547898458619624],[74.865457559450604,13.548016032026579],[74.865375345935092,13.548050542035153],[74.865098559227093,13.548133748419968],[74.865093715464553,13.548135205234251],[74.865042910471232,13.548419269882299],[74.864986210017676,13.548403032740616],[74.864746700011651,13.548555833070878],[74.86474777592727,13.548563804445369],[74.864730931334364,13.548571324858857],[74.864742578805902,13.548745631546309],[74.864530243801951,13.548856889736543],[74.864538646705924,13.548898018694583],[74.864534026531771,13.548897942043967],[74.864544311456186,13.548925499521452],[74.864526137677004,13.548938118156297],[74.864541308404867,13.548983050358396],[74.86465897543242,13.549359252284379],[74.864698788081483,13.549361616698437],[74.86478774132938,13.54936689037903],[74.864801596569379,13.549423951200785],[74.86490906731396,13.549889922199874],[74.864851264832467,13.55031382041091],[74.864665577315378,13.550654764004996],[74.864663861484431,13.550946378281843],[74.864642766414875,13.551237676427506],[74.864636219704664,13.551328109481066],[74.865399995755297,13.553332338833956],[74.865568116215897,13.553126418552754],[74.865649187887342,13.553303027575325],[74.865982035662512,13.552938114285626],[74.866649974231549,13.552138359763946],[74.866863207510079,13.55188297772958],[74.86692589917736,13.551719309247385],[74.867216016902958,13.551504652766351],[74.86719132174197,13.551423854794264],[74.86731008423277,13.551274372626889],[74.867550609224864,13.551146659199338],[74.867623255135967,13.551138403180156],[74.867864106852835,13.55100594693106],[74.869804922523102,13.550883575960706],[74.871265084132759,13.550714255564234],[74.872310621086598,13.550078652047429],[74.872380155131481,13.550163017017844],[74.873513404897167,13.551544196866875],[74.873620634371008,13.551669775502509],[74.874225908908528,13.552372278298114],[74.874828600767714,13.553075144537356],[74.875451646211872,13.5537745255111],[74.876054010282232,13.554474467946534],[74.876658234958796,13.555175693845008],[74.877263499105922,13.555877226220579],[74.877508262843619,13.556157775317503],[74.877527249677712,13.556197818522596],[74.877718338658539,13.556599526956386],[74.878031405730397,13.557329066564646],[74.878280798920656,13.557897882161321],[74.878850311301207,13.558059113798848],[74.878884711119852,13.558099989934057],[74.880983608103634,13.558661306841666],[74.880984597218358,13.558753846245301],[74.88101954264323,13.562826744414188],[74.881357486576178,13.562837333674596],[74.882829075087969,13.562884501350551],[74.882922862655874,13.562966359169957],[74.883178137260288,13.562997501039439],[74.883206370584986,13.563000951223501],[74.883256890757849,13.563007112759058],[74.883393672867342,13.563023816305165],[74.883427247317528,13.563027913674178],[74.883632962542947,13.563025596224605],[74.884106031574774,13.563072497088969],[74.884772759129177,13.563158608908564],[74.884795387663416,13.563785211021699],[74.88479563410074,13.563797436326027],[74.884817685740828,13.563793578201917],[74.884900039886432,13.563685659239736],[74.885549891330925,13.563618714845594],[74.885659038091603,13.56371790463368],[74.885909611470638,13.563703751391586],[74.885910155332112,13.563704889161546],[74.886788391546816,13.563447878040366],[74.886801895032363,13.563140211708431],[74.887072873701328,13.563029067056446],[74.886925259899769,13.562744142431216],[74.886858756613023,13.56261575773669],[74.886719081666811,13.560940852878902],[74.888707794127029,13.560614469772975],[74.889892055483088,13.560422574395345],[74.891172782326535,13.560222439916158],[74.892855325859344,13.559960964865221],[74.894915998441135,13.55959335453932],[74.894949768707264,13.559586609619517],[74.895450706248624,13.559175557586334],[74.897017105566022,13.557886047257311],[74.897076818768028,13.557851231851394],[74.89710499647785,13.557834803637748],[74.897714342718359,13.557479696562178],[74.897999335795006,13.557483028527471],[74.898273026255154,13.557342548492045],[74.897783302673091,13.556866092897945],[74.897699009236248,13.556783966887817],[74.897450667146089,13.556188985101771],[74.897370755860535,13.555997264366393],[74.897616104575789,13.55574436752231],[74.897957420582429,13.55556375317763],[74.898075169252408,13.555584461108575],[74.89824994076244,13.555616111705815],[74.899567808096506,13.555881703054768],[74.900275935984553,13.555915881792032],[74.902536384765739,13.555428148973235],[74.903096870216302,13.555132022385811],[74.904209719148355,13.55428161329607],[74.904464880322138,13.553349854499464],[74.904791639827593,13.550912879259307],[74.905193166710077,13.550413018061453],[74.906222929390594,13.550321240919905],[74.906685703971533,13.550281169479964],[74.908318193072574,13.550295651753524],[74.908733522477235,13.550190498739624],[74.909342360177561,13.549917335800215],[74.910534804287465,13.548719098628146],[74.91052141466956,13.548188550274439],[74.911290943907474,13.547285132453139],[74.912180995042377,13.546084000865443],[74.91253955133844,13.545633679728478],[74.912537453215847,13.545583508581577],[74.912597554256394,13.545499610530486],[74.912517253059704,13.544841408166661],[74.912509926489989,13.544839768943023],[74.912247203178353,13.544781140506936],[74.912157630173866,13.544761134567526],[74.9121389330234,13.544756935073989],[74.912057826322936,13.54473811390505],[74.911904739228248,13.544698885968014],[74.912013313895059,13.544440154657877],[74.912177526942813,13.544095338235664],[74.912695899541603,13.542888809172261],[74.912747095548539,13.542813871608733],[74.91286997140908,13.54263393967023],[74.912963605311504,13.542524996909821],[74.913095739151174,13.54234868229293],[74.913524585833201,13.541721514320768],[74.913840859931852,13.541281948607519],[74.914274316750152,13.540679439282311],[74.914306322703936,13.540583751709745],[74.914486014683533,13.540039691298682],[74.914577322208615,13.538745008839346],[74.914873908591318,13.537833106306826],[74.915133898992949,13.536510974880404],[74.915504233377916,13.534803207798307],[74.915860459846414,13.533152614340413],[74.917670350302586,13.525581432900392],[74.917695163917713,13.525453593272481],[74.917843134606329,13.524689729888685],[74.917848524865747,13.523795080989972],[74.917760670187718,13.523676927572824],[74.91783215796309,13.523648266937066],[74.917575097470689,13.523151378323858],[74.916494545807481,13.521949743872137],[74.916061411383183,13.521190484773298],[74.91588789208906,13.520709620056564],[74.915693475253278,13.520171500214037],[74.915648111494633,13.520081277653652],[74.915585558988568,13.519873435575692],[74.91525906863771,13.518975094507422],[74.914607296168853,13.518734245627234],[74.913751680808105,13.518418295225011],[74.913553280359253,13.518336364716186],[74.912337350462892,13.518020894341328],[74.912196891301988,13.51798274886311],[74.909939986943101,13.518138685750063],[74.908326900005832,13.518253420288717],[74.908060460214259,13.518260644222247],[74.906298933105518,13.51831227068875],[74.904754203111167,13.518358593427394],[74.90465020614073,13.518303337725994],[74.90445969470575,13.518301786714527],[74.902827898827411,13.517503105733292],[74.902371595533225,13.517175781019413],[74.901858290215088,13.51685023619226],[74.901835799040512,13.516826098802618],[74.901308013449068,13.516260498383398],[74.901210678029457,13.516156294079398],[74.90027693685883,13.515139564274882],[74.899329993658839,13.514116215705267],[74.898815711084126,13.513547658570481],[74.898386783655283,13.51307077912284],[74.896545775576328,13.511417096722759],[74.895127581236281,13.510120038913337],[74.894112469414864,13.509196582463181],[74.894028451697409,13.508677069784508],[74.893862244982017,13.507625860501898],[74.893843288733791,13.507502298793737],[74.893828605315434,13.507406088366169],[74.893893140520433,13.507347427261125],[74.89392146046201,13.507259608246432],[74.893903284273676,13.507194247917075],[74.894216523031972,13.506747862999026],[74.894773153772988,13.506185601016732],[74.895641094615158,13.505534579463603],[74.895687002655791,13.505418274215312],[74.895806063344111,13.50538215886078],[74.896025604858693,13.505315535573491],[74.896134248839246,13.505282919651167],[74.896581244551498,13.505148669155693],[74.898701798378951,13.504509113365428],[74.899863533111926,13.504051749683267],[74.900655010664892,13.503330246406314],[74.90150180405611,13.502907295450742],[74.904325971311337,13.501983030932051],[74.906528346584892,13.500804348242507],[74.906951594530213,13.499612635883153],[74.906887040869677,13.497327299031816],[74.907254660403311,13.496021943414274],[74.908313072692479,13.494482265477085],[74.908611809086551,13.493729543983248],[74.910387686586049,13.493159782612082],[74.911879319451984,13.493793945991456],[74.913930353630789,13.493437166462751],[74.914362302620248,13.493361539287031],[74.914698968876678,13.493225599010847],[74.917014174751415,13.492268235160896],[74.917887563585978,13.491672806323754],[74.918997298220944,13.491548293777983],[74.920814843197391,13.490597089317028],[74.922142880041548,13.489409908909074],[74.923691065602327,13.488783416708721],[74.924198430163813,13.488578731957531],[74.923815189460996,13.488458552322113],[74.92064011017392,13.486082297638937],[74.924053246382414,13.480327999998433],[74.924200263370878,13.480081173235929],[74.924569329982091,13.47994585948099],[74.925121779058514,13.479706407393351],[74.925053282480903,13.47944670363426],[74.924871167415446,13.479231437177887],[74.924692659284602,13.479227432203389],[74.924673664431268,13.479195136200282],[74.924548396398862,13.479171912152829],[74.924303443332079,13.478936423029159],[74.924480237610908,13.47884522967899],[74.925216230193357,13.478752689624798],[74.925230588328944,13.47857793469618],[74.9250709204955,13.478593751957627],[74.925100043785534,13.478219510440201],[74.925173946644748,13.477277454722364],[74.925256867404428,13.476918949329853],[74.925593240829329,13.475753338969477],[74.927959050265699,13.473401251363063],[74.929490538651763,13.471891052774319],[74.933798393436177,13.467749253164532],[74.933376491198274,13.467371375431769],[74.933364594113883,13.46736069141771],[74.936107356701427,13.467413126848308],[74.937939047137689,13.467512780673808],[74.938109291202338,13.467522114599296],[74.940050485218293,13.467621347756699],[74.940068704189471,13.467627783947432],[74.940545556613571,13.467795308750995],[74.940500016299154,13.467965156406251],[74.940220960922218,13.469012939437405],[74.940330674959171,13.469016384431789],[74.940851026047312,13.469028930752188],[74.940945617598175,13.468406034194981],[74.941254088843465,13.468473717270534],[74.941378889326231,13.468094007066354],[74.941942048426156,13.467404770065619],[74.942037803440712,13.467288349787156],[74.941941322856053,13.467057313635758],[74.942099653357928,13.466868699826685],[74.942125166741221,13.466667108487581],[74.942138771640671,13.466558324517697],[74.942169898275097,13.466477550646481],[74.942275318852566,13.466202816635466],[74.942772327628347,13.465800148142426],[74.943147726751818,13.465461538169174],[74.943497791527463,13.465393533361597],[74.943547658235516,13.46536347954097],[74.943724545179705,13.465256710555877],[74.943702020758067,13.465112456877929],[74.943824886479533,13.465041800042314],[74.943784493923872,13.464567889585989],[74.9439042870017,13.464375796408977],[74.94426627376636,13.463461968459294],[74.944626469326721,13.462675781841876],[74.94465857811818,13.462621111409611],[74.94500813416434,13.462454805477067],[74.945119777529285,13.462420136039542],[74.945867451483139,13.462186717887324],[74.946759650628522,13.461707633826235],[74.94684568105184,13.461451690977173],[74.94716193468669,13.460477812889444],[74.94728030993582,13.460245637340833],[74.947466976873827,13.459878118682914],[74.947905157150004,13.460020333569638],[74.947928875094789,13.459794312222591],[74.948161924665385,13.459657378121532],[74.948209272213745,13.45966936904111],[74.948196124812213,13.459637277608143],[74.948248063047188,13.459606746728083],[74.948787568527223,13.459406792496486],[74.949789679543443,13.459009386221364],[74.949862114629269,13.45873519744007],[74.950348167588771,13.458346259501173],[74.95000377863613,13.457789571581747],[74.950190069912395,13.457627869110178],[74.950376412970542,13.457751849083289],[74.950576169710786,13.457719764415408],[74.950829742123801,13.457851877319994],[74.951322029583409,13.458433368023154],[74.951854302950224,13.458323029429321],[74.951986538036095,13.458295795516225],[74.952096007122506,13.458029952930445],[74.95263301228141,13.458037136628612],[74.952701007766848,13.457643251130055],[74.952742165344901,13.45741874986286],[74.952663711779024,13.457360607005125],[74.952408274754831,13.457170995928932],[74.952085016192584,13.456931053487825],[74.950990558235006,13.45612107116683],[74.950699855515396,13.456023809558399],[74.950543277857179,13.45590063862948],[74.94997688133472,13.455784243293088],[74.949700408323636,13.455707475227303],[74.949642349143403,13.454669890699183],[74.949618338684004,13.454369642284842],[74.949764520047538,13.453448618772857],[74.949688135795469,13.453462739484598],[74.948667542033292,13.453650729053987],[74.948557686820379,13.453661309728044],[74.947937908630621,13.453654642790644],[74.94782546297921,13.453429978420749],[74.946296731738869,13.450180370977094],[74.946211032872469,13.450001056441636],[74.946178236890304,13.449766221129478],[74.946117229606287,13.448769897892998],[74.945879575487211,13.448475801734773],[74.945818468406074,13.448370437433971],[74.946688254511798,13.447763138658466],[74.946362952683089,13.44704768570644],[74.945990099517473,13.446223806461575],[74.946181198647238,13.446003983282964],[74.946043080629082,13.44569077024668],[74.946008448022141,13.445240690083992],[74.945964295342236,13.44521593427806],[74.945879595272814,13.44516842992631],[74.944569051839821,13.444432976948969],[74.94327856791152,13.443705975395362],[74.94321314093979,13.443650143723032],[74.940182353615995,13.440940214040758],[74.939801037966021,13.440843582885982],[74.933368343751297,13.439078442591077],[74.933224049129564,13.439036716192494],[74.933200390762963,13.438955370805061],[74.933148887237692,13.438939936228515],[74.933117847501222,13.43871260924648],[74.933128003315716,13.43870779324725],[74.934702052398194,13.437958936523618],[74.935614314196769,13.437649805451789],[74.936194351620458,13.437547000770589],[74.936233874091272,13.437255388758063],[74.937384314064815,13.434914885555013],[74.937394648180415,13.434912652840703],[74.935659009087288,13.433846611513298],[74.935520022357892,13.43376737174335],[74.935240652770972,13.43308753542953],[74.9348099979469,13.431938616487679],[74.934550095989024,13.431546759710715],[74.934447573736179,13.431398287482256],[74.934405807616059,13.431338000832408],[74.934418604741694,13.431307294339984],[74.934237324814106,13.431346400720102],[74.934173470271944,13.431201506600763],[74.933693248777089,13.431256405556562],[74.933423618120287,13.43128735806021],[74.933266057233766,13.43130548167559],[74.93326093564491,13.431306072596881],[74.933003317116814,13.431335763702755],[74.932819233439346,13.431473885383475],[74.931832220331088,13.432222910275845],[74.93061809201167,13.432626164069584],[74.930318999768417,13.432949175724017],[74.929517805641837,13.433818327663365],[74.928913185428925,13.434481286128422],[74.928134157839253,13.434599202313917],[74.928109852268804,13.434685103640204],[74.928076836302253,13.434801845211384],[74.928049546458737,13.434898335237058],[74.92805593568211,13.434950086736858],[74.927776814751596,13.434993240413581],[74.927450801698299,13.435043643139547],[74.927423956893932,13.435047797625808],[74.926429478885453,13.43520217224625],[74.926242472321405,13.435100720579578],[74.924334284932144,13.435627897336813],[74.924312147032381,13.435634076594049],[74.92429648772351,13.435625460809142],[74.924226746822654,13.435587094630883],[74.924167628664023,13.435554573023037],[74.924076178705818,13.435504267009065],[74.922432449057084,13.436007334913008],[74.921854774124455,13.435680600892301],[74.919823130234604,13.433043269400873],[74.919787841243192,13.433011185669049],[74.919780984214896,13.433004955078673],[74.918208093304187,13.43163170857051],[74.91619658650643,13.430565015131087],[74.916179605085432,13.430556072875302],[74.914603871139576,13.430507554905734],[74.91420543754522,13.430102965502053],[74.913996382269502,13.430234920581055],[74.912859829947678,13.429534738500612],[74.912252203511215,13.428768177566001],[74.912217215200755,13.428724083659089],[74.910772466597322,13.426928440991455],[74.910681777500486,13.426725554253924],[74.910637139477245,13.426625920960058],[74.910304516558767,13.425887485840958],[74.907471027868596,13.422642194431125],[74.907105450225814,13.422227207889426],[74.906493343990434,13.421532801375731],[74.904785168514067,13.418151689945852],[74.904295227450618,13.417988068371036],[74.90382708651191,13.418032254181211],[74.903749026825338,13.418039622001457],[74.901993467207589,13.417238741472985],[74.901659743287127,13.417086945945119],[74.901128544074325,13.416846004001053],[74.901076002112077,13.416461620355131],[74.90066514414697,13.416286211548851],[74.899453658030623,13.416116775035574],[74.899221331423533,13.416012947790565],[74.898303619870731,13.415755218923302],[74.896303813056306,13.41576865294072],[74.895872951483668,13.415461641163464],[74.895613059024242,13.415252364719331],[74.894883012849093,13.413746756078108],[74.894550392411318,13.413191455712131],[74.894203935723496,13.412753771883409],[74.893920517306086,13.412520958172669],[74.893443567828555,13.412268860928243],[74.892562114069307,13.411590229390093],[74.892276547464022,13.411402670191601],[74.891978265883395,13.411185625154726],[74.891353253831824,13.410787789085321],[74.890955125785112,13.410445813263749],[74.890645247469351,13.410215018981694],[74.890267055691353,13.409801662669238],[74.889839177396553,13.409415763996616],[74.888951125150641,13.408944053492929],[74.888134626944876,13.408367129659894],[74.887885873364553,13.408031084583278],[74.887398259711276,13.407907317406664],[74.887288069694193,13.407965995987773],[74.886716299233228,13.40770044193286],[74.886481576568144,13.407560703528009],[74.885181331705752,13.40697195434285],[74.885119462643743,13.406934552993185],[74.885052001880453,13.406917986419989],[74.884321490602332,13.406599909524633],[74.883854119089918,13.406677243553233],[74.883622294052628,13.406475761328146],[74.882268389560139,13.405082741966089],[74.881710680967871,13.405062024608981],[74.881555752722647,13.405169525949136],[74.881501770659412,13.405270569483521],[74.881362429951068,13.405363455530683],[74.880972641598362,13.406260992884919],[74.879851816415808,13.408366313015913],[74.879718443728251,13.408450491304436],[74.879625676122586,13.408509140462675],[74.879589956399414,13.408577232671183],[74.879402008044153,13.408935885205182],[74.877529712917266,13.409528295906091],[74.87722499326712,13.409520310794417],[74.876193891385839,13.40906830692559],[74.875444463136375,13.408788992514694],[74.875094916388846,13.408681796524389],[74.874868223242174,13.408662512518365],[74.874558824558562,13.408643651996764],[74.874412405842946,13.408613401045971],[74.873928289606894,13.408493304365594],[74.873758825866517,13.40845257584024],[74.873120625237846,13.408434434137579],[74.872305970864673,13.408328213548021],[74.872170993633134,13.408309831632923],[74.872137839716785,13.408143754619413],[74.872130941400656,13.408109213644138],[74.871002681571952,13.407719586282921],[74.870870989033847,13.407224343973246],[74.870711907787097,13.407194385517617],[74.869633249901725,13.406988067092524],[74.869330835927812,13.406976081444871],[74.869249465704087,13.40697299020891],[74.868808358528355,13.407436804172377],[74.868430589528245,13.40747628201315],[74.867567269788807,13.407452694625906],[74.867445121966099,13.407450441342085],[74.867096171229221,13.407295800864103],[74.866737051900785,13.406727381183485],[74.866317601054135,13.405652926706985],[74.866046730853583,13.405558945524854],[74.865731154277668,13.405059929884127],[74.865558707846134,13.404693892719127],[74.865790157368565,13.404507838988058],[74.864894934108321,13.404078395029329],[74.864696766272999,13.403986646799405],[74.864685703357324,13.403995079246814],[74.863770291423378,13.404671721419369],[74.863309321744993,13.404793941729745],[74.863278572065511,13.404821052303717],[74.863121213899575,13.40486343922684],[74.862113729754256,13.405646645266808],[74.861080342654702,13.406494401131038],[74.860736266711569,13.406515306569435],[74.860538741485101,13.406508294545088],[74.860157401530898,13.406187027518651],[74.859944693960074,13.406114779223509],[74.859941208472009,13.406110759748568],[74.858565342320702,13.405369423187972],[74.856008116591155,13.405456896034234],[74.855525309575114,13.405767833544456],[74.854957593792761,13.406131379782291],[74.85480617592583,13.406092857091693],[74.854675595056293,13.406151765555038],[74.854074405491673,13.406154230926306],[74.85377168644672,13.40641185739949],[74.853029518315694,13.407605123968304],[74.852958379987129,13.407721768412948],[74.851652140689339,13.408703587619273],[74.85024292719261,13.408671742664156],[74.84878838258922,13.408366028057957],[74.847507267834914,13.407673198978275],[74.846604762785859,13.40668678810777],[74.846134567088029,13.405918900647983],[74.845478951901384,13.405469357786718],[74.845156776517399,13.405447197290295],[74.844567747087865,13.405406704228946],[74.844021183266889,13.40543738345565],[74.843546775736442,13.405598487697247],[74.843401368814767,13.405648122603326],[74.844079639671875,13.408153567524247],[74.844314387100397,13.408745196537588],[74.844439463256151,13.40984910092123],[74.844332664199399,13.411085723071631],[74.844318402634372,13.4112430311824],[74.843553059293697,13.411362557687305],[74.842383892639603,13.410907421682513],[74.841397309729643,13.409827290619047],[74.840986843316827,13.409043630711333],[74.839853095048809,13.407278371396902],[74.839402010973444,13.40570541731776],[74.83938491230488,13.404801755178893],[74.839092615740384,13.404176616257089],[74.838616683550072,13.403872267212073],[74.837657230466775,13.403433924902616],[74.837385498540058,13.403491146667577],[74.835062005612684,13.405386813267073],[74.834996312675955,13.405407374344176],[74.833491893500181,13.40587993594899],[74.833273761093281,13.405948758331155],[74.832999363522646,13.406166240988114],[74.832824670969501,13.407103083917516],[74.832859664142646,13.407992841677355],[74.832634970398004,13.408720007820056],[74.832257710427541,13.409237569136279],[74.831849908658384,13.409613155687294],[74.831384969025805,13.409858454048898],[74.830387450273577,13.410006678540793],[74.829833426930264,13.409485869799445],[74.829510912379604,13.408576819353479],[74.829037567650516,13.407588636728173],[74.828298386331213,13.407130896424739],[74.827775333979432,13.406866965176162],[74.826940225918563,13.406507128881749],[74.825472136864107,13.405428273018366],[74.825099592256464,13.405064504646498],[74.824047493836204,13.40406235743164],[74.823760338616935,13.403670358362721],[74.823450274300697,13.403421817707779],[74.822885808214181,13.403161288978115],[74.822301311507147,13.403068457791376],[74.822112806018524,13.403132390410306],[74.821946119568267,13.403298887153353],[74.821855230141509,13.403329728132451],[74.821623668708796,13.403400865721157],[74.821565691572587,13.403425134323555],[74.820775447417446,13.403683242189699],[74.81854481567494,13.403760692047445],[74.817595331550024,13.403723050706915],[74.816087601968178,13.403665668949316],[74.815677673246213,13.403651034205643],[74.815681650424764,13.403596650748764],[74.815690492019229,13.403476284903361],[74.815701609295203,13.403325897268497],[74.815709559432449,13.403218999409631],[74.815975250274789,13.40019220101744],[74.816120342242613,13.397554330265983],[74.816949295845362,13.395367230477756],[74.817200501003555,13.394923287814761],[74.817424289220611,13.394660362903609],[74.817437723687746,13.39455841325084],[74.817955526310243,13.391653260713875],[74.818847753120423,13.390485555949446],[74.819320267016664,13.389673451627884],[74.819674994078838,13.389078438222571],[74.819764893858164,13.388927144287187],[74.819823358973977,13.388827216787602],[74.821243080517874,13.386567627513331],[74.820275020341086,13.384862611374738],[74.819816286283142,13.384040278604749],[74.818703213417265,13.382093084118734],[74.817602046687583,13.380185050479732],[74.817398783707844,13.379832919926869],[74.815992878227789,13.379135961025902],[74.815658742326846,13.37856058076631],[74.814516652403441,13.379310957310773],[74.813529318487539,13.379313434074071],[74.809140795215228,13.379546257417255],[74.808053826736852,13.380041281295604],[74.807264188216962,13.380562169659957],[74.807011457494298,13.380785397499002],[74.806457699865021,13.381274307483979],[74.805405865050403,13.382310279327296],[74.804878983110029,13.382777994730352],[74.803810939371544,13.383662792586383],[74.80245493620852,13.384328455323574],[74.801114858257179,13.383630661716545],[74.800430330570677,13.382142809728334],[74.800281624801343,13.380433602068075],[74.800035339409433,13.379682377375268],[74.799789734474999,13.378933225475212],[74.799749930028597,13.378894420149157],[74.797881481229652,13.377072838865919],[74.797819143341556,13.377014047802444],[74.796665484384704,13.376914002955196],[74.796337682398672,13.376879768743532],[74.795480079538507,13.376790202647907],[74.79541948623698,13.376783676576984],[74.794804340598276,13.376624860359392],[74.794515821228799,13.376547074910375],[74.794156865019076,13.376450299753795],[74.793804112180879,13.376355195661938],[74.793398055496823,13.376245720773809],[74.793049694845138,13.376114862865785],[74.792514467994096,13.375418919265764],[74.792173070374432,13.375220675588144],[74.792019835951635,13.375131616755127],[74.791612265155365,13.37497007978919],[74.789818169911442,13.374258995161771],[74.788238232184753,13.373882202006543],[74.78653432196073,13.374245028568057],[74.786499217518056,13.374252503230702],[74.786183048352882,13.374319826321678],[74.786147492185748,13.374327397307013],[74.786134560553577,13.374332645433396],[74.786133521182165,13.374333066834668],[74.785571147550499,13.374561298320796],[74.785515361356744,13.37458393840233],[74.785445921010691,13.374612119827125],[74.784746402021895,13.374896006600558],[74.78472997993795,13.374898435882141],[74.783810696500595,13.375034429030464],[74.783105122648607,13.375294240608433],[74.783000115425963,13.375332906256466],[74.782676849917806,13.3754519404274],[74.781703647516011,13.37620067076398],[74.781701994329993,13.376205810841904],[74.781621050203469,13.376457455870488],[74.781367989180652,13.377244188528934],[74.781113141319267,13.37776483248178],[74.781097233993151,13.377797331537575],[74.780893439975927,13.378213672932548],[74.780448075984992,13.379123522677373],[74.780307382796863,13.379260805945302],[74.78023997709461,13.379326578693121],[74.779690228105878,13.379863000395558],[74.779100516717818,13.380438412888219],[74.779099278022244,13.380439620773521],[74.778910894360422,13.380623436192911],[74.778406507006821,13.380844326141505],[74.77781860294084,13.381238640696345],[74.777509742717527,13.38144579515553],[74.777164011513563,13.381615898109853],[74.777152297033652,13.381621662254163],[74.776263075145494,13.382059164172476],[74.775035846890077,13.382382588395027],[74.774918254918148,13.38234595793463],[74.774813881201098,13.382313445339339],[74.77446990665868,13.382206294851466],[74.774313704525767,13.382157636756162],[74.773644372386514,13.381584367064205],[74.773481569155251,13.381482242165696],[74.772891843007045,13.381112309185752],[74.772302980786549,13.380742916359303],[74.771461064538087,13.380360023912271],[74.771162935586403,13.380296416928189],[74.771061329315501,13.380274738984218],[74.770725908530608,13.380203174787662],[74.770411958614105,13.38013619152505],[74.770357373771418,13.380137739752579],[74.769471521733536,13.380162870041639],[74.769104569485691,13.380325299968606],[74.768235132924076,13.380710148677348],[74.76812868235595,13.380757267698316],[74.767650122748122,13.380969095635299],[74.767489637827538,13.381235835821331],[74.767206284592234,13.381357581257442],[74.766165126916192,13.381561677375799],[74.765807791162487,13.381882977804844],[74.765727768885426,13.381954929849188],[74.765494311145531,13.382164842971552],[74.765014308825045,13.382046728858928],[74.7649220703846,13.38202403174807],[74.764506006855697,13.381921650173075],[74.764425185886154,13.381901762131781],[74.763402140554646,13.382102249426913],[74.762391179228729,13.382303136348066],[74.761686272835973,13.382551144647865],[74.761647378285517,13.382564828888505],[74.760810437620322,13.382859288398784],[74.760746780408397,13.382881684911609],[74.760683608596622,13.382902610673048],[74.760631099375658,13.382920004614522],[74.760445824211573,13.382729384945673],[74.760085055552764,13.38236676821899],[74.759907075619992,13.382188354152282],[74.759888244110229,13.382128322019071],[74.759871699567668,13.382075580211492],[74.75969651943322,13.381519835712881],[74.759701201905401,13.381432351551881],[74.759705554087944,13.381351029456011],[74.759717853019723,13.38112595920386],[74.759724287641035,13.381061629710556],[74.759738870557896,13.381000539704312],[74.759759632932969,13.380913560912479],[74.759930506348439,13.380212053692953],[74.759939415023126,13.38017675799477],[74.759956841079315,13.380107717897664],[74.759971922204116,13.380047967520591],[74.759973890675681,13.380040170338097],[74.759961378422844,13.380037952121748],[74.75992734594405,13.380023602115299],[74.759933355274995,13.379893417472184],[74.759628660614837,13.379769407520527],[74.759612445495506,13.37976280835252],[74.75960606524707,13.379760211646472],[74.759571146371883,13.379885365649622],[74.759527539901981,13.38004165333358],[74.759117896842497,13.379879357896165],[74.759079487195208,13.379987168838172],[74.758812365402633,13.379954471977275],[74.758293911279878,13.380023592434368],[74.758225465239192,13.380032717677572],[74.757915056380583,13.380074100651157],[74.757866397189289,13.380059918118729],[74.757769211638987,13.379946701300298],[74.757562329984992,13.379688957181632],[74.757330971453683,13.379529791101797],[74.757208362890452,13.379445440067933],[74.756433864201142,13.379096540341788],[74.756405908181506,13.379082257205996],[74.756219344639049,13.378986944410082],[74.756206367739964,13.378980314690162],[74.755727208786169,13.378824488046709],[74.755333632376718,13.37867851359734],[74.75533104388839,13.378656274082152],[74.755328792356408,13.378636925740507],[74.75531450946005,13.378514192411668],[74.755178327541117,13.378459984503024],[74.754709450313101,13.378304388347141],[74.754692745793704,13.378298845445762],[74.754627187203042,13.378276939088643],[74.754582364035144,13.378261961211029],[74.754511086816947,13.378238144046438],[74.754277112380208,13.37825857776261],[74.753877363266014,13.378287748597913],[74.753553704312623,13.37830491414932],[74.753477365404521,13.378308963075643],[74.753448578448427,13.37831192984971],[74.753390525152994,13.37831791174939],[74.75320023765822,13.37849758078244],[74.753114079688444,13.378578333715044],[74.753092966908739,13.378598263295922],[74.753068475229441,13.378621382438489],[74.753008212948771,13.378695990098404],[74.752644140115606,13.379143739085814],[74.752457030627767,13.379337611684596],[74.7521038930511,13.379580068882012],[74.751802828042756,13.379756376563787],[74.751795669746102,13.379760568816391],[74.751792256017239,13.379762567447335],[74.751529126944362,13.379915807857172],[74.750041480778606,13.380744585268118],[74.749975169511345,13.380781527426054],[74.749971813749212,13.380782814454472],[74.749964838902827,13.380785487716894],[74.749847509184818,13.380830466886929],[74.749556580491799,13.380941995072819],[74.749507873837473,13.380960667249713],[74.749498662438256,13.380963881730043],[74.749499480091558,13.380964498325497],[74.749527794342825,13.380985846474458],[74.749756111055035,13.38115782150523],[74.749727822175302,13.381173581487873],[74.749714655443015,13.381180917190736],[74.749485297465256,13.381308692965723],[74.749455566935751,13.381325256259846],[74.749446876586063,13.381330097976692],[74.749495678393444,13.381368672251229],[74.749499378003421,13.381371596601946],[74.749414426308363,13.381423296277449],[74.749398187862795,13.381433178867701],[74.749269124014106,13.381511723164197],[74.749274725288643,13.381520885022299],[74.74928781337006,13.381542294055921],[74.749309923426495,13.381578461947861],[74.749055248556303,13.381715176823615],[74.749053808816726,13.381715949421642],[74.748949946069686,13.38177170465922],[74.748983451593901,13.381842316332518],[74.749000841630277,13.381878964235622],[74.748984622135865,13.381886554576237],[74.748584577909469,13.382073773636087],[74.748376751193959,13.382171035508261],[74.748376939188674,13.382172326041431],[74.748074429019766,13.382290306240332],[74.748089860403297,13.382331035785365],[74.748152412176026,13.382496135797936],[74.748112896391717,13.382898030628008],[74.74855996894523,13.383856972108475],[74.748611155827504,13.383966763902926],[74.74807811569093,13.384268348768567],[74.748048554259441,13.384285280078592],[74.747888462421542,13.384376971946294],[74.747886799218747,13.384383895836869],[74.74788499502047,13.384391405532208],[74.747817296065008,13.384674230277533],[74.747695477883326,13.384989154741154],[74.747683530441563,13.385020039680036],[74.747651033119652,13.385104052424746],[74.747264935193201,13.386182147913786],[74.74705376827815,13.386945663007143],[74.747023064539633,13.387056677946905],[74.747012248971757,13.387095781679886],[74.746933369551627,13.387477012908134],[74.746747585593894,13.388374924380475],[74.746744851760823,13.388388136151571],[74.746704865340661,13.388581391976892],[74.746624583369268,13.388869431045668],[74.746619298038254,13.388888398433666],[74.746610004434785,13.388910716519669],[74.746377251748555,13.389469648314567],[74.746376356930824,13.389471258765607],[74.746374280437621,13.38947499389025],[74.745972895000662,13.390197102626061],[74.745928986684191,13.390276095962669],[74.745916848736172,13.390297932818147],[74.74576385081852,13.39088431444017],[74.745755822777539,13.390915082040115],[74.745663747283643,13.391267971516948],[74.745250329970972,13.392077243297038],[74.744845259371516,13.392672660079398],[74.744564104706328,13.393249015382516],[74.744549287276044,13.393279389961616],[74.744393994670915,13.393597733713531],[74.744300012261348,13.393747059067394],[74.744029864106224,13.394176288480178],[74.744008182456014,13.394210735076106],[74.743765382707224,13.394596479154901],[74.743752889865576,13.394617256672005],[74.743224826037547,13.395531313299246],[74.743195828414443,13.395533192664193],[74.743103993628694,13.395694863428819],[74.743069448903682,13.395755677928372],[74.742414179407476,13.396909241958554],[74.742393261367866,13.396946066414188],[74.741789310682165,13.398009276392719],[74.741654092080168,13.398247316427669],[74.741637738320946,13.398305901384006],[74.741610117340372,13.398404851632899],[74.741328371802652,13.399414186239243],[74.741328306017806,13.399423885903373],[74.741324968611082,13.399917622952417],[74.741316772054986,13.401130135143706],[74.741315783462809,13.401276435756628],[74.74130886154451,13.402300395319651],[74.741304913789591,13.403106534874112],[74.74077596769645,13.404743534628565],[74.740736628424798,13.404865282907936],[74.740583852768339,13.405338093209858],[74.740100261030634,13.405943556047125],[74.739736874369456,13.406256747632979],[74.739366176699164,13.406449150696824],[74.738666332276594,13.407077486833495],[74.738617718159517,13.407121132726573],[74.73734728858166,13.408261739044823],[74.737139838174741,13.409136971095997],[74.737129652633783,13.409170175725256],[74.735721764870561,13.408831453160774],[74.734025623096983,13.407787848991012],[74.732923983433722,13.406991491370784],[74.730891006236277,13.407161802131085],[74.729868633760773,13.407253174321697],[74.729826758848148,13.407395415234362],[74.729838482006755,13.407620513306512],[74.728517188883913,13.408480646859203],[74.728205043428844,13.409116898681798],[74.728018815379826,13.409696269338381],[74.726631990824956,13.410770516750146],[74.726611294037767,13.410786548994144],[74.725257100501324,13.411835503541973],[74.724846314955983,13.412037695520198],[74.722763712072904,13.413056569079368],[74.721042489585002,13.413898625073845],[74.720836101762259,13.413998984559175],[74.720781925308032,13.414024902312681],[74.718510891151382,13.415107400013644],[74.717851501198908,13.415394005001016],[74.717829783043484,13.415403449832917],[74.717660586594889,13.415418457962788],[74.717010383071283,13.415476131086095],[74.714701848076132,13.415680883998785],[74.714565951694738,13.4156929365032],[74.714207755362523,13.415724704445175],[74.713351458489029,13.41580064507369],[74.712465211533541,13.415468247147817],[74.711364656039009,13.41505546347115],[74.710809752219575,13.415695933927509],[74.707806143368998,13.416138132478858],[74.705366896660365,13.415579530113408],[74.703780539441581,13.41677321014433],[74.703839491184311,13.418349944221232],[74.703770099578094,13.419082525178649],[74.702932727752767,13.420368657247021],[74.702627456634175,13.421165166456767],[74.702716835258542,13.421302922027062],[74.702816444375486,13.421456380744303],[74.703647757354972,13.422298001010068],[74.703916692047031,13.42256788630165],[74.703377972908086,13.424105901535437],[74.702165978211184,13.425823801418764],[74.69978012245096,13.42999490583232],[74.700081764872152,13.434969028429006],[74.699942810810967,13.436562057994214],[74.699899713687117,13.436997893303067],[74.699874247039446,13.437255364971916],[74.695098846747726,13.434632288994408],[74.695091584248161,13.434628429995765],[74.69500740064089,13.434625168720057],[74.694368527000364,13.434600872774919],[74.69436289405057,13.434600669723595],[74.693963897693081,13.434586356985966],[74.693919452156152,13.435001408492763],[74.693575776558745,13.438210507244582],[74.69328214010298,13.441013227248614],[74.693065986823427,13.443073035874361],[74.692781665692038,13.445917359847567],[74.692526643808847,13.448273431606257],[74.69244331005423,13.449405826000442],[74.692391647835279,13.450107789381674],[74.692339983418719,13.450809755417218],[74.692288314954496,13.451511725913278],[74.692236643371004,13.452213697254052],[74.692188351368969,13.45292613911238],[74.692082694707679,13.454392498438873],[74.691955055580323,13.456203990614197],[74.692017274220561,13.457028597679475],[74.692143626838799,13.459112368554347],[74.692125186286447,13.460379738359952],[74.692090816852939,13.46248322934291],[74.691950629626604,13.465502872582112],[74.693381452724481,13.469191153571229],[74.69298833897993,13.469678249993557],[74.692496254796836,13.470229658970359],[74.690463044287412,13.473434552965548],[74.689361969793353,13.474856797083572],[74.688514111673683,13.477154698679916],[74.688778800023215,13.477178127010744],[74.687911184015604,13.481742481013082],[74.687606110727302,13.483171731062377],[74.687401545072788,13.486885755580069],[74.687306511757967,13.489024756213171],[74.687432756966572,13.490367086251846],[74.687296110591859,13.493372920117059],[74.68693369973191,13.498834059166862],[74.686432046574637,13.505431925913532],[74.686391014824096,13.505426423931189],[74.685954975922286,13.508723269730574],[74.685836732068381,13.513932083489822],[74.685364611035979,13.515828412647197],[74.685198739396796,13.51649464640983],[74.684954360063173,13.51747620404557],[74.68463127592841,13.518773871636633],[74.684584731804975,13.519366096052165],[74.684488964235925,13.520584610681119],[74.684178667296592,13.524532649455603],[74.684085902953754,13.524532532432358],[74.684075459986303,13.524670948444221],[74.683263997573036,13.533230971796623],[74.683622581088287,13.533297282578737],[74.682676499480294,13.541408922669353],[74.682814281935066,13.54143144888455],[74.682846432488972,13.54143643664962],[74.683197592251545,13.541054232584671],[74.683354020161801,13.540883109736901],[74.683382022876231,13.540852476724156],[74.683416629674525,13.540814966424531],[74.683556809794723,13.540857326636168],[74.683600741441907,13.540870297204169],[74.684385995434823,13.540934824445889],[74.684624213137482,13.540954399318391],[74.685274673818981,13.541007847963771],[74.686265592375847,13.541199804942398],[74.686415712742743,13.5412288848869],[74.686554725660685,13.541234412134962],[74.686689443180057,13.54123976935672],[74.687253851561081,13.541304972063402],[74.687281669150096,13.541308185184789],[74.687539950285768,13.541338022683783],[74.687807348742552,13.54137060023818],[74.687997002113434,13.541394342137471],[74.68806989672423,13.541403490648648],[74.688097463561149,13.541406950219406],[74.688100992463674,13.541407393167649],[74.68810166978389,13.541407478104922],[74.688103228636905,13.541407673552307],[74.688281619720172,13.541428002223558],[74.688607653677295,13.541449870970046],[74.688632338478698,13.541451526589016],[74.688638444990943,13.54145193656991],[74.688924485099747,13.541505512270042],[74.688939679704617,13.541508358669059],[74.689179139576524,13.541553600707472],[74.689253234831497,13.541550629279804],[74.689606027553964,13.54156220738431],[74.689616185718606,13.541567609151029],[74.689933655617907,13.541736424136616],[74.690068424960742,13.541719190349234],[74.690093552314408,13.541715984374379],[74.690109242120187,13.541713982881038],[74.690234626944843,13.541676237770254],[74.690465632676336,13.541731549278506],[74.690500830109457,13.541781882924905],[74.690489506503241,13.541797217166691],[74.690475148083479,13.541816660955428],[74.690473894962139,13.54182660493651],[74.690449722626624,13.542018245555298],[74.690443846442605,13.542064835526265],[74.690443410366271,13.542068299058881],[74.690442639085489,13.542074407024341],[74.690446322374711,13.542076969625946],[74.690604466017007,13.54220388110938],[74.690628173774883,13.542222907227],[74.690708377879744,13.542238738076444],[74.690729480139566,13.542242903699451],[74.690967494360208,13.542289883787326],[74.690963825963124,13.542325892587208],[74.690962524851088,13.542338661299281],[74.690962083036609,13.542342995591058],[74.690959527605216,13.542368080962213],[74.690947467466742,13.542486463009091],[74.690945721229411,13.542491811129475],[74.690943667505252,13.542497666138079],[74.690940399627209,13.542506916806195],[74.690913255371058,13.542580454333432],[74.69089684869185,13.542610097039761],[74.690892012541966,13.542618562712914],[74.69087971143837,13.542640093296621],[74.69085853833981,13.542677155574838],[74.690812473618493,13.542743056154885],[74.690738315945893,13.542849147179682],[74.690751854257655,13.542862913512712],[74.690770158239999,13.542882002560001],[74.690784393852653,13.542896848489692],[74.69082826546925,13.542942599370795],[74.690820728798798,13.542956082844968],[74.690802450331319,13.54298878401876],[74.690779540178085,13.543029769365775],[74.690726040508679,13.543125480145973],[74.690704684723045,13.543163685118285],[74.690694353276314,13.543182169092638],[74.690690722957569,13.54318866414572],[74.690687164616094,13.543188091893384],[74.690644510718968,13.543181233056504],[74.690360640887022,13.543135584757401],[74.690350316995364,13.543182502871552],[74.690335672957872,13.543249055323358],[74.690310707796385,13.543362510516969],[74.690310687995222,13.543363528645694],[74.690734580469666,13.543469258499195],[74.690756380847972,13.543446053299766],[74.690756778783793,13.543445642371138],[74.69077684692158,13.543423377226302],[74.690930007146747,13.543253447262256],[74.691053411639018,13.543116530635643],[74.691101970322322,13.543142653900485],[74.69111430347948,13.543149288939691],[74.691145238721546,13.543166778622401],[74.6912997166921,13.543254638155609],[74.69130541687862,13.543385271732673],[74.69138237787449,13.543451697696682],[74.69138568056924,13.543454865643445],[74.691360857464957,13.543526605774098],[74.691348306293719,13.543562880304977],[74.691347924677871,13.54356425334629],[74.691277371009988,13.543818222626756],[74.691102603018805,13.543788943313775],[74.691063937791881,13.543988353218918],[74.690659362141105,13.543918876335882],[74.690653333078544,13.543917840777722],[74.690650650960393,13.543948661460778],[74.690644056837968,13.544024429763262],[74.690641842845537,13.544049870908156],[74.6906378407771,13.544095854653511],[74.690609835779483,13.544093622746937],[74.690511879747021,13.544085814742211],[74.690502397368746,13.54413948843357],[74.690484794678085,13.544239122684138],[74.690470462635801,13.544320239816258],[74.690934822670144,13.544396900809231],[74.690965525484174,13.544401969844007],[74.690970863379448,13.544392173777629],[74.690996056793338,13.54433228035613],[74.691017288133693,13.544280987510223],[74.691056670166361,13.544185763792781],[74.691084430224308,13.544118566518836],[74.691594159668711,13.544222754384172],[74.691559084091168,13.544347075016656],[74.691511583889437,13.544484725717167],[74.691537262177249,13.544482364825885],[74.69168000120716,13.544471050929145],[74.691684511771953,13.544470692993828],[74.691702417233017,13.5444692737422],[74.691718587369394,13.544468318928063],[74.691752499466276,13.544466597503906],[74.69185140009013,13.544368993868915],[74.691902965735181,13.544324603173717],[74.692039114249965,13.544053202453577],[74.692074188781461,13.544068120090534],[74.69208455714471,13.544072615083918],[74.69227920441773,13.544157000638865],[74.692287807589665,13.544160758319624],[74.692307549442489,13.544169379950404],[74.692298018356837,13.544203018823156],[74.692254620584521,13.544356193876173],[74.692238160296966,13.544413182969743],[74.692247390475956,13.544423825261399],[74.692262492644559,13.544441238355764],[74.692282354792582,13.544464138697316],[74.692292976608329,13.544476385884501],[74.69232201080915,13.54450986152875],[74.692326445931329,13.54451498940038],[74.69243983901508,13.544557431091622],[74.692547735334827,13.544529090753253],[74.692575211884261,13.544521873584577],[74.692738257252472,13.544479046612468],[74.692798710257193,13.544463167711283],[74.692971116697095,13.544503265578371],[74.693098310855788,13.544532848709338],[74.693107143592158,13.544534903090813],[74.693153724268527,13.544545736768479],[74.69318625479805,13.544553302521802],[74.693210635895866,13.544531886111633],[74.69323609582267,13.544509522494149],[74.693250179158767,13.544476078150925],[74.693253862219109,13.544467333421963],[74.693257719561871,13.544458172964827],[74.693266006218451,13.544438494611317],[74.693321300140894,13.544434992567636],[74.693362592196166,13.544432377562943],[74.693590466277342,13.544453181827906],[74.693772047922522,13.544469759831481],[74.694079424663627,13.544497821535218],[74.694329118596173,13.544520617601654],[74.694710048410144,13.544508589350313],[74.69482424000887,13.544504983458076],[74.69490071525405,13.544502568471454],[74.694905875522736,13.544518892351089],[74.69491213577686,13.544538697017511],[74.69492812561765,13.5445892815035],[74.694996703212283,13.544806184846189],[74.69503721742069,13.544804074981226],[74.695828218995103,13.544761799494829],[74.695883149035808,13.54475886338977],[74.695974765789572,13.544837770487907],[74.695982193802493,13.544844168749858],[74.696031699134181,13.544886806022996],[74.696095928466278,13.54487955899684],[74.696139631989794,13.544874629849533],[74.696184232146052,13.544869577001402],[74.696208153048232,13.544866866273932],[74.69630316566645,13.544856034280954],[74.69634308156904,13.544714331539167],[74.696405181029036,13.544730758891411],[74.696573651051864,13.544773169742918],[74.696767813533071,13.544822505427632],[74.696966997268561,13.544723677655377],[74.696994497676641,13.544680013561376],[74.697050208764338,13.544591548712777],[74.697084707408948,13.544536766637583],[74.697164158065775,13.544410584684373],[74.697180323573818,13.544362868584892],[74.697184550947426,13.544350390018202],[74.697185347262902,13.544347741612686],[74.697238714407064,13.544170151967876],[74.697894570242909,13.544196209168652],[74.698053068317122,13.544202505916612],[74.699006450774405,13.544143183688938],[74.699344884562763,13.544171350452569],[74.699362787237561,13.544172840433955],[74.699426110572929,13.54417810860175],[74.699747611956866,13.54423445172694],[74.699812714533223,13.544036963711156],[74.699913218941106,13.544064679392477],[74.700254295598512,13.544135205474447],[74.700248280482711,13.544159891663668],[74.700225330135424,13.544254078661712],[74.70020872282177,13.544322235284039],[74.700182070468571,13.544431613288838],[74.700184184548547,13.544564815864092],[74.70021049236982,13.544602870846502],[74.700224953049698,13.544623788371009],[74.700230426429968,13.544631705067003],[74.700953975044797,13.544766058139144],[74.701922168057962,13.544851955186317],[74.702109940001037,13.544868613198295],[74.702105690691369,13.544904111513349],[74.702099144166212,13.544957143575113],[74.702092660189777,13.545009669346546],[74.702082206465548,13.545094351759683],[74.702038113443948,13.545451541092387],[74.702012765681957,13.54566274077691],[74.701991082488775,13.545843402010005],[74.701951815813686,13.546170566031758],[74.701918431665078,13.54644872098425],[74.701894407014976,13.546648894322081],[74.701874645596547,13.546813547664714],[74.701860967618131,13.54692751034103],[74.701827529071977,13.54720611730659],[74.701671834489673,13.547764948673498],[74.701670955323891,13.547768104262945],[74.701671419193502,13.547768173537369],[74.701801591236944,13.547787419681535],[74.701958070866212,13.547810555438671],[74.702021005733243,13.547819859855325],[74.70207822538454,13.547828320135794],[74.702378165008966,13.547909802386258],[74.702414905032342,13.547926411469689],[74.702517826081817,13.547972938634587],[74.703609692001223,13.54819459535976],[74.703624360916066,13.548195547716848],[74.703701747695305,13.548200569271078],[74.7042118754391,13.548233672936226],[74.704320430817575,13.548240716848623],[74.704482623677805,13.548203925050316],[74.705009391680946,13.548084430345854],[74.705186036298699,13.548199176544202],[74.705199508917516,13.548207929026537],[74.705471640530575,13.548147434528282],[74.70667869371222,13.548212219826897],[74.706686204885685,13.548172963694302],[74.706686441149401,13.548171729708169],[74.706695065721775,13.548126669774796],[74.706698963148824,13.548106307646085],[74.706711901719615,13.548038821732272],[74.706712427262588,13.548036079842797],[74.706754133864848,13.547818546674973],[74.70679527112793,13.547603984101604],[74.706837787738337,13.547382225524467],[74.706825275165841,13.5473585455454],[74.706770090788837,13.547254106445203],[74.706755692587123,13.547226857094017],[74.70675485442078,13.547225271009184],[74.706730720957864,13.547179597558532],[74.706711061407418,13.547142391970647],[74.706720452792439,13.547113362984479],[74.706746546972326,13.547032703508254],[74.706760424807243,13.546989828001058],[74.706791326377981,13.546894353953627],[74.706802343098502,13.546860316573714],[74.706821068266976,13.54680246468704],[74.706922940511475,13.546680142477603],[74.706962648481991,13.546632463262444],[74.7070157587126,13.546568691025314],[74.707145700176952,13.546579107999515],[74.7075443774511,13.546391967515243],[74.707592559350985,13.54636923475376],[74.707663720175248,13.546208555360106],[74.707686707664934,13.546156650934213],[74.707677035359197,13.546039743556319],[74.707664639365092,13.545889589253878],[74.707649992971255,13.545712170914754],[74.707638145273279,13.54556865243339],[74.707639290205663,13.545092131228738],[74.707669122292415,13.544994791289653],[74.707689478620907,13.544928367391558],[74.707699242934197,13.544896507674784],[74.707810079749791,13.544746814777572],[74.708327086644388,13.544675650247575],[74.708373056563318,13.544577016107571],[74.708365432832295,13.544539831007768],[74.708340658008893,13.544418998874843],[74.708339979978746,13.544415690437653],[74.708350121841278,13.544384869180071],[74.708422327767423,13.544165748121497],[74.708428048467923,13.54414838648367],[74.708824400780074,13.543689391083779],[74.708829802943868,13.54368313563187],[74.708897568293125,13.543604659276115],[74.70890943694161,13.54359091534374],[74.708887252297416,13.543553810057505],[74.708859329890345,13.543507106998778],[74.708807749822157,13.543420919727087],[74.708754785384926,13.543332417830831],[74.708737658764505,13.543303800031442],[74.708822425872256,13.542603569183063],[74.70882293654283,13.542599347057275],[74.708825000059676,13.542594202623832],[74.708867391120592,13.542488525727926],[74.708882396557996,13.54245111922309],[74.708898342900454,13.542411367354218]]]]}},
{"type":"Feature","properties":{"KGISTalukC":"1606","LGD_TalukC":7067,"KGISTalukN":"Kapu","KGISDistri":"16","SHAPE_STAr":220635345.921,"SHAPE_STLe":92302.319283699995},"geometry":{"type":"MultiPolygon","coordinates":[[[[74.853464659573945,13.177817048659961],[74.85346150210944,13.177811703603876],[74.853082579441207,13.177181514777038],[74.853001482644927,13.177049983071678],[74.852709291784876,13.176580235890883],[74.852668680076192,13.17651494603613],[74.852115544235673,13.175629791799073],[74.852103078956574,13.175609797827086],[74.852103585795575,13.175609435512381],[74.85216292592159,13.175566555503574],[74.852233869810448,13.175515312365059],[74.852536916189138,13.175137452280412],[74.852594226444864,13.175065993775753],[74.852839961635624,13.174759591816853],[74.853982096371141,13.173403935109144],[74.854016933486264,13.173362585179877],[74.856745687005372,13.173652077620362],[74.857254557506621,13.173766001943218],[74.857322160525428,13.173781137022782],[74.857321452434505,13.173778472687877],[74.856806470475604,13.17184133498742],[74.856448397510803,13.171982935084859],[74.855690271322729,13.171765385943127],[74.855338342783597,13.171823591930538],[74.855089705586906,13.17163632286727],[74.854905381684844,13.171662454820098],[74.854833483595257,13.171632003989371],[74.85478824228052,13.171614009898409],[74.854742695998368,13.171596783341151],[74.854696860434274,13.171580327039013],[74.854650749426042,13.171564647329555],[74.854604376813029,13.171549747837449],[74.854557752739723,13.171535638515127],[74.854510889198778,13.17152232479482],[74.854463800027418,13.171509813918291],[74.854416501835445,13.171498105894832],[74.854369006616622,13.171487204348155],[74.854321328209153,13.171477114711562],[74.854273484145679,13.171467836994895],[74.854225488265456,13.171459374822964],[74.854177352564307,13.171451728202467],[74.854129094571647,13.171444902568867],[74.853679646864364,13.171437003893553],[74.853378482079606,13.171261047129565],[74.852857733225335,13.171123670012289],[74.852856088154667,13.171100046258339],[74.85270202299553,13.171070195151472],[74.852302299402609,13.171088959307513],[74.852163606935804,13.171027068048968],[74.852181738492092,13.170853840030762],[74.852063027602483,13.170845328572895],[74.851992738955929,13.170840289308684],[74.85190051193139,13.170833673904315],[74.851872515097398,13.170838800254375],[74.851836175322049,13.170845456308509],[74.851755641757521,13.170831397430032],[74.851353953760864,13.170908479936321],[74.851302711877025,13.17085235376169],[74.85121802348425,13.170759583065848],[74.851166505019464,13.170703135692406],[74.85111685928986,13.17069647145558],[74.850489474227302,13.170611324458481],[74.850529313168906,13.170385684910075],[74.850972279154519,13.169598325615906],[74.850987062406787,13.169571995904564],[74.851392113398987,13.169223070888082],[74.851475002114839,13.169151668091617],[74.851750967467083,13.169104849685814],[74.851850241397287,13.169088007350712],[74.851982957002775,13.169037324357864],[74.852030585547922,13.168985040546982],[74.852090019431841,13.168960099224558],[74.852199570251557,13.168914125701745],[74.85253233303915,13.168800044334635],[74.85291097471125,13.167804104729354],[74.853225768000243,13.165606151058016],[74.853392239326737,13.164285928985073],[74.853418153737834,13.164080407852852],[74.854908841136151,13.162514113729939],[74.856159009755189,13.161313146239268],[74.856510817344343,13.160975181373743],[74.856343190622965,13.160698527614134],[74.856274783607276,13.160585627100755],[74.856256626559301,13.160555658873831],[74.856170061672614,13.160412790103296],[74.856109069127001,13.160378943019165],[74.855677152630605,13.160265239787954],[74.855595731896685,13.160038324752133],[74.855249609279866,13.15993644880272],[74.854853477097606,13.159819851746363],[74.855114129027626,13.158996228997276],[74.854211338587362,13.158707625143803],[74.854059862689581,13.157555140982168],[74.853962664988174,13.157336838540026],[74.853872331803217,13.157133953947158],[74.853304748541348,13.157049085006165],[74.853138947480716,13.157034723782932],[74.852969182561949,13.157020019278633],[74.852994790616265,13.156988675171741],[74.853013398274612,13.156965912082065],[74.853037332153804,13.156936649518915],[74.853081050063693,13.156883242825224],[74.853090314626712,13.156871932239069],[74.853148904875141,13.156800463346155],[74.853424057672527,13.156423269996509],[74.853453706293081,13.155831138014706],[74.853376809320082,13.155820328037647],[74.853377048208543,13.15541838452784],[74.853217574884283,13.155395605619848],[74.853221704888114,13.155313649637954],[74.853206375182438,13.154849015850713],[74.853252483671469,13.154820098697138],[74.853366477174163,13.154718565858094],[74.853258462434383,13.154630162678336],[74.853181516405513,13.154583035799705],[74.853130143735797,13.154551579845979],[74.852645277515194,13.154254690134664],[74.85239691353371,13.153922730011963],[74.851954111763888,13.153893612214855],[74.851883420413856,13.153868073197037],[74.851376948454487,13.153687969871681],[74.851114169371414,13.153528501899233],[74.850912491337837,13.153406112963628],[74.850659413928682,13.153253485445783],[74.850210377833534,13.152982675422619],[74.849953928753109,13.15302426996249],[74.849831711175327,13.153044200750619],[74.849449641835321,13.152902243732834],[74.84829369016515,13.152472747406946],[74.84799888409205,13.152071953347724],[74.847495409415927,13.152452976161245],[74.847261488281987,13.152735239738529],[74.846789547899263,13.151655461728437],[74.846374124524672,13.151295450063948],[74.846279427001036,13.151311827419619],[74.846223019878295,13.151321573221697],[74.846150482863123,13.151334084522835],[74.846144482561655,13.15153220841459],[74.846093162735386,13.151653738912803],[74.845930953976833,13.151678186888038],[74.84585026302895,13.15169030619119],[74.845552341236555,13.15173478317636],[74.844874334747701,13.151834097240517],[74.844758921685894,13.151850803334447],[74.844400535652653,13.151902525336617],[74.843472515811897,13.152036580391893],[74.843001017257109,13.152106415229186],[74.842352958212871,13.152206070062192],[74.842313929451294,13.15221260379229],[74.842249525677573,13.151919243774117],[74.842242832410037,13.151888723670893],[74.842240792684137,13.151879430263611],[74.842235503383705,13.151855328540982],[74.842214064664887,13.151757632004326],[74.842162713812669,13.151523522434372],[74.842161865541357,13.151519654401856],[74.842120013859201,13.151166286256016],[74.841798690812837,13.151270187720197],[74.841366179618205,13.15176535316869],[74.84125337432458,13.151828842889152],[74.841200956971349,13.151858290213365],[74.840618943287183,13.151700871115796],[74.840297837342263,13.151612709151129],[74.839372012012248,13.15070569218288],[74.83925084244558,13.15064995843364],[74.838967225431446,13.150577383259199],[74.838370942575636,13.15076971440935],[74.836797171886289,13.151269901012215],[74.836168881249876,13.151417812139034],[74.835673782794274,13.151857276324259],[74.835428180395823,13.152027061715103],[74.834967731364387,13.151642647673956],[74.834023652070002,13.151802000066441],[74.833633632475198,13.151867192584401],[74.833323660459385,13.151945875521085],[74.833116166947278,13.151870800493683],[74.832692471248961,13.151639653532216],[74.832654268368671,13.151682633338323],[74.832648266115228,13.151689402318674],[74.832617039664754,13.151724547653343],[74.832568513810998,13.151779150378355],[74.832549155171591,13.151800938509865],[74.832397894422868,13.151868301125193],[74.832256906754395,13.151799125654476],[74.832253419511616,13.151800912903695],[74.832162381156934,13.15184740282675],[74.831903489289417,13.151547072525529],[74.831700909425052,13.151384927709119],[74.831618814955533,13.151319256476],[74.831028280102586,13.151094660883714],[74.830236955511921,13.150892722280878],[74.82945737389781,13.150231257111788],[74.829140476361388,13.149982681420296],[74.828983645218969,13.149859906424123],[74.828851863378148,13.149776563699767],[74.828489131270658,13.149647769002522],[74.826853293677644,13.149045245879869],[74.826724635729235,13.148998296022318],[74.826403834320146,13.148730854251456],[74.825582332539796,13.148050446499367],[74.82498551198772,13.147599188835798],[74.824981860032267,13.147596447352951],[74.824975120512846,13.147591390676761],[74.824227343892957,13.147360367058763],[74.823609641198544,13.147232080079375],[74.82355826449411,13.147345441423585],[74.822451982647848,13.147164019842787],[74.822374389476835,13.147110931532605],[74.821807486674217,13.146725754991218],[74.821712390691232,13.146586377333119],[74.821690325548218,13.146554088173755],[74.821660884100751,13.146536216802016],[74.821627508185685,13.146462277827778],[74.821620775879893,13.146447376418001],[74.821615277091453,13.146435208530241],[74.821568947770004,13.146332753840898],[74.821527494417012,13.146241230480257],[74.821480528375972,13.146137681180667],[74.821468572683614,13.146111325526276],[74.821408582888338,13.145816377445161],[74.821215274569241,13.144882406347907],[74.821212817010149,13.14486771135722],[74.821102770896843,13.144214949798164],[74.821026845431987,13.143772154326777],[74.82080582781586,13.142415235851251],[74.820780069842684,13.142287339576642],[74.82052933631914,13.141122146996359],[74.820528279198001,13.141101463169367],[74.820469005385945,13.139847428634548],[74.820461477977119,13.139678933906477],[74.820410574878309,13.138618238144423],[74.820388750269274,13.138051998239186],[74.820367201436738,13.137171301848907],[74.820402291380788,13.137185041234529],[74.821797706013967,13.137717386400233],[74.82181145091387,13.137723833336262],[74.822984553978003,13.138260377429045],[74.82315868184304,13.137583203325958],[74.823752203330088,13.137620511674299],[74.823743641351669,13.137481644298687],[74.823782879011716,13.13748230235559],[74.823744033649405,13.136856743345344],[74.825154438130284,13.136305359598738],[74.825169829221579,13.136169457313992],[74.825250927598333,13.135459287975788],[74.825587915238984,13.132607684162782],[74.825884163331935,13.132054492058254],[74.826102665004541,13.131129598504526],[74.825987234095834,13.130392150781894],[74.826270663694004,13.130308206419359],[74.826312584880782,13.130250088160272],[74.826603269123197,13.130309198456828],[74.826609452681438,13.130310452308914],[74.826612486952698,13.130305593961983],[74.826644069340617,13.13025486732788],[74.82680123731582,13.130262143925794],[74.826885342503559,13.129924362166896],[74.82690764427204,13.129832390527913],[74.826919517123002,13.129783094701097],[74.826971905579981,13.129563848952351],[74.826850227842243,13.129581968944342],[74.826687858729883,13.129546704778198],[74.826403518480802,13.129484952097544],[74.82604810582275,13.12940777144046],[74.825867955577721,13.129299680197938],[74.825605084864719,13.129104119892835],[74.825340391596555,13.128907043450718],[74.825286650381486,13.128859685298355],[74.825131913567205,13.128723271321199],[74.825011790000175,13.128617319046034],[74.824970386037478,13.128580798620336],[74.824825949031549,13.128453305648847],[74.824766753015197,13.128384396090601],[74.824628729381644,13.128225750230547],[74.824506785979239,13.128083326814918],[74.824389128506795,13.127917267129231],[74.824283636425122,13.127768836084307],[74.824199093612208,13.127650290594755],[74.824177470235057,13.127608438477042],[74.824113129926403,13.127483909712945],[74.824103344183783,13.127464968747971],[74.8240561991296,13.127373872225457],[74.824042451092836,13.127349216345909],[74.824035235690033,13.127335611358857],[74.824021428670193,13.12730957373018],[74.823997080021812,13.127259795712549],[74.823962807835898,13.127188983268365],[74.823927606136365,13.127116210654499],[74.823915129392759,13.127090415367062],[74.823877558248398,13.12701270296704],[74.823858983675422,13.126974254730094],[74.823838961479467,13.126915129619826],[74.823808515349768,13.12682511783351],[74.823798021419307,13.126794049354732],[74.823777583213555,13.126733538629708],[74.823759830675613,13.126680933869421],[74.823727195474348,13.126584090705663],[74.823701971810564,13.126509130255421],[74.823686815739237,13.126464044372804],[74.823651891145389,13.126360031569407],[74.823623589957222,13.126275598697905],[74.823608719452551,13.126231177636249],[74.823583114120595,13.126154606426359],[74.823554698156855,13.126069464528788],[74.82353303067768,13.126004426219163],[74.823504668375335,13.125919122489915],[74.823482991917899,13.125853773104385],[74.823464355918375,13.125820154442609],[74.823450866134252,13.125795813389489],[74.823449684857309,13.125793681240809],[74.823418608628529,13.125737576876897],[74.82338605171023,13.12567874696084],[74.823367637858155,13.125645450360558],[74.823366839896195,13.12564401294544],[74.823366207804185,13.125642857772956],[74.82336527254958,13.125641171592394],[74.823363888561389,13.125638670366527],[74.823362321189009,13.125635865183815],[74.823361124280723,13.125633660683263],[74.823359392911485,13.12563053437604],[74.823358775554979,13.125629416288255],[74.823357169502472,13.125626513418997],[74.823355820531972,13.125624070993954],[74.823355181980432,13.125622917625522],[74.823353920552222,13.125620624463297],[74.82335240479766,13.125617888039613],[74.823351700824816,13.125616616168349],[74.82335048914122,13.125614430647071],[74.823349141094127,13.125611987318365],[74.82334893757124,13.12561146089995],[74.82334508681582,13.125604641048641],[74.823343386770517,13.125598995497112],[74.823329993569843,13.125554433463217],[74.82332489814037,13.125537369310988],[74.823299678714335,13.125452919526523],[74.82329014688051,13.125421000777811],[74.823271633997081,13.125358491109598],[74.823249187751216,13.125282130916171],[74.823231803052266,13.125222479477872],[74.823216206968382,13.125168479077088],[74.823201310698153,13.125116412461697],[74.823182137980396,13.125018062024811],[74.823173386053995,13.124971579810136],[74.823155766087865,13.124877147687304],[74.823145644804342,13.124820629063379],[74.823144483756195,13.124816022874287],[74.823144094593417,13.124814479036685],[74.823133265066502,13.124754931561855],[74.823121588091695,13.124690911038659],[74.823108805039894,13.12462025430149],[74.82309174863174,13.124524823353189],[74.823079460499784,13.124454922914556],[74.823036734602169,13.124400187682491],[74.823011412430446,13.124368067268923],[74.822969873426516,13.124315377371536],[74.822938215795375,13.124276648790037],[74.822890490158414,13.124218263218118],[74.822845885117658,13.124163333150221],[74.822811297457903,13.124120525232634],[74.82279562605801,13.124101040322371],[74.822787364009884,13.124090795709627],[74.822778887215094,13.124080241692166],[74.822769835252672,13.124068930413616],[74.822757159719515,13.1240531215681],[74.822741974201833,13.124034116246412],[74.822729701556042,13.124018723636143],[74.822715115260763,13.124000388781466],[74.822705627364542,13.123988440602044],[74.822698961974325,13.123980031827719],[74.822697653970792,13.123978378845532],[74.822685474513122,13.123962988105845],[74.822674803105741,13.123949475646183],[74.822672824977573,13.123946964964684],[74.822669043860913,13.123942162552956],[74.822665611170478,13.123937808893725],[74.822662791459464,13.123934234223739],[74.822660844682218,13.123931748883004],[74.822660598568291,13.123931436744074],[74.822658809403578,13.123929166725546],[74.822656990747703,13.123926851473744],[74.822656186042636,13.123925824585356],[74.822655240302964,13.123924623077782],[74.822654122200035,13.123923190865423],[74.822653967400157,13.12392291315124],[74.822652400321999,13.123921010414852],[74.822645901400719,13.123917197198676],[74.82259326447884,13.123886314846779],[74.822449939693399,13.123802224843347],[74.822255102948162,13.123788511148451],[74.822254781908342,13.123788470235141],[74.822251666376559,13.123788287232429],[74.822248919887755,13.123788107197239],[74.822246015636821,13.1237879207233],[74.822238738407648,13.123787447292726],[74.82222079810461,13.12378630006034],[74.822209834967722,13.123784640408624],[74.822202655051825,13.123783556669361],[74.822196885658684,13.123782684596353],[74.822181236136799,13.123780347129689],[74.822171308036175,13.1237788762771],[74.822163713890461,13.123777760601566],[74.822158470313127,13.123776991072168],[74.822154074528697,13.123776344203279],[74.822147792188204,13.123775437413007],[74.822145795864685,13.123775144862542],[74.822141724800161,13.123774553377569],[74.822134947065777,13.123773578425329],[74.822130221009047,13.123772899678803],[74.822125122254732,13.123772168227667],[74.822118255029693,13.123771189596136],[74.82211433893751,13.123770635292413],[74.821796741009791,13.123725240687213],[74.821423761782384,13.123729363395887],[74.820889136376408,13.123686141902832],[74.820531678273028,13.123654724076697],[74.820097307489874,13.123563892844729],[74.82009675400792,13.123563775808567],[74.819403338028522,13.123418906416015],[74.819021394720508,13.123350522205225],[74.818842706562052,13.1233185295507],[74.818834899530458,13.123317131498693],[74.818762802450649,13.123304070280518],[74.818296354379441,13.123225014925769],[74.817655357564306,13.123116517288532],[74.817605011013214,13.12310487908146],[74.81715023088185,13.122999824340713],[74.816944058065019,13.122999853269178],[74.816483558512189,13.122997646411271],[74.816087465856427,13.122993620160978],[74.816086421471766,13.122993607659625],[74.815831588689278,13.122989531770482],[74.815416498553716,13.122979411566741],[74.815237389952202,13.122975259151316],[74.81514153694323,13.122937460150132],[74.815063343031966,13.122906623931454],[74.814763015531739,13.122762187800728],[74.814610072384639,13.122687737701577],[74.814526942747335,13.122628494997086],[74.814370010876331,13.122516528705072],[74.814286072430576,13.122394347115931],[74.814285821750403,13.122393988848625],[74.81404516929905,13.122055959642843],[74.81390356173425,13.121859151195668],[74.813903387546333,13.121858906015623],[74.813783614666235,13.121687696573543],[74.813607270058043,13.121427888443137],[74.813538714898598,13.12132286520535],[74.813538655924958,13.121322768406943],[74.813433072097965,13.121149324704362],[74.813347680301831,13.121009134343346],[74.813331297656376,13.120982238851031],[74.813278740991706,13.120896314237065],[74.813192216712153,13.120758173862052],[74.813124612375418,13.120605274310039],[74.81307519901992,13.120496335832422],[74.812948465485334,13.12016764515683],[74.812801575935623,13.119811382472591],[74.812720153928154,13.119668801211409],[74.812666264321095,13.119573494718061],[74.812574153903526,13.119410592361502],[74.812432723203969,13.119160463596673],[74.812285996205517,13.118888406229074],[74.81214052493327,13.118617883315492],[74.812092444891675,13.11841869333086],[74.812061210915232,13.118058655177611],[74.812029869391225,13.117695777559723],[74.812025780837956,13.117613930086769],[74.812014081373135,13.117379696742141],[74.812058830782235,13.117162024495748],[74.812060857813336,13.117152166837599],[74.812135899325696,13.116817863626729],[74.812136028906465,13.116817312123153],[74.812216779509669,13.116481340161558],[74.812241922181897,13.116384771853705],[74.812252251092573,13.11634510048923],[74.812345704011776,13.115992639519069],[74.812322628298887,13.115778608966867],[74.812297207827754,13.115536064503084],[74.81222731973466,13.115324189939534],[74.812011376612759,13.114960057251272],[74.811955134165345,13.114865561803201],[74.811917055463383,13.114884003501746],[74.811805650840554,13.11493795615733],[74.811679122286804,13.114999233059899],[74.811639809096178,13.114935292179803],[74.811522818725123,13.114745013768164],[74.811347580020453,13.114459953413336],[74.811213650353466,13.11424105259653],[74.811200429706972,13.114219443771482],[74.811165867931436,13.114207629613707],[74.810765437837802,13.114070748351883],[74.810604702919534,13.113946615606176],[74.810375206698112,13.113769628846551],[74.810079514483022,13.113541856014303],[74.80994143602949,13.113435567029761],[74.80986261366651,13.113374892757705],[74.809857873520315,13.113371243286222],[74.809826615847598,13.113347182292555],[74.809714094899917,13.113334273203064],[74.809545501609108,13.113315635736216],[74.809401922248043,13.113300358806665],[74.809398857709297,13.113300035527645],[74.809057881830725,13.113265692489872],[74.808813717440529,13.113242915799894],[74.808668336876792,13.113229393197496],[74.808466865970161,13.11335747470001],[74.808040009918514,13.113622602315003],[74.807757401911175,13.114047265901258],[74.807752724528029,13.11405429483437],[74.807713177531923,13.114114682491147],[74.807681041138025,13.114163754349073],[74.807618656298544,13.114259015779295],[74.807532419149467,13.114516759255228],[74.807435682430324,13.114813018091599],[74.80738811477606,13.115081476937794],[74.807321081106011,13.115474850018003],[74.806989796078895,13.115790711976011],[74.806705032040696,13.115869612078708],[74.806659146693335,13.115882325887362],[74.806405692471742,13.115952549277704],[74.805418354716068,13.115864323766548],[74.804884366169233,13.115764475809119],[74.804718368778239,13.115683773328781],[74.804563737948925,13.115608596249169],[74.803334820438025,13.115011127787394],[74.803280810462681,13.1149848693747],[74.802644589355182,13.114621011791373],[74.802557764592066,13.114571356614928],[74.802489355450092,13.114170218356755],[74.802152067654973,13.114266622122402],[74.802151113510718,13.114266872773634],[74.800363913457247,13.114735945575992],[74.799046253103398,13.115595462488619],[74.798898541536502,13.115691815336312],[74.798180202080587,13.116248441396195],[74.797695586746443,13.11662395698743],[74.795890111257663,13.118057935173763],[74.795707780147055,13.118202747739202],[74.795514294075019,13.118161882685268],[74.795404561875927,13.118138706213941],[74.795169656822637,13.118089310683704],[74.794745391429643,13.118000703772015],[74.794321423568263,13.117913033214185],[74.794005499927209,13.117848132614531],[74.793563080256817,13.117757830038316],[74.793293620116899,13.117703248124505],[74.793069141337995,13.117658070185751],[74.792709814534916,13.117586266195691],[74.7925548657322,13.117555592898219],[74.792476997465798,13.117540178583313],[74.792467166521817,13.117539995236505],[74.792182893262051,13.117471782103831],[74.792078789660223,13.117405576929148],[74.79191526338677,13.11730184040823],[74.791822993953815,13.117243307374373],[74.791534638906711,13.117061046105075],[74.791438154594928,13.117000044516056],[74.791297475287962,13.116911099873764],[74.791187807702684,13.116242868230648],[74.791007299514234,13.115142971188627],[74.790988391684039,13.115027761490239],[74.791174536623771,13.114460325815127],[74.791383685600735,13.113836451227506],[74.791451418666711,13.113633359905521],[74.791403899423102,13.11329757935305],[74.791360590367503,13.112998568435865],[74.791343120686349,13.112869275180193],[74.791341404341921,13.112856572576881],[74.791327663507474,13.112754876687999],[74.791328766941419,13.112539230036491],[74.791438844951003,13.11241791251863],[74.792282674271732,13.111487915010592],[74.792925943991506,13.110659706856669],[74.793873676794334,13.109439491316643],[74.794408738250041,13.108750586832222],[74.794646536920482,13.108851960261504],[74.794779628451948,13.108908789522594],[74.794805888898608,13.108918939938693],[74.794849989569457,13.108935972399092],[74.794892980766491,13.108952576254643],[74.795060264062755,13.10901736564284],[74.795180117401344,13.109063785195175],[74.795353974638843,13.109131231809787],[74.795497033836142,13.109186892177231],[74.795495344988296,13.109345076456343],[74.79549268740017,13.109568105270421],[74.79549263493378,13.109572428490289],[74.795490206778695,13.109773453248241],[74.79556455066853,13.109936124191815],[74.795574299228406,13.109957511315949],[74.795668788946656,13.110137234444132],[74.795669120541376,13.110137873113768],[74.795826383619769,13.110453701630265],[74.795830398832166,13.110462380270233],[74.795832514143257,13.110467004517037],[74.795834622074665,13.11047162785372],[74.795836789845879,13.110476404961794],[74.795838767911064,13.11048076776903],[74.795839679577909,13.110482792222447],[74.795841226338624,13.11048660399436],[74.795845989385626,13.110496843072946],[74.795857191438841,13.110522205554915],[74.79583877895864,13.110531140417894],[74.795811939113804,13.110544257129094],[74.795778303585735,13.110560835380365],[74.795743442249815,13.110578190318133],[74.795730913300332,13.110584453230517],[74.795709077345734,13.110595426282478],[74.795677552046527,13.110610471666046],[74.795627647314035,13.110636864481913],[74.795631815081762,13.110641782433563],[74.795787852056918,13.110908736615391],[74.795808024963137,13.110943250072225],[74.795841100721987,13.110944357771864],[74.796120559670143,13.110953717458933],[74.796397399360032,13.110913870436153],[74.796824402004788,13.110786135465304],[74.797064513562162,13.110709893992386],[74.797068515091169,13.110628399007004],[74.797072632275132,13.110547617572299],[74.797074634133622,13.110516225089883],[74.797078161206045,13.110460927012744],[74.797088259350161,13.11028896572642],[74.797097578544737,13.110142127752644],[74.797144229170073,13.110099950055845],[74.797167168164734,13.110079130369254],[74.797251343425089,13.110004868333045],[74.79743296801675,13.10984228162712],[74.797432996637539,13.109842255426102],[74.797748334683135,13.10954546578296],[74.797758020363048,13.109470111538092],[74.797758609877917,13.109465593418673],[74.797763452965427,13.10942873962386],[74.79776516498886,13.109415484530887],[74.797791051743928,13.109384126152346],[74.79832480668361,13.108737555190622],[74.798447832677724,13.108588525545754],[74.798460481649897,13.108545672653326],[74.798464351362725,13.108532567539877],[74.798466666890661,13.108524736658463],[74.798469934378218,13.108513648475968],[74.798470021576989,13.108511926834908],[74.798522591446741,13.108333989855495],[74.798564138164423,13.10816676062178],[74.798588609668784,13.108068261621488],[74.798502147668586,13.1080301211187],[74.798489199674052,13.108024409642605],[74.798483189568813,13.108021740996497],[74.798399505699038,13.107984375773112],[74.798409701391648,13.107877158512016],[74.798419152929469,13.107803505861421],[74.798430987593619,13.107701295857996],[74.798442106818584,13.1076064414416],[74.798456497257661,13.107484556754965],[74.798471860903433,13.107354821144934],[74.798461483908937,13.107286987265979],[74.79844817417748,13.107199829787863],[74.798447714996669,13.107197256811538],[74.798446273317751,13.107187861335913],[74.798444695803781,13.10717760309084],[74.798442447456878,13.107162982175039],[74.798441725995886,13.107157348076347],[74.798440138531859,13.107147980518722],[74.798424757925048,13.107048068652402],[74.798403976253184,13.106913608956075],[74.79839141242141,13.106832707721386],[74.798366034721269,13.106771813144039],[74.798313620874893,13.106646308891435],[74.798227805499636,13.106441338411024],[74.798136738382922,13.106222572026926],[74.798129208759789,13.106180451162299],[74.798081667169342,13.105913435916303],[74.798075015633458,13.105876078470455],[74.798040682745864,13.105644616371739],[74.797610374246844,13.105611712911575],[74.797610287531469,13.105611708322206],[74.797550838923513,13.105608181149639],[74.797502242941547,13.105607132020268],[74.797528584330536,13.105460428512876],[74.797529867365469,13.105452801189713],[74.797537280400789,13.105411682206153],[74.797543765688289,13.105375799058859],[74.797544050191206,13.105374230392517],[74.797575888980035,13.105199280326703],[74.797611391539235,13.105006899915875],[74.797658021883905,13.104780450315198],[74.797660184580906,13.104769966221934],[74.797663322090344,13.104755347716019],[74.79767407175342,13.104705384975757],[74.79768641605213,13.104648044730338],[74.79771031161286,13.104537435494111],[74.797730046056245,13.104446573821713],[74.797730128473077,13.104446193193194],[74.79773752636477,13.104412241347227],[74.797748340157497,13.104362789558962],[74.797748823507291,13.104353825111284],[74.797754319447975,13.104252805571406],[74.797757583755356,13.104193602656967],[74.797761160152376,13.104129545018637],[74.797769431872538,13.103997039535097],[74.797772683334003,13.103964862208191],[74.797773171612533,13.10396002842071],[74.797775605624537,13.103932469409219],[74.797779709310333,13.103889234562889],[74.797749673652163,13.103830094143994],[74.79773177232056,13.10379784415915],[74.797706244325724,13.10375323510217],[74.797673330976707,13.103696760885748],[74.797662183382798,13.103678274501918],[74.797658135240127,13.10367156172058],[74.797652695959286,13.103662532943423],[74.797662899693705,13.103650650844866],[74.797663797256149,13.103649601704122],[74.79770120246188,13.103605495964619],[74.797717745632923,13.103585985080139],[74.797739066931172,13.103560439298777],[74.797768432854056,13.10352458313027],[74.797773393498829,13.1035187265161],[74.797777454884454,13.103513738189797],[74.797782011247904,13.103508138972286],[74.797805739888872,13.103478638938352],[74.797837640656653,13.103438584464438],[74.797892145128799,13.103366047718787],[74.797853696712679,13.103255140003467],[74.797848624948045,13.103243426772169],[74.797845089998887,13.103235262155307],[74.797831508660579,13.103206730260943],[74.797814193086396,13.10317458472985],[74.797809339591595,13.10316446045268],[74.797773664483159,13.103076029362667],[74.797738937138604,13.102981585685841],[74.797729524700657,13.102956512231316],[74.797707678649061,13.102898314137841],[74.797668540836113,13.102795823603108],[74.797650213803024,13.102748369963477],[74.797600523945974,13.102621234588687],[74.797563464849119,13.102527574857831],[74.797524744255867,13.102430582524921],[74.797481508178123,13.102395319527309],[74.797440575114493,13.102361869563344],[74.797378645307873,13.102296757631253],[74.797316012842117,13.102231306939046],[74.797249416582204,13.102162122140649],[74.79721100261132,13.102122409411889],[74.797197243637697,13.102108185441006],[74.797145998741044,13.102055424998269],[74.797197992912871,13.102048235437456],[74.797330452781793,13.102025475380342],[74.797499445587547,13.101999531113197],[74.797531313784333,13.101994638774645],[74.7974718855384,13.101811530200667],[74.797465307621223,13.101791560793444],[74.797455640338171,13.1017612098691],[74.797454920457511,13.101759329348203],[74.797454014637793,13.101756945008699],[74.797428811493717,13.101679780121703],[74.797409820628957,13.101628619381511],[74.79731963157198,13.101389371873847],[74.797259637494079,13.101230694085286],[74.797241952424002,13.101176850516302],[74.797230907973244,13.101142977313451],[74.797206819881211,13.101068570366929],[74.797205857386302,13.101065554808796],[74.797210557061916,13.10106403211449],[74.797205130453463,13.10106327821592],[74.797114470221288,13.101050675676502],[74.797081625306461,13.101034015075639],[74.797020274675219,13.101003410055512],[74.796972926904601,13.100979785173752],[74.796933501278062,13.100960174199924],[74.796891957592337,13.100939370642182],[74.796829127918684,13.100907982227612],[74.796795834670448,13.100891351078044],[74.796723377692217,13.100808051460039],[74.796618701131479,13.100684810590209],[74.796520624648565,13.100557918964649],[74.796204592902257,13.100485665037967],[74.795905295450311,13.100414002696363],[74.795699859476755,13.100364706188156],[74.795632005479845,13.100276950105959],[74.795601606264469,13.100203394344772],[74.795559619377684,13.100101733147239],[74.795517491446816,13.099999989543109],[74.795436768203473,13.099855510761477],[74.795394899532212,13.099780653690544],[74.795351722358291,13.099730845371635],[74.795350848592165,13.099728778445298],[74.795350342196556,13.099727578091082],[74.79530852204006,13.099678922868421],[74.795257062193912,13.099618324665096],[74.795205522200277,13.099557621493833],[74.795156651262005,13.099500051883],[74.795099082049362,13.099432259028418],[74.795043214199495,13.099366450554287],[74.794981535544778,13.099293806672554],[74.794932610327294,13.099236181816561],[74.794809485665496,13.099075287555674],[74.794770774765752,13.099039816111274],[74.794578776531267,13.098863801963729],[74.794274691373687,13.098584866804675],[74.7942689031062,13.098579783866168],[74.794265610567308,13.098576539469402],[74.794257770529995,13.098569344352255],[74.794251893956883,13.098563953894676],[74.794246777886002,13.098559255802188],[74.794238189334564,13.098551375562858],[74.794224629436869,13.098538932080457],[74.794214964205096,13.098530066242731],[74.794200530432335,13.098516817270864],[74.794187205159091,13.098505121796359],[74.794180644304063,13.098499463130324],[74.794172019407625,13.098492029564026],[74.794166900337871,13.098487613596557],[74.794153101060331,13.098475717900682],[74.794146743013997,13.098470235726269],[74.794129420401035,13.098455303426324],[74.794122538742826,13.098449367799347],[74.794113210474023,13.098441326911514],[74.794105503751268,13.098434684398782],[74.794095982822682,13.098426468834443],[74.794093368436606,13.098424216045334],[74.794089393390337,13.098420790249584],[74.794086249859504,13.098418080386907],[74.794082449047281,13.09841480122018],[74.79407924375235,13.098412037956804],[74.794077044202822,13.098410141776991],[74.794074823449733,13.098408228399295],[74.794072982501348,13.09840664266677],[74.794070369039716,13.09840438806966],[74.794066907468888,13.098401403962177],[74.794063835848988,13.09839874931648],[74.794061582829073,13.098396810593636],[74.794059350091032,13.098394888163659],[74.794051784419182,13.098388362411432],[74.794050711379953,13.098387435592866],[74.794047966091355,13.098385069666326],[74.794043267390492,13.098381018448695],[74.794037829360235,13.098376330946142],[74.794036012384197,13.098374761509177],[74.794032237382723,13.098371507681607],[74.794027692633577,13.098367587704258],[74.794023615264265,13.098364072304099],[74.794021784457442,13.098362494717648],[74.794018297077656,13.098359486173909],[74.794015141566192,13.098356763641156],[74.794012983502299,13.098354901855808],[74.794010687155023,13.09835292692755],[74.794009207579663,13.098351647122909],[74.794006454917749,13.098349273955986],[74.794003071711955,13.098346350495625],[74.794000520012077,13.098344153819752],[74.793997421657892,13.098341478353941],[74.793995725435764,13.098340024758366],[74.79399276904617,13.098337473289433],[74.793988992206792,13.098334212225703],[74.793985612635865,13.098331355683234],[74.793981736277729,13.098327958900969],[74.793671282461929,13.098060127683526],[74.793615542190153,13.097916168372969],[74.793571209589402,13.097801252145556],[74.793523721329493,13.097618525671699],[74.793440924422526,13.097300189849884],[74.793403562414696,13.097121201529003],[74.793393779499013,13.097074334056678],[74.793370926686208,13.097084712928542],[74.793343646060322,13.097067137586809],[74.792988079643933,13.096869360377951],[74.792744766488624,13.09673250605784],[74.792616447450456,13.096703449440348],[74.792526120362581,13.096682995699719],[74.792151387578315,13.096598143953932],[74.791967738754352,13.09655656002899],[74.791627113373139,13.096479402246477],[74.791567188423699,13.096465827919712],[74.791198198919716,13.09667337266036],[74.791119370470042,13.09671491291723],[74.790902214376743,13.096825266430557],[74.790717930199875,13.096918914915976],[74.790417412990337,13.097066190909427],[74.79022827820414,13.097158374717964],[74.789917486545875,13.097307652835063],[74.789598204910348,13.097441387565162],[74.789415296113702,13.097613287211919],[74.789213105461997,13.097802695512538],[74.789056160259577,13.097949731796495],[74.788776664158561,13.098218087067272],[74.788772471583528,13.098222112108962],[74.788526674183117,13.098458298539038],[74.788364123816422,13.098525456568325],[74.788228959652329,13.098581299378621],[74.788119491060044,13.098612520354607],[74.78763523842629,13.098750629280531],[74.78726638267689,13.09885588400364],[74.786747310822605,13.099002187665082],[74.786317366734892,13.099123769345477],[74.786106255140666,13.099198080884674],[74.786041821441927,13.099258303540863],[74.78591170749327,13.099379970326188],[74.785561675941224,13.099675023185638],[74.785139972018783,13.099997587609421],[74.784766082705332,13.100280406549681],[74.784699775199144,13.100330562890989],[74.784615289448908,13.100574803207111],[74.784589629520312,13.100648982546955],[74.784531706069515,13.100800651616915],[74.784506803194176,13.100865618989655],[74.784480284989741,13.100934797951544],[74.784360306565688,13.101247793662466],[74.784182327300002,13.101703015944944],[74.784086233590486,13.10194584925207],[74.78407709713008,13.101968825146946],[74.784061797205425,13.102013017929137],[74.784061650159188,13.102013435573543],[74.784033090745126,13.102095682926427],[74.783807415698092,13.102737628735133],[74.783774457676984,13.102823874613202],[74.783720919172538,13.102956237597942],[74.783681839048683,13.103063739256461],[74.78368175860038,13.103063954402538],[74.783620743116174,13.103230870951212],[74.783532735463126,13.10347127471964],[74.78326412760083,13.103594387229583],[74.783041715461252,13.103692223612182],[74.782740835422004,13.103799026329233],[74.78271426152142,13.103821389760443],[74.782617115834938,13.103903205665485],[74.782597366809114,13.103918244918525],[74.782517504762623,13.103979062197533],[74.782516696084173,13.10397967279417],[74.781996022439245,13.104369914333125],[74.781784948835849,13.104563185591687],[74.781060196574686,13.104526713674437],[74.780961897627506,13.104521114202329],[74.78088456528306,13.104517535445511],[74.780432375710916,13.104492312565236],[74.780363121386756,13.104488449360534],[74.780362985811351,13.104488406744897],[74.779977448932144,13.104361310029139],[74.779939517889943,13.104348805219963],[74.779773919164683,13.104294212997527],[74.779750228876281,13.104286403478772],[74.779750184608972,13.104286387164315],[74.779740577685885,13.104282839689835],[74.779730103861169,13.104278973175411],[74.779092316195431,13.104043490316842],[74.779092191697373,13.104043440475959],[74.778882042774356,13.103958261854514],[74.778758568120409,13.103908213741056],[74.77866497430557,13.103804657319758],[74.778508382903752,13.103641786182681],[74.778214576648494,13.103378960505673],[74.777906965238742,13.103119294745417],[74.77785397126469,13.103032835451868],[74.777825153649232,13.102981902685086],[74.777789105390568,13.102926681116157],[74.777698304280293,13.102777503302953],[74.77755545457066,13.102511640273326],[74.777436721575398,13.102358124053204],[74.777432324522167,13.102290653539837],[74.777425071014946,13.102179365624334],[74.777412903745656,13.101968895308625],[74.777377814079117,13.10170440379191],[74.777377773652034,13.101704221096815],[74.777297747263191,13.101338672439086],[74.777341035973876,13.100301768583996],[74.777454688315729,13.099755009094558],[74.777454706845717,13.09975492049321],[74.77752856178364,13.09942432578592],[74.77756709160802,13.099250788389073],[74.777630651751153,13.098964519652903],[74.778470711369565,13.098383567307696],[74.778474627301065,13.098380637255723],[74.77848523526211,13.098373467456396],[74.778518260637256,13.09835050051813],[74.778538754142005,13.098336252529437],[74.778538995067919,13.098336085448436],[74.778593274392605,13.098298525735899],[74.778652309401124,13.098257718378418],[74.778681141044174,13.098237790650305],[74.778741583724752,13.098196014209986],[74.778755996766122,13.098186057120758],[74.778784170229002,13.098166589083899],[74.778827189654351,13.09813685958658],[74.778839233135841,13.098128535360489],[74.778851298875495,13.098120078226875],[74.778870055894131,13.098104070843148],[74.778902137729176,13.098076672177315],[74.778919524695553,13.09806182377943],[74.778941321873219,13.098043207496781],[74.778962122897056,13.098025440361786],[74.778979617863754,13.098010509764691],[74.778992245640097,13.097999719213943],[74.779004078519804,13.097989613409657],[74.779024955236409,13.097971783940388],[74.779036478833547,13.097961944625929],[74.779209358795669,13.097385336507291],[74.780069858605174,13.094475495279825],[74.780115440172338,13.094350862123193],[74.780488585660549,13.093330560659918],[74.780634635448806,13.092931212091891],[74.780820532291344,13.090922218038074],[74.780472266155456,13.088329594669535],[74.780157463424814,13.087747315456395],[74.780057079250369,13.087570800762171],[74.779752224482962,13.087034303145721],[74.779334904707554,13.086331313532806],[74.778989325339907,13.085756195438782],[74.778918206075829,13.085637836585947],[74.77856105323832,13.085675848482937],[74.778177077889268,13.085716716904935],[74.77794594332299,13.085741317517556],[74.777926578724788,13.085686852678799],[74.77784692978345,13.085468737326261],[74.777760387896222,13.085230485386889],[74.777760294966114,13.085230218550311],[74.777643724635027,13.084885481330856],[74.777416955083979,13.084214925708745],[74.777115818195696,13.083176484492597],[74.776748037005476,13.081901512299428],[74.776895752477714,13.081057026939984],[74.777048535688053,13.080182833628555],[74.777431630079207,13.078793315571053],[74.777535513652339,13.078619504107214],[74.777880345365446,13.078042573690277],[74.778332493508017,13.077234525497742],[74.778355938599674,13.077095610558377],[74.778546413872064,13.075967025643044],[74.778898002763469,13.073881882626676],[74.778898008320553,13.073881857312148],[74.779055919638282,13.073298698267587],[74.779400212840244,13.07202686149823],[74.779506066938453,13.071636022791981],[74.779545949680113,13.071488219245353],[74.779549379435082,13.071475510074928],[74.779497266418602,13.071474706938826],[74.779482877850654,13.071474484872549],[74.779137458142088,13.071469158578712],[74.778402782407483,13.071399018215919],[74.777937513452983,13.071347217038783],[74.77708292198227,13.071279905092165],[74.77695650939161,13.071269886226036],[74.776599049454219,13.072253418276821],[74.776455201690993,13.07339928476944],[74.775984006784014,13.074700925574927],[74.775684736525548,13.075509168565087],[74.775272521283995,13.07709105115271],[74.775076036064391,13.07814547153338],[74.774794114659542,13.079376224703132],[74.774168528245909,13.081873869545827],[74.773509659580256,13.084462113306815],[74.772729315303437,13.087517803076691],[74.772110222181496,13.090561378299938],[74.7718995675461,13.091628646266262],[74.771699252354964,13.092556474639638],[74.771344178713719,13.094080059449773],[74.770705962994526,13.096774857916623],[74.770247990377172,13.098810047977658],[74.77016829768948,13.098701773436485],[74.769752621489545,13.100357233192222],[74.769458217386941,13.101459124177257],[74.768855417552459,13.103416456616879],[74.768453970120063,13.105268195299566],[74.768252543835814,13.106629357866545],[74.767942854631642,13.108032996899112],[74.767814970055014,13.108725237273024],[74.76762337405404,13.109745645612005],[74.767314406813426,13.110594711273215],[74.767427852213189,13.110598688422698],[74.767027224840291,13.111901413582858],[74.767100860940275,13.11503934785773],[74.767105781683895,13.115231807111488],[74.767137588421548,13.116428058270131],[74.766977599769319,13.116423097522166],[74.765952629055377,13.117492319938766],[74.765883978423958,13.117571366444647],[74.765372737813891,13.119411467578979],[74.764788607439925,13.119303288452418],[74.764124912456097,13.123522815722261],[74.76441194932093,13.123547607379408],[74.764201645475964,13.125303655602041],[74.763899106644587,13.127350572150323],[74.763669959642655,13.128709322690828],[74.763363303023851,13.128567596336975],[74.763218918637548,13.129034431147069],[74.763483940509545,13.12916332962444],[74.763309681711149,13.129900381042466],[74.763140407807612,13.130590199464258],[74.76277187029271,13.131796856650865],[74.762191206862468,13.133812665479429],[74.761619070310019,13.135994647257862],[74.76144863066439,13.135902295023087],[74.761329328908701,13.136461737412588],[74.761426439545133,13.136558162311896],[74.76119093680164,13.137444013335319],[74.76103762627838,13.138056749645038],[74.760923467505435,13.138502473785978],[74.760901249380893,13.138591505963172],[74.760820471410625,13.138910321765016],[74.760450490178926,13.140639523853443],[74.759759578741793,13.143351843835029],[74.759303981998883,13.145172192742525],[74.758987115741064,13.146281867096212],[74.758900849722579,13.146993963254037],[74.758891939558822,13.14726856061386],[74.758698547220718,13.148055441927481],[74.758544847292285,13.14851697083108],[74.758490861330515,13.14875799152416],[74.758319731216972,13.14947433530803],[74.7581582337382,13.150168416213049],[74.757951495556654,13.150211642941102],[74.757754700661323,13.150856247485782],[74.757544300595868,13.151431922195092],[74.757474391567115,13.151573403589257],[74.757167337022025,13.152240656314437],[74.757032029941897,13.152704605866571],[74.757193867930738,13.152728216099593],[74.756885722292239,13.153936790640431],[74.75679679141912,13.154445887128277],[74.757138150875633,13.154499688513768],[74.756907953206152,13.154949383946775],[74.756827236629817,13.155423302766113],[74.756532381447656,13.155390048977372],[74.756465767564904,13.155877399235111],[74.755935287952596,13.158122047317638],[74.756121946799652,13.15823203985078],[74.755755517214823,13.159041992925395],[74.755436367107166,13.159772323911158],[74.755420685545843,13.159826749533584],[74.755222234635767,13.160528731932517],[74.755013602021847,13.161285361977113],[74.754815531585024,13.162013394023809],[74.754617443393656,13.162741364350982],[74.754413634447928,13.163460369656253],[74.754291807696745,13.163950804779034],[74.754224180793642,13.1642087785043],[74.75408705895444,13.164932785389377],[74.753938872051791,13.165656129574876],[74.753790710368548,13.166379184283084],[74.753653171862922,13.16707339525478],[74.753515641167596,13.16776729143011],[74.753344636481856,13.168598970604252],[74.753089796760079,13.168557743942017],[74.75288293548472,13.168488455449763],[74.752584834552451,13.170334925297611],[74.752000669200939,13.172917910774993],[74.750832146198604,13.176481299255606],[74.749799897727357,13.179533786156391],[74.749090601018736,13.181575822930203],[74.749456126682901,13.181694356933969],[74.749352716755396,13.181950840754045],[74.74894994007316,13.183600404699993],[74.747611078404731,13.186615024368825],[74.747087354823776,13.187783810027126],[74.746895355956426,13.18770338724528],[74.746102990715286,13.189167402537128],[74.746070002258506,13.189228352502482],[74.746217929985661,13.189292007254199],[74.745754894864049,13.190130389735875],[74.745397097360097,13.190948532938309],[74.745393966058117,13.19095570414872],[74.744307812200574,13.193698733257172],[74.744264211030014,13.194150683616996],[74.744175884836011,13.195699745533824],[74.744170496591863,13.19579424873057],[74.744110391272358,13.195788163678644],[74.744004084020332,13.195874187258203],[74.743969394662301,13.196079156875165],[74.743679766915918,13.197793843771473],[74.743222490925973,13.199476498054201],[74.74271515215483,13.20127395141672],[74.742361857196784,13.202867000095745],[74.742104768601777,13.203994324624615],[74.741276131641868,13.207232246151731],[74.740747958912948,13.209096078252808],[74.740111362631893,13.21139082237281],[74.739836803224421,13.212605175977215],[74.739808997633091,13.212728158035487],[74.739623403038919,13.212733711204642],[74.73906031531142,13.216058050095391],[74.738924155544822,13.216861891675846],[74.738290499640826,13.220602699849712],[74.738483878274849,13.220631607556069],[74.738366046056001,13.221207599515608],[74.738322909809369,13.221354933279365],[74.738170885275451,13.221609024065534],[74.73693508059867,13.22387782825721],[74.736906071783508,13.22397201827264],[74.736700805018614,13.224636813970617],[74.736607929422632,13.224936169743806],[74.73634563780638,13.225894690816267],[74.735758906877052,13.227614286727007],[74.735335390557012,13.229702493538662],[74.733497522346823,13.237831712596551],[74.73308009612488,13.239653279247859],[74.732187043502435,13.243550287673049],[74.731983553743774,13.244427026948568],[74.731734181015682,13.248111718199519],[74.731319959114288,13.251750312391348],[74.730868719976328,13.253503506041586],[74.730693258360589,13.254715897878087],[74.730877106119507,13.254781627944984],[74.730513839096957,13.25586819097051],[74.730327993607631,13.256505719462846],[74.729940950811013,13.257782692913382],[74.73004363033138,13.257793454520877],[74.730026367007213,13.257848063470105],[74.72969421972472,13.258898715045921],[74.729563262165982,13.259312958881907],[74.728865563177578,13.262184122279566],[74.728658836209704,13.263034826831229],[74.728368203864392,13.264230805085845],[74.728149000702544,13.265108996500777],[74.727969926496925,13.265864528193765],[74.727926809171151,13.266046442260032],[74.727907004973289,13.266092953508496],[74.727539949790113,13.266955009250927],[74.727458119153951,13.267309001906375],[74.727429764639069,13.267431658467416],[74.727400269332577,13.267504404976915],[74.726926051809386,13.268673995822205],[74.726756830273331,13.268980156792395],[74.726658104720158,13.269202261536483],[74.726353715127175,13.269887051222012],[74.726166750914487,13.270307665384877],[74.725974398757756,13.270740396781797],[74.725848798174425,13.271022958898744],[74.725391309366643,13.271919874383062],[74.725296345910905,13.27208455678382],[74.724777260260964,13.272984731305726],[74.724643644086655,13.272930399258234],[74.724219145840451,13.274126833301496],[74.724155565106329,13.274306033353657],[74.723660182450232,13.276364473812157],[74.723750421790314,13.276389478160322],[74.723895286701776,13.276434036266396],[74.724440354639569,13.276601688103334],[74.724432447883615,13.276811009055304],[74.72538948794724,13.277289296642229],[74.72571529143481,13.277452117546416],[74.725722159757737,13.277497501659017],[74.725727094224467,13.277566547724817],[74.725738720093673,13.277729219068132],[74.725757136060082,13.277988903084914],[74.725769855676262,13.278168260688668],[74.725801653876786,13.278616642929713],[74.725823458003788,13.2789240953907],[74.725855626260071,13.279377692768488],[74.725873060248958,13.279612616620486],[74.725875680738312,13.279654160352612],[74.725829640384475,13.279784802798686],[74.725752934440706,13.280002461847747],[74.725815626170316,13.280197048236872],[74.725854066116383,13.280316361946626],[74.72593806016576,13.28042917073102],[74.726197265149267,13.280777298168623],[74.726491334983294,13.281091203756089],[74.726716283264111,13.281331323683496],[74.727436288945015,13.282025402713455],[74.7280827941604,13.282557736229901],[74.728439249667275,13.282711235704134],[74.728625859862888,13.283107443239748],[74.728695177767435,13.28325461750623],[74.728718403487349,13.283303930714862],[74.729024004432333,13.283952775387958],[74.729088415075026,13.28408575766022],[74.729674811342676,13.285296429452842],[74.729789737635627,13.285328977611258],[74.730420401221295,13.28547759845326],[74.73072614197207,13.285627732456579],[74.730793459896233,13.285649661916279],[74.731772331998755,13.285968542898331],[74.73226341765448,13.285870967655113],[74.732415685831526,13.28599458945258],[74.732741802684984,13.286218380392977],[74.732804057853812,13.286199977497054],[74.732989376881719,13.286141155653832],[74.732981786353946,13.286560604196008],[74.732972476260997,13.287075048848244],[74.732962875242976,13.287605576937491],[74.732952536242848,13.288176858443631],[74.733161528028631,13.28838431106543],[74.734497652013033,13.288939602291702],[74.735075758663243,13.289179859805328],[74.737253528671701,13.289369635811916],[74.737428348736898,13.289381646455388],[74.73751111943885,13.289387321871692],[74.738038088725986,13.288920394813672],[74.739703854356094,13.288222979475409],[74.740017587737697,13.288335670438046],[74.741216551110696,13.289879997669349],[74.741366562659266,13.290264995101165],[74.741124746179437,13.29093217727849],[74.741089016934382,13.291357806955167],[74.740761060168012,13.291467000362218],[74.740757962014357,13.291639762754196],[74.740996517224374,13.291697621338358],[74.741006882531522,13.29170013483346],[74.740997864494844,13.29172695363612],[74.740767874810075,13.292412553256844],[74.739928303550528,13.29365601130344],[74.739821511196325,13.294098947554993],[74.74006280216426,13.294857261494567],[74.740441654276864,13.295769682777557],[74.740633311715001,13.295989446449431],[74.74068618586108,13.295958813077265],[74.740900070486035,13.295834811609643],[74.741565645311653,13.296223091378256],[74.741908318532438,13.296338093650483],[74.742206814868652,13.296568711465559],[74.742875232591942,13.29666899488117],[74.744430216369864,13.29659022730085],[74.74499214867771,13.296758281468106],[74.745050317487951,13.297071212299848],[74.745379031690007,13.29715385570182],[74.746009203107349,13.297106539197941],[74.746815755956234,13.296476197170525],[74.746938301063679,13.296292611317893],[74.747184864152715,13.295923738192551],[74.748909943171441,13.295749500162744],[74.74928337626551,13.295828081915028],[74.75122136098409,13.295741199741286],[74.751708019880297,13.295718407243772],[74.752369210848727,13.295656450098985],[74.753227946799285,13.295767739754952],[74.753981402586746,13.295609200668332],[74.754486564018833,13.29563318459422],[74.755134088616927,13.295551452048503],[74.755614774114903,13.29572525779019],[74.75604830936264,13.295569660273433],[74.756993236776665,13.295563819064938],[74.757535419392738,13.295240092748953],[74.757633538389896,13.295181296479141],[74.758210950992037,13.293701740895727],[74.758179270331382,13.29325297978702],[74.758415213407531,13.292495449375259],[74.758433742683778,13.292209292757146],[74.758462401401118,13.291766712446295],[74.758486997538014,13.291386862898944],[74.758627551563194,13.290776130602781],[74.758780962699376,13.290408359964516],[74.759077769572187,13.289696821982307],[74.75913407314772,13.289390604166105],[74.759331065062597,13.28923871475148],[74.759332896559641,13.289160243459458],[74.759335458801317,13.289048515660332],[74.760136432434237,13.288771887692242],[74.760708885151018,13.288868120047978],[74.760648605117098,13.289008028623369],[74.760694958538849,13.289017564067061],[74.761701541108934,13.289226156547077],[74.764364356760126,13.290277937567394],[74.764861536483167,13.290515565406727],[74.764866110982965,13.290517622268595],[74.766901447215076,13.291432789937206],[74.768871494128447,13.292136502376325],[74.771016853247389,13.292600691119],[74.771184288284786,13.292599633682672],[74.771187551049408,13.292599613106598],[74.77252546725839,13.292571476388872],[74.772561525964178,13.292561056460086],[74.773217566462804,13.292371541776539],[74.773593319071253,13.292315952492753],[74.7739389981747,13.292280884896845],[74.775355493208096,13.292072477644618],[74.775456659715474,13.292001838715201],[74.77545878728003,13.292000384758433],[74.776514386925513,13.291278990553041],[74.776778835508267,13.290916070628764],[74.776945391614831,13.290234833631079],[74.776868365179723,13.289338857175851],[74.776650445495065,13.288389175078718],[74.776650406923807,13.288388951696282],[74.776562998308265,13.287884647920562],[74.776090829583566,13.286704842101665],[74.776090472543103,13.28670457322672],[74.776089881188113,13.286703096978119],[74.776035023779087,13.286592883600942],[74.775412050195939,13.285341253369523],[74.775128405178506,13.285137177912183],[74.774825736312167,13.284399008135576],[74.77601959943938,13.284057402008008],[74.776159431040597,13.283978806803111],[74.777019678632399,13.283408957425982],[74.777115595690745,13.283356166556308],[74.777362280139656,13.283220396511195],[74.778354082909345,13.282797137185343],[74.778435269829018,13.282762490238925],[74.778929806778407,13.282961829775479],[74.779241748565468,13.283087625129912],[74.779790770054461,13.283309502455701],[74.780039465156932,13.283410008246342],[74.781118148848321,13.283715497858237],[74.782570749192388,13.284517806779808],[74.783561011396444,13.285457084227504],[74.784009093016991,13.285830152457342],[74.784317200439204,13.285975944841622],[74.784784314739653,13.285833409681539],[74.785335480302066,13.285123630598003],[74.785401669689378,13.285031909057075],[74.78539789001654,13.284303861255728],[74.784965765338129,13.283555930211804],[74.784737220066532,13.282919876672924],[74.784724403530433,13.282804238985806],[74.784772881577751,13.282293548207239],[74.784786820574311,13.282146364092057],[74.785011200941014,13.281684972154659],[74.78539372958754,13.281551437478281],[74.785473762184466,13.281415713360946],[74.785965365766714,13.281296735817349],[74.786402291183904,13.281638251316304],[74.786681820679775,13.281826392548389],[74.787164975660033,13.282293017204584],[74.787455059366124,13.282752055083407],[74.787693695701165,13.282981474278099],[74.787861344742467,13.283117700367818],[74.788407923949961,13.283207734363351],[74.788977822188585,13.283174687856816],[74.790180813261088,13.283074824284103],[74.791372609336278,13.282977341187934],[74.791896438172401,13.282904713107667],[74.792522985762304,13.282808058651678],[74.792960956204595,13.282635562126542],[74.793196923315435,13.282543106607212],[74.793541763601439,13.282450112529769],[74.793318428862776,13.282635415811992],[74.793284613923376,13.282764852953861],[74.793429939452963,13.283800126080495],[74.794406354594756,13.285134778578209],[74.793684981605239,13.285751700270163],[74.793085440837558,13.28627152689735],[74.792886643214842,13.286318711553294],[74.792614874805452,13.286383495635514],[74.792282004552447,13.288476640865452],[74.792108221603385,13.288422076015053],[74.791468814132429,13.288223023881676],[74.79135822642904,13.288304728631816],[74.791350930640334,13.28830307330588],[74.790246906950969,13.289117044233832],[74.790245974976045,13.289127219849359],[74.790224438290423,13.289361965135708],[74.790176695900612,13.289880964725537],[74.790134710409376,13.291159389018537],[74.790316206220041,13.292064558434751],[74.790578854683801,13.293449809677091],[74.790724765731525,13.29342514346458],[74.791576302338996,13.293284034161358],[74.792425663484082,13.293145413223328],[74.792503117115544,13.293132822388795],[74.792853785293715,13.293075891085206],[74.792934610894591,13.293061843411298],[74.79380972647408,13.292909989777886],[74.794211764060094,13.292840336596472],[74.794545970761575,13.292782466397716],[74.794770058242008,13.293888143883979],[74.795202556968405,13.294003430198162],[74.795529237262002,13.294470688922537],[74.795998061881463,13.294613567218425],[74.796403574710865,13.294798757007317],[74.797994930495079,13.295509132560314],[74.798359439038308,13.295676350072039],[74.798950462224639,13.296028262093506],[74.799891473451197,13.296538220253781],[74.800106806937734,13.296456524569924],[74.800237683940011,13.296406643386252],[74.802028067849136,13.295714469270861],[74.802285510566264,13.29457197730896],[74.802346438891533,13.292962309966294],[74.803235118761421,13.29304386193342],[74.803307245208245,13.292943589767672],[74.803584065590016,13.292960345907222],[74.803587400720858,13.292884181100765],[74.80516993506501,13.290531479681809],[74.805182836626059,13.290528878999586],[74.806951395012391,13.290181812465564],[74.807425072022824,13.290091603824864],[74.808161009547931,13.289952243777586],[74.808157190539177,13.289867124150668],[74.808739850899315,13.289742606676144],[74.808948756851152,13.289697884020379],[74.809814904458108,13.290019554904125],[74.809825615549542,13.290023494574193],[74.810585347803865,13.290795794288947],[74.811878086935181,13.292127092074036],[74.811905020872899,13.291918478741479],[74.811909701092418,13.291882152277593],[74.812005608189722,13.291141850265291],[74.814029818880741,13.291623850023187],[74.814032383917592,13.291488991607606],[74.814042431071442,13.291032766580349],[74.814065954194959,13.291006264919307],[74.814069284855847,13.29091587340076],[74.814653180147758,13.290307468051063],[74.816015896374168,13.290641327490134],[74.816241361318077,13.290689467949081],[74.816874222561125,13.290549179017848],[74.817240243110888,13.290537241153807],[74.817306721577978,13.290522802851276],[74.817338257167222,13.290365415050116],[74.817358126781926,13.290364607351377],[74.817360833117164,13.290354302684669],[74.81746599383284,13.290360221384674],[74.817544348680826,13.290357025904724],[74.817709944069648,13.290278320452723],[74.817974404405135,13.290152366373137],[74.818625967867007,13.290196283397375],[74.819020943170827,13.290490907934132],[74.819196333599635,13.290621810272532],[74.819503005135502,13.290541823968317],[74.819627467812424,13.290499475897883],[74.820879508035887,13.290001281782315],[74.820746768484724,13.288932835413709],[74.820399386388345,13.288250103427002],[74.820037176096022,13.287536479513181],[74.820086165567545,13.287501070358804],[74.820168034336845,13.287467605953703],[74.820140501750458,13.28740131420034],[74.821375638886479,13.286932567569387],[74.821668705188884,13.286853670393393],[74.822544255280903,13.286449349370063],[74.823711452820277,13.286514610680637],[74.824999830103962,13.286712095852533],[74.825548190506012,13.286573887261314],[74.825570604359484,13.286517281338055],[74.825651488463137,13.286499852217984],[74.825733970892259,13.286482092307395],[74.82604575553863,13.28570073432196],[74.826484010797444,13.28468928941901],[74.827549117649085,13.284356672990103],[74.827747359619181,13.284295435888197],[74.827749984946635,13.284341672771319],[74.827822529624882,13.28561940076089],[74.827825374706791,13.285669562223529],[74.827933350797963,13.286354998199037],[74.828029034992426,13.287143595953859],[74.828040713398138,13.287239874591874],[74.828562513433369,13.287650735224135],[74.828658951652741,13.287540769477523],[74.828793856457025,13.287660657727782],[74.828839932889721,13.287813508412848],[74.828889133846374,13.28797652945596],[74.828945733955635,13.287393225454572],[74.829067180607453,13.287255093659709],[74.830228066332808,13.287416134115549],[74.830668161929225,13.28735306663533],[74.830792920570318,13.287141032926224],[74.831040904012738,13.286719212249023],[74.83127269043375,13.286684927716783],[74.831482582245016,13.286653710155381],[74.833404708733255,13.286361455613839],[74.834622689913928,13.286146577624956],[74.835057952685617,13.286091869995829],[74.835306886728247,13.286060505469738],[74.835321223259314,13.28625655757015],[74.835655247848166,13.286128277063789],[74.836862314883348,13.285673664139157],[74.838259641079929,13.28514374392512],[74.839399504882579,13.28470878783539],[74.839636040491882,13.284817324695718],[74.841884877234662,13.285849992520564],[74.84362093853963,13.286683260282846],[74.843796491681388,13.28636868054215],[74.843915297514414,13.28642677543473],[74.845193986910658,13.284146996832856],[74.846146326442309,13.282567378479328],[74.846155394357325,13.282552488266349],[74.846922328561661,13.281284568606454],[74.847203879266004,13.280816843982523],[74.847354369925839,13.280593434609225],[74.847913520114602,13.279873331277523],[74.849000315161035,13.279118305972521],[74.848976839558276,13.278975812207547],[74.848863673589761,13.278281192094664],[74.848741956560787,13.277531651758073],[74.848708584996643,13.277337899221878],[74.848538766207312,13.276353001060013],[74.848503330752422,13.276124930988169],[74.848404630421371,13.275490568385971],[74.848313252598061,13.275035760579875],[74.848021472622577,13.27417189000281],[74.848006577783465,13.274127803470893],[74.847934103296225,13.273913263176595],[74.847895432381563,13.273798934803965],[74.847611075034109,13.273762543346169],[74.847476419813475,13.273396691089715],[74.847493467436479,13.272597239718609],[74.847508069532239,13.272469525000417],[74.84760098642478,13.271648244251317],[74.847790667478435,13.271486098150257],[74.84784315262776,13.271441170198962],[74.848151914493741,13.271176597285219],[74.848208079443324,13.271128389926634],[74.848204730537233,13.271105534826413],[74.848172034554608,13.270882856490744],[74.848011295742992,13.270605055599496],[74.847998790221524,13.270182395432759],[74.847883764777322,13.270102629830234],[74.847765456519596,13.269687978699382],[74.847778211196214,13.269460659703343],[74.847778266192407,13.269459808837031],[74.84778176977261,13.269397229602328],[74.847846385591495,13.268996458506244],[74.847717008843489,13.268545411887734],[74.847498969878174,13.268076720876707],[74.847326369987897,13.268053563688222],[74.847088497739975,13.26758421390017],[74.846591914907549,13.26693987879211],[74.846570158999356,13.26692517886787],[74.846439977779298,13.266837482260033],[74.846177704194019,13.266337058628499],[74.846065042773702,13.266339088475984],[74.846004417033399,13.26634023099823],[74.845989062449817,13.266329733324907],[74.845439579737729,13.265955327856966],[74.845410812543548,13.265632680316266],[74.845222157455268,13.2655977476876],[74.845214770657165,13.265558023113307],[74.844951298888404,13.265493195549228],[74.844901690746212,13.264724772517109],[74.844816243996902,13.264520673761213],[74.844665889543862,13.264136246038092],[74.844583902614559,13.263925676684432],[74.844400544378146,13.263941088102248],[74.844853392659317,13.263477749589059],[74.844888437713024,13.263493808694934],[74.84521254314771,13.263642582126694],[74.847886421616707,13.262000083493309],[74.848040009180067,13.261908637802685],[74.849876791343391,13.260427560625601],[74.850430606085851,13.259974930632065],[74.850771064702556,13.259732718565733],[74.852620614007634,13.258504577320522],[74.853184824785728,13.258174949729],[74.854415390981984,13.257391616191439],[74.854569149407368,13.255161107275848],[74.854576507462127,13.255063267877063],[74.854686276520042,13.253054588729395],[74.854842321654047,13.252841496690257],[74.85491220383723,13.252766789214808],[74.855394591382435,13.252117138719786],[74.856006549166622,13.251267978540586],[74.856061737419381,13.251179597392241],[74.856590814940176,13.250363129178377],[74.856652134682236,13.250270308749784],[74.857949153567631,13.24968762354135],[74.858138991457324,13.249224526210755],[74.858130755767064,13.249197316315536],[74.858159399820991,13.24881193472511],[74.858175379441434,13.248607679465183],[74.858178799844239,13.248563978878416],[74.85822839936786,13.247931678535103],[74.857716216052282,13.247336740343821],[74.857454134017274,13.247027515406792],[74.857310245413984,13.246857064917895],[74.856695774972025,13.246142717075363],[74.856568234393777,13.246022212654164],[74.856470998245385,13.245580580148621],[74.856423974531722,13.245365909618201],[74.856192235083441,13.24501991004337],[74.856112427753189,13.244900020945291],[74.856675118992499,13.241381306645104],[74.856875976653043,13.240172310148075],[74.856947522118389,13.239940153614233],[74.857019297792462,13.239708709734566],[74.85705453407509,13.239302294247734],[74.857104323858152,13.238781950177614],[74.856970708095716,13.23877306615455],[74.856933012047065,13.238771154248449],[74.856012146679092,13.237291779804712],[74.855234082769115,13.23630976487588],[74.855220586680105,13.236290094255551],[74.854517681388316,13.2352444033667],[74.85452385350591,13.23521673404024],[74.854568507044931,13.235015947573723],[74.854951706014063,13.233257705071912],[74.854973411967933,13.233159195442083],[74.855282151174663,13.232261996382652],[74.85550574593762,13.231625310100394],[74.855698972931549,13.231225996330442],[74.858154660773252,13.228361310424285],[74.859255258687654,13.227063104652757],[74.859287647438066,13.227020151463522],[74.860141604582196,13.225923536541291],[74.860200303099873,13.225835138090421],[74.86024992229963,13.225756043046456],[74.860681831972386,13.224623036675991],[74.861118603436182,13.223516414583242],[74.861147835686879,13.22344737351534],[74.861627638765981,13.22232291295777],[74.861980240720257,13.221451200344772],[74.862056100479677,13.22127052615553],[74.862036829929082,13.221161555885619],[74.861925350158231,13.220607921455827],[74.862333552686479,13.220276689087019],[74.862059258747038,13.219712273268629],[74.862264538616017,13.219604676418518],[74.862629358712013,13.219411430118186],[74.862757307366962,13.219248457300505],[74.862913869098165,13.219189223114],[74.863051310516042,13.219012459028335],[74.863065956457831,13.218724135527525],[74.86307016386813,13.218709978066279],[74.863112277941283,13.218567848258289],[74.862884187887161,13.21850564722515],[74.861880656532264,13.218612236919098],[74.861019453275901,13.218771703961295],[74.858887825760107,13.219169304507352],[74.858567584505153,13.219234449997584],[74.858338096950064,13.219952304123586],[74.858237240076491,13.219964690764996],[74.858105726579439,13.219772737885659],[74.857966689163064,13.218617395958645],[74.857763381181428,13.21847241064815],[74.85776865574644,13.218431340562159],[74.857777048490718,13.218365694589513],[74.857767242906476,13.218354488143724],[74.857638164650496,13.218206830338271],[74.857588424767059,13.218149942258174],[74.857530081135266,13.218083287050831],[74.857499100128635,13.21804789628313],[74.85735833751508,13.217887395941597],[74.857041909900133,13.218042029343566],[74.856878734151778,13.218301268144135],[74.856868477420889,13.218307233192409],[74.856731878154235,13.218348318344107],[74.856602395330611,13.218459818945677],[74.856202794383321,13.218683216548275],[74.856083588963585,13.218719787146995],[74.85572213637451,13.218833075479248],[74.855430077958047,13.21884442622053],[74.855206517836123,13.219012103923301],[74.855077646396424,13.219110263627856],[74.854994016619912,13.219135749635562],[74.854651011557493,13.219382630489267],[74.85427430278537,13.219768990879983],[74.854177539585251,13.219931406591149],[74.853793338466033,13.220201366444922],[74.853216881451303,13.220596409328982],[74.853206206354642,13.220616386300456],[74.853088223471119,13.220685266973392],[74.853027024992144,13.220778569761134],[74.852754804039506,13.221193747643534],[74.85270972789165,13.221408574120355],[74.852303382827586,13.221894056758826],[74.852130785945349,13.222078329753145],[74.851656507261694,13.222483983413859],[74.851529180417401,13.222592837676283],[74.850734688826023,13.222920339623967],[74.85029463847242,13.223101225971275],[74.849355945367478,13.223772977824972],[74.849336880985049,13.223786599111801],[74.849143912803314,13.223640812843604],[74.848944547365605,13.223712859052162],[74.848448211466774,13.222689005850409],[74.848413613457936,13.222617188537544],[74.848049591088753,13.222632472261026],[74.847189952026866,13.222668544203382],[74.847172471320377,13.222230333557553],[74.847038088784856,13.222040736192534],[74.846830564171583,13.221900978081049],[74.846902219588301,13.221825898349769],[74.846742356174857,13.221622464058969],[74.84682287437299,13.221586698452779],[74.846899699478755,13.221310122539984],[74.846844471215462,13.221108911197128],[74.846834264086809,13.221071794528486],[74.846826256812832,13.221069539045629],[74.846592775265094,13.221003693321839],[74.846467211458204,13.220704245016368],[74.846419303115454,13.220456931904156],[74.846272513526856,13.220652146138283],[74.846016662935142,13.220466203414471],[74.846049617254977,13.220122712795533],[74.846065513868936,13.219954580979671],[74.846416378278576,13.219791555222674],[74.846496125491015,13.219691920021555],[74.846395369357921,13.219493941969079],[74.846383425177905,13.219442317298773],[74.846384571770741,13.219441899318188],[74.846493776648146,13.219281425553282],[74.846399292111613,13.219176622820466],[74.846301395513464,13.218290402875033],[74.846060076694641,13.217944011852328],[74.845995844614706,13.21775287186983],[74.845798500399439,13.217396296239246],[74.845548241079882,13.2171019129025],[74.845118006310628,13.217173751585776],[74.845085326250981,13.217179237794149],[74.845115727546613,13.217138587404383],[74.845103334197489,13.216948088951819],[74.844763971928842,13.216736426243729],[74.844276552125081,13.216807722423567],[74.844106177235716,13.216733258259167],[74.84390106152803,13.216431905528173],[74.843867722129687,13.216382896342406],[74.843856256211211,13.21633497385448],[74.84307856385567,13.213074612202202],[74.843070366025898,13.213047491318155],[74.843049727314707,13.212979224683986],[74.842517943290318,13.211213185117964],[74.842254156821795,13.210327580895909],[74.842359354274578,13.21053451639998],[74.842592138944426,13.210616258662602],[74.843590289967949,13.211663888172133],[74.843852084956907,13.21167479331549],[74.843886609756012,13.211571253806776],[74.843975480630831,13.211564251215666],[74.844059567942963,13.211312941604623],[74.844137451334873,13.211309937200179],[74.844171655095408,13.211109880105942],[74.844365279841668,13.210907236189696],[74.844204335303246,13.210810434624785],[74.844252979185171,13.210675958274992],[74.845011447676114,13.210283967142244],[74.845958967992075,13.209390084621736],[74.846020607102957,13.209334090516395],[74.846982854166839,13.208912231788618],[74.847285725132508,13.208817857551221],[74.847390535838926,13.208850922636246],[74.848084250300829,13.209069147589682],[74.848239261808857,13.209076167953839],[74.848471374794059,13.2084553233764],[74.84847288905722,13.208451265979905],[74.848774789079201,13.208271133533387],[74.848780854959855,13.208267511057882],[74.849475479728724,13.207683246877998],[74.849502289616368,13.207674608929826],[74.84950694098923,13.207670388797087],[74.850869711276587,13.20722667670085],[74.850982779925644,13.207188590252276],[74.851264717871729,13.207096091672767],[74.851554203835903,13.207004221997405],[74.85181065728807,13.206932054659584],[74.853123184823772,13.206582322135104],[74.853802599651047,13.206387320667519],[74.853830660432038,13.206383843557527],[74.853868218804251,13.206379169208148],[74.854934010199358,13.206093696407144],[74.856749306436527,13.205746087850516],[74.857713477780592,13.204541903194732],[74.859265172636697,13.202728745883469],[74.859452081239965,13.202341375262902],[74.859514534533616,13.202186198675152],[74.859533922992952,13.202137723154852],[74.859581074522382,13.20201946431364],[74.859992366949882,13.200971413677134],[74.860302358153135,13.200169062801695],[74.860615284969484,13.199355178398696],[74.860892383649812,13.198649334411057],[74.861306964178553,13.197538887632222],[74.861385765743591,13.19734140743682],[74.861535529754576,13.196996764542574],[74.862363443058129,13.195254823242017],[74.862097869077502,13.194553649867075],[74.862047546074919,13.194420821971258],[74.861519086502526,13.193024073005905],[74.861505369971752,13.192987771476878],[74.861399350677615,13.192707020485145],[74.861069245972132,13.19183081130978],[74.860896449050017,13.191722880526738],[74.860184519818006,13.191661010882976],[74.860102998824928,13.191661632824212],[74.860036530148349,13.191663285675389],[74.859970006438658,13.19166596300108],[74.859903476606519,13.191669665732279],[74.859845949125287,13.191673766721683],[74.859836948956925,13.191674393873472],[74.859770449321076,13.1916801619069],[74.85970399801414,13.19168694723731],[74.859637624555177,13.191694770678781],[74.859571346490256,13.191703610538832],[74.859505177650234,13.191713486718752],[74.859439151268361,13.191724380247452],[74.859373294095633,13.191736311033363],[74.859307618139951,13.191749259189574],[74.859275075664428,13.191756213131326],[74.859216103367174,13.19182891183914],[74.859034792361058,13.192124524594123],[74.858761191368515,13.192597990530276],[74.858739171760291,13.192636368568007],[74.858547333092318,13.192689995412296],[74.858396279282658,13.192882313172065],[74.857842916279012,13.19299447896586],[74.857573804865211,13.19304826926345],[74.857071064326888,13.193147932151668],[74.856935933926664,13.193186821106481],[74.856846394726162,13.193310744537678],[74.856632991169477,13.193622587964132],[74.85648785085651,13.193835593624199],[74.855400471393295,13.19459318958425],[74.855247222143419,13.194573779098793],[74.855211143047583,13.194569188603014],[74.854999163594726,13.194542069449254],[74.854942968230588,13.194534838858448],[74.854625414876097,13.194366200585382],[74.854149368193646,13.194113028746504],[74.853877479642279,13.193968068154469],[74.853855868761556,13.193967864125362],[74.853616501433095,13.193742844560653],[74.853546354657709,13.193744244950128],[74.853169242494744,13.193752321120527],[74.852807397967027,13.192878933663188],[74.852576302406007,13.192413866977169],[74.852497535047661,13.192174338610492],[74.852225725069005,13.191811599032027],[74.85220060257069,13.191778093629289],[74.852006088653368,13.191423785358813],[74.851989175318792,13.191380754726717],[74.851934315509155,13.191241204535418],[74.851428108544425,13.191491856010297],[74.85142032829053,13.191495711765926],[74.851363536290577,13.191363809433975],[74.851277726009329,13.19119330385505],[74.851282678338521,13.191188344174799],[74.851286073864742,13.191184791516866],[74.851286454341803,13.191184367641821],[74.85128939653039,13.191181162859111],[74.851292678618279,13.191177487156507],[74.8512958832236,13.191173748110971],[74.851299011265965,13.191169951148625],[74.851302080277051,13.191166100800906],[74.851305073640404,13.191162205196466],[74.851308000600511,13.191158238117259],[74.851310858370169,13.191154230306383],[74.851313639575793,13.191150166387194],[74.851316348823488,13.191146059926215],[74.851318987968284,13.191141895552153],[74.851321552381648,13.191137696773014],[74.851324032845838,13.191133445498304],[74.851326455197281,13.191129148072813],[74.85132877698527,13.191124802663413],[74.851331040652866,13.191120423762809],[74.851333223129515,13.191116009549118],[74.851335322575522,13.191111550074448],[74.851337351904988,13.191107055293102],[74.851339287131609,13.191102511627362],[74.851341147614249,13.191097954354401],[74.851342931528507,13.191093348207213],[74.851344627783575,13.191088720307016],[74.851346236390981,13.191084051664452],[74.851347781331526,13.191079364899831],[74.851349232159421,13.191074645527408],[74.851350595330345,13.191069900784958],[74.85135188376934,13.191065122541701],[74.851353078082568,13.191060333392761],[74.851354196731762,13.191055526114813],[74.851355229574622,13.191050685329632],[74.851356168299418,13.191045820979188],[74.851357031345387,13.191040962914638],[74.851357801202681,13.191036070434322],[74.851358491700111,13.191031167056884],[74.851359093612828,13.191026246447214],[74.851359608772384,13.191021332116993],[74.851360037200067,13.191016388800296],[74.851360377032677,13.19101144543219],[74.85136063011268,13.191006507439301],[74.85136080845372,13.191001547700925],[74.851360876058052,13.190996576142993],[74.851360879977577,13.190991616303418],[74.851360779612804,13.190986657307624],[74.851360602650786,13.19098169736314],[74.851360333401729,13.190976738269379],[74.851359983860164,13.190971784554563],[74.85135954018584,13.19096683168941],[74.851359009757843,13.190961886007967],[74.851346971729697,13.190925518003709],[74.851348413028077,13.190922822349682],[74.851385534367594,13.190818915074237],[74.851284572539555,13.190599777976649],[74.851068640281497,13.190532109198655],[74.850991102206621,13.19050772246654],[74.851324061109494,13.190219276563736],[74.851324380055686,13.190212243448505],[74.851303158818396,13.189937415187506],[74.851044432732579,13.189481708167376],[74.851047765651757,13.189374217615521],[74.850892069190621,13.189371086966808],[74.850597497021752,13.189196479967823],[74.850559775432657,13.189171746475475],[74.850526224573983,13.189093307144271],[74.85043144713849,13.188901846239725],[74.850393548113885,13.188873066979465],[74.850341849107963,13.188870912698235],[74.850298716095153,13.188902079806784],[74.850271140068841,13.188921995301261],[74.850222021726694,13.188952598261173],[74.850195889414906,13.188968863206666],[74.850137674218445,13.188978624069144],[74.850002118905934,13.189005059351349],[74.849999520771988,13.188975257180939],[74.84998952572937,13.188862536765571],[74.849988954786795,13.188818136573405],[74.849986651315703,13.188665283461406],[74.850147000362654,13.187366659854897],[74.850167930830509,13.187334516755261],[74.85020709522631,13.187274699615216],[74.850768234226578,13.187236432395766],[74.85082626251085,13.187178053056948],[74.851085252463122,13.186537327690559],[74.851118043321151,13.186457672752665],[74.851753529428763,13.186099499981742],[74.852557837171219,13.185608973677027],[74.853807609588799,13.184970387662894],[74.853929717924871,13.184908840354352],[74.854907566150075,13.184432166340837],[74.855382993062761,13.184195702510698],[74.856017827904338,13.183870259929121],[74.856591215579527,13.18357209083146],[74.856014601041181,13.182552328080815],[74.854963428431475,13.180705830982246],[74.854707561282368,13.180206180305602],[74.854457256285968,13.179698401446876],[74.854206951390381,13.179190622334019],[74.853962280205451,13.178715861485374],[74.853501421690211,13.17787927980029],[74.853464659573945,13.177817048659961]]]]}},
{"type":"Feature","properties":{"KGISTalukC":"1607","LGD_TalukC":7065,"KGISTalukN":"Hebri","KGISDistri":"16","SHAPE_STAr":449830317.08600003,"SHAPE_STLe":133677.14541699999},"geometry":{"type":"MultiPolygon","coordinates":[[[[75.038234554909067,13.569136137681266],[75.038084778734074,13.568861960615731],[75.038065412537165,13.568826508665319],[75.038020078881985,13.568605369562524],[75.038612938366697,13.567518360084835],[75.038929204245008,13.566633820856971],[75.038998507054487,13.566439992577473],[75.039047988007283,13.56630160127952],[75.038597921884772,13.565708542501712],[75.038567283293048,13.565668169687388],[75.038526672665114,13.564849152971194],[75.039202171849752,13.564497902206137],[75.039791281308325,13.564424512023233],[75.04003634795572,13.56451991357892],[75.040823948663331,13.564197962845906],[75.041658892391354,13.563856672880338],[75.042234636939327,13.563442570158193],[75.042464023929213,13.562986445010569],[75.04270260618118,13.562512103224959],[75.042884511482143,13.561553445483426],[75.04355941034008,13.560814244083717],[75.04413461232609,13.560873114386057],[75.044601927154147,13.560444949100621],[75.045657395193402,13.559068126145284],[75.04602551793964,13.558587917827968],[75.046049164937159,13.558557071026572],[75.045468271956679,13.557230385325465],[75.045444951007028,13.557177123073782],[75.045296213451536,13.55643701723163],[75.045156021947008,13.555738030566639],[75.045175440690713,13.554505555101548],[75.045587673101977,13.553900847321904],[75.04669987226363,13.554116295890056],[75.046954552776839,13.554076470088175],[75.047326429141393,13.554018374453843],[75.047978965156901,13.554274821362611],[75.048509782849152,13.554771142298621],[75.04949936902419,13.554643757133244],[75.049585423047986,13.55459744338936],[75.050189215881133,13.554469775484765],[75.05137484520337,13.553686383641637],[75.052492630865885,13.553231775602642],[75.052622717167679,13.553178868748265],[75.053020949989175,13.552498328172263],[75.053546550547324,13.551600123636971],[75.05415013279449,13.550568644348646],[75.054064075875957,13.550121464030394],[75.054022064616333,13.550014346899209],[75.053984646942141,13.549936362230188],[75.053542103845444,13.549014021014999],[75.053623493251763,13.548815163760654],[75.055562707733969,13.544077016323572],[75.055621005329186,13.543934572235266],[75.056078585555184,13.542816450378176],[75.056379312044641,13.542081621220611],[75.056384074499064,13.542069982669631],[75.056364745336978,13.542029192559754],[75.055995497105783,13.541249982251145],[75.055853502318342,13.540950353908579],[75.055550822033752,13.54031173894013],[75.055049076939383,13.539253117725762],[75.054783960636087,13.538693749494469],[75.053761019630016,13.536539271312169],[75.053716176518918,13.536444839198312],[75.053855151517652,13.536425053631394],[75.058540656499218,13.535757949245816],[75.060386564691868,13.532722949367827],[75.061455692988687,13.533966577043165],[75.061613334688687,13.534149990052192],[75.063028522652445,13.535785222025773],[75.064254281378211,13.536467302483327],[75.064906679621203,13.536830625862175],[75.065814826191115,13.537336468887267],[75.067253701791472,13.534940940776416],[75.067743544921868,13.534415397574129],[75.068095778415028,13.533440829631681],[75.06810509780955,13.533415034743831],[75.068351046154888,13.532734195710354],[75.068331872672076,13.532663698773815],[75.068299842573751,13.532545932022737],[75.067897869606867,13.531779335552768],[75.067891315592291,13.531766842632884],[75.06772002470538,13.531440341398756],[75.066493255701872,13.529201320490555],[75.066062095467842,13.528015142410249],[75.065872894772895,13.527495579751854],[75.065716324258148,13.527065652296214],[75.065112555471231,13.525578064985648],[75.063543394204245,13.522611341558875],[75.063478630311479,13.522489074776903],[75.061095422411853,13.52036991173282],[75.061273612944859,13.520329505892946],[75.06359353942976,13.519803436314424],[75.064763452797692,13.519538136193793],[75.064813584703089,13.519666179091811],[75.065260837870966,13.520809687906313],[75.066712069572503,13.524520024734054],[75.066721706087648,13.524518675761968],[75.066758481687458,13.524613497500011],[75.067719421041602,13.527090245317693],[75.06799247926395,13.527793525925704],[75.068326831312049,13.528654666858586],[75.068591366126185,13.529335983393063],[75.068923233749302,13.530190713069031],[75.068975234456374,13.530384009408753],[75.070692248319219,13.531349450626816],[75.070718447679781,13.531212641747329],[75.070916153221674,13.530180905133554],[75.070956972400339,13.529934536044191],[75.070979024022236,13.529801443794854],[75.07112556281551,13.528916989420976],[75.0713899630356,13.528740403231987],[75.071702386093662,13.52863383319322],[75.071754688904221,13.528579741418657],[75.0719314225326,13.528489786363522],[75.072168890333757,13.528369251488844],[75.072829760905009,13.528050548312567],[75.073280548381391,13.527854973889932],[75.073640079535323,13.527723656850119],[75.073808014677766,13.527663132246811],[75.073771338720405,13.52755734048595],[75.073755045396794,13.527510342316901],[75.0737537393412,13.527506574760018],[75.07358154542186,13.52722264180326],[75.073149674153399,13.526486426433552],[75.0731344224141,13.526466290891086],[75.072855835037473,13.526099334588462],[75.072913021543542,13.525964588915274],[75.073674023092565,13.524171455798895],[75.075706630125069,13.523102935691236],[75.076565466078691,13.522651447365504],[75.076605519404055,13.522630390879259],[75.076740020321054,13.52255968381469],[75.076991770904996,13.522434544654969],[75.0781929295933,13.521716237841323],[75.078343308026206,13.521626309080949],[75.078467125742122,13.521552264189864],[75.078447535824537,13.521534311335357],[75.077743421114718,13.520889038003567],[75.07761537284955,13.520771690051234],[75.075763150944553,13.518859282879612],[75.075526497831902,13.517895361926987],[75.075465481025347,13.51764683161643],[75.07522501629532,13.516667376674908],[75.073822418767378,13.515624911343551],[75.074024897421438,13.514674500186977],[75.074053995765937,13.514537915996504],[75.074672908683581,13.5147295539211],[75.075945910294308,13.515123716856266],[75.076166229658867,13.514964086946199],[75.076877444284378,13.514448781578229],[75.076900416657992,13.514432248738268],[75.077543592436172,13.514414050823289],[75.077788782499567,13.514229902510753],[75.077854373646119,13.514180640238758],[75.077468800162009,13.512784078070633],[75.077176531123328,13.511725457716315],[75.076868213233311,13.510608695925676],[75.077080231435644,13.509821825325705],[75.07710691567128,13.50972278983539],[75.077377289771491,13.508764599094574],[75.077407432840928,13.508657773417527],[75.077727041705032,13.507525087640955],[75.077836256821456,13.507138028497318],[75.078120372878914,13.506115781930159],[75.078954311131994,13.503115225748678],[75.078598783104852,13.502637099119854],[75.077316190558506,13.500907208050208],[75.07743153484877,13.500464169396036],[75.077792552003203,13.499077490172631],[75.077929918155391,13.498552237625789],[75.079023953031268,13.49826441893525],[75.078935650556801,13.497876766538999],[75.078555462947918,13.496207702831118],[75.078500628800086,13.496044830047763],[75.078492753073803,13.496021435409601],[75.078458956338835,13.495920932028971],[75.078390910578705,13.495718308618819],[75.078408279175463,13.49564377516684],[75.078627329460389,13.494703776000746],[75.078754091165223,13.494632937283459],[75.081321202808681,13.493803132978128],[75.081713574198957,13.493676298540111],[75.084281959761825,13.489745155411201],[75.08468514940057,13.490869055732331],[75.084874973596669,13.490950365620719],[75.085123485873254,13.491056813120885],[75.085639225094752,13.49127772337309],[75.085821986031078,13.491729441668895],[75.087222407375663,13.492271905508542],[75.088827863396972,13.492289286010088],[75.089034451826151,13.492266253344292],[75.089421144727339,13.492223141133749],[75.089931195698497,13.492053997869082],[75.090445733743053,13.491533439658237],[75.091284473686372,13.491374821445669],[75.091812163414673,13.491345489041937],[75.091756753507184,13.490939068827814],[75.091693670638733,13.490476370840225],[75.091931266220669,13.490205389294323],[75.092497071627321,13.489560075040311],[75.092476598971416,13.489390679391935],[75.0923609215168,13.488433538383571],[75.092664514857091,13.488209240139746],[75.093080412027959,13.487901968798822],[75.094380966438862,13.486941089466388],[75.094776320136987,13.486407187087758],[75.097060282621754,13.484548544897194],[75.097673367759484,13.484351310233892],[75.098046691975412,13.483580666801505],[75.098435750859935,13.483929424098775],[75.099815996298247,13.485166679987838],[75.101507086401696,13.486832358905181],[75.101653299541937,13.48694162820118],[75.10168670993211,13.4868690931358],[75.101767327469176,13.486655883216097],[75.101896010473538,13.486315551636526],[75.101872097295924,13.485806584961233],[75.102066150170899,13.485345244475969],[75.101940569884718,13.48475313658936],[75.102913606229038,13.484217508707355],[75.103135389629657,13.483623944004089],[75.103959927588619,13.483163317017167],[75.104104694269466,13.483020213203483],[75.104528886652943,13.482601071794438],[75.10507756495258,13.482007795853638],[75.105700341145166,13.481675466389708],[75.106253733404941,13.48119780967456],[75.106318247115752,13.480648925409842],[75.106591179442034,13.480350899119022],[75.10682736182676,13.479995699735927],[75.107337903325302,13.479783926927366],[75.107725781987526,13.479558861909076],[75.108297785941588,13.479226956495417],[75.108847894055799,13.478073880602274],[75.109053648474969,13.478050345411768],[75.10917886516836,13.477794445457743],[75.109091570417874,13.477390154052872],[75.109561353395605,13.476997715323693],[75.11010889302834,13.475239100269574],[75.110732614979653,13.474447195922457],[75.111533847023182,13.472188962488639],[75.111808062800051,13.472313494188883],[75.111957667733563,13.472449819938044],[75.11237816763942,13.472832995149998],[75.112671380970696,13.472707412758691],[75.112896969980142,13.472610793279811],[75.113188160699693,13.471615745973478],[75.113579952716194,13.470536421353632],[75.113656596239295,13.469990571252056],[75.113298497571307,13.469238611279019],[75.112685758082506,13.469116812942595],[75.11251068381253,13.468849256216101],[75.112368752665063,13.468268667526074],[75.111769345935087,13.467903071415616],[75.112282687240523,13.466749861653543],[75.112305818669213,13.466269232991378],[75.111997375403348,13.465627156911612],[75.111438021628658,13.463927699747853],[75.111269616811654,13.463418498786448],[75.111634407575565,13.463131261605598],[75.111718623475426,13.463064965300557],[75.111912070336814,13.463102804803079],[75.111928558806127,13.463109997002292],[75.112157187063801,13.463209724745417],[75.112242288903161,13.463078085867345],[75.11234295172838,13.462922378250143],[75.11242412548485,13.462714682036701],[75.114155763606519,13.461896927879701],[75.114560197256992,13.46147518393899],[75.114786242282165,13.460827456936505],[75.115555874891427,13.459885349240098],[75.11570645418324,13.459505689220784],[75.115521219544505,13.459025222725922],[75.115934926113809,13.45947648654788],[75.117548768714471,13.46123681766972],[75.119357869347482,13.461507299125316],[75.120669478478149,13.461761055914025],[75.121129933707849,13.462175635286837],[75.122892608418553,13.462408226027991],[75.123115793046068,13.462390211150286],[75.124059063414563,13.4623140710409],[75.124063934172,13.462333764730829],[75.124109246790994,13.462516976074891],[75.124238549652375,13.463039784603502],[75.124721963863294,13.46338446107942],[75.125394891772274,13.463956140374187],[75.125657384335256,13.463997016471724],[75.126416215534661,13.464115180642713],[75.126702514451708,13.464262844904193],[75.127008288430702,13.464420552303418],[75.127047859345225,13.464408539417075],[75.127456144262538,13.464284588862059],[75.12767409241485,13.46426090934842],[75.127945454785646,13.464316760846451],[75.128348165029635,13.464381515063037],[75.129563881504424,13.464316735013883],[75.129859389226198,13.463974285524399],[75.130136976076884,13.464019861120276],[75.130440618052802,13.464039965914118],[75.130626975690461,13.463776234403134],[75.130978308413603,13.463813654318217],[75.131433233709089,13.463324642573564],[75.131949895418416,13.463094896566133],[75.13243385003895,13.463064869237709],[75.132828610471293,13.462872283729837],[75.133069725181741,13.462754655194374],[75.133315260143192,13.462981912657058],[75.133358908961341,13.463022311607746],[75.133858652244939,13.463116240407844],[75.133867568794329,13.463117916637025],[75.134182051155875,13.462909573819982],[75.134413791198241,13.463184001641345],[75.134461393275075,13.463240371626489],[75.134905487836775,13.463244557277541],[75.135017030712348,13.463245608714333],[75.135103368647179,13.463328904026918],[75.1353297163257,13.463547273918628],[75.13541360560022,13.463629606522389],[75.135831029656629,13.463599256724585],[75.136145927103129,13.463576361138976],[75.137083548195264,13.463365989229512],[75.137597522929312,13.463023928749072],[75.137678028191928,13.462910062991334],[75.138891414875999,13.462852492984089],[75.139157186429131,13.462909438635906],[75.139597474439071,13.463003775922985],[75.140091276656108,13.463391721684562],[75.140197311790232,13.463060270747116],[75.140193926057961,13.463057702794602],[75.140452329885193,13.462250864737946],[75.140704542437248,13.461463870604657],[75.141326341239576,13.459528928335621],[75.141504835562898,13.458973475589607],[75.141623906076049,13.458605122870534],[75.142869021569268,13.458207359296301],[75.144571209677778,13.45762548330266],[75.145533396374418,13.457034254775499],[75.145628190420723,13.456976006852599],[75.145648185321875,13.456967521673473],[75.147470175094682,13.456194467119147],[75.148623423848704,13.45570125609715],[75.149452970610923,13.455346618522787],[75.15037583222815,13.454946622016156],[75.152156939152206,13.453818238290268],[75.152417334108421,13.453695297086009],[75.153071881321793,13.453386450102879],[75.154225668464662,13.453137167244547],[75.154821831523833,13.453008359727788],[75.15510409595646,13.45294908317195],[75.155596394036337,13.452845698956933],[75.155905614434374,13.452780758780984],[75.155883575264056,13.452739918116789],[75.155346876424105,13.451927921708492],[75.15533504869363,13.451909871401304],[75.154794450217665,13.451077608565395],[75.155278849970628,13.450430052865864],[75.155247362936464,13.450188368862326],[75.15500443589292,13.450074346932354],[75.154273113017254,13.450201889508698],[75.154804778677487,13.44832903560402],[75.15355119495338,13.446798158638913],[75.152395756438125,13.445314259546114],[75.151633470934485,13.444359483404716],[75.151885893616679,13.443039421187528],[75.151819005524246,13.442311667823002],[75.150558438165788,13.441273407655991],[75.149920063534253,13.440919866234385],[75.149219770870104,13.440762655425679],[75.148290004382417,13.440324428629619],[75.147812527023845,13.439711471445513],[75.147683702618409,13.43875702888424],[75.147968645178139,13.438480870118072],[75.148477110305123,13.437703262559921],[75.14889159865028,13.437048054747924],[75.148958003884232,13.436943084082593],[75.149499217849808,13.437017464375364],[75.149654034585481,13.437038740495032],[75.149622881935926,13.43646746951441],[75.15132578314595,13.434757709028652],[75.151702852711949,13.434311128596759],[75.152104365925638,13.433381911969091],[75.15222305084221,13.432845646902285],[75.152232734044418,13.432801893100272],[75.152522388025162,13.432605242329647],[75.152732190114733,13.432462803514513],[75.152826042968243,13.431395293278563],[75.150929836668226,13.431095523660073],[75.150708917097816,13.430478800665892],[75.150548682527401,13.429791703188801],[75.150538755930043,13.429749106823071],[75.150427090627616,13.429805442455324],[75.150067114281768,13.42998711784724],[75.149874368618455,13.429868084646342],[75.149071012199684,13.429371942411851],[75.148157005333928,13.428807458783107],[75.147958314858926,13.428684748234247],[75.147639562608617,13.428179422283259],[75.147636766825059,13.427518271637593],[75.147636109254577,13.427362858686697],[75.147532195641659,13.4264634098268],[75.14746669476196,13.425895974026462],[75.147434654787645,13.425618273856175],[75.147255165314178,13.424910020538714],[75.147154154002507,13.424511160901853],[75.147518642228718,13.424501457000964],[75.147737345678195,13.424495634039753],[75.148260578736497,13.424481968563207],[75.148408501026083,13.424478104525202],[75.148321346332651,13.424297831563983],[75.14858137775326,13.423770259332393],[75.148692706324397,13.423544324729868],[75.148385311954797,13.42230750218239],[75.148348532768807,13.422159372372507],[75.148331519739926,13.422090856423001],[75.148279135157267,13.421879831474874],[75.148266114198549,13.421843827804972],[75.147938107752552,13.421630520529934],[75.14779375227684,13.421542869557101],[75.145884257273224,13.420028163427396],[75.144520765731997,13.418946872177083],[75.143638072799817,13.417206135497945],[75.14240283804773,13.414767316155054],[75.14230602751816,13.414576061643084],[75.142177055845849,13.414321231827941],[75.142074806079108,13.414119200837471],[75.141824268095448,13.413375895549816],[75.141241103724866,13.411645726806769],[75.141455870216731,13.409002952547159],[75.141352259231809,13.408994050479722],[75.139761515367141,13.408857371580305],[75.139056117316883,13.408796759344916],[75.139124420090752,13.408643478262523],[75.140420071695061,13.40573580013019],[75.141149972246296,13.404095086022449],[75.141201244005117,13.399141050574736],[75.141205119218256,13.398766636531551],[75.14123703256314,13.395683037677827],[75.141164148557095,13.395745551545668],[75.141136111621108,13.395769599233166],[75.141161708300103,13.395519010615041],[75.141349932490797,13.393676310056293],[75.14143230122869,13.392887388309905],[75.141515366573685,13.392091766576575],[75.141627667694308,13.390999066019631],[75.14177557870849,13.389667814522936],[75.141784782962574,13.389567527141534],[75.141703151579492,13.389464395324943],[75.141580048846848,13.389308870533892],[75.141357751357475,13.38923162352085],[75.140798688640501,13.389170958958378],[75.139850291635526,13.38889048243904],[75.139147754039953,13.388604745468035],[75.138906637169285,13.388378737143398],[75.138663615391977,13.388407774683444],[75.138333317207085,13.388447239567485],[75.138307236403719,13.388091619999676],[75.138273905256725,13.387637132756081],[75.138203732677354,13.386813868707156],[75.138206494013019,13.386128525840485],[75.138147712683789,13.386072711074165],[75.138011861188389,13.385943717376371],[75.137781375150098,13.385209559584213],[75.137623293744838,13.384721968875443],[75.137492979389307,13.384433544005047],[75.137293979842525,13.384080781550104],[75.137314349554899,13.383956558340229],[75.137363577882667,13.383656334906494],[75.137363128994821,13.383558530492156],[75.137309805568336,13.38344163549832],[75.137248090168583,13.383306343715567],[75.137247751716814,13.383305607846006],[75.137206985445658,13.383216232956228],[75.137087785624217,13.38295492274082],[75.136914921210177,13.382691017415162],[75.136576703767886,13.382596878807208],[75.136276551835067,13.382513335036728],[75.136227166219342,13.382499590036867],[75.135656585111292,13.3822830920159],[75.135272766528601,13.381687556457974],[75.134922920443984,13.381294873491981],[75.134258738826929,13.381653411057391],[75.133337267069678,13.381757493193444],[75.132285175861995,13.381871268721586],[75.131490426394663,13.382205838884436],[75.130739008433366,13.38249549936263],[75.13026621900103,13.383100401380181],[75.129752363961629,13.383756620360305],[75.129286825015342,13.38386914678996],[75.128355268764011,13.384074141227979],[75.127416267778315,13.384284669056262],[75.127494914653397,13.384047332636346],[75.127668240990147,13.383524271924101],[75.127796660998399,13.383143806626586],[75.127763241247351,13.382163530380918],[75.127746430244216,13.381669678553125],[75.12734168693521,13.381341391190201],[75.12713073962405,13.381169980554082],[75.126949931930341,13.381019705752465],[75.126377772715443,13.380544165273273],[75.126229620615035,13.380572185800359],[75.125536604176034,13.380703258084925],[75.124919085814071,13.38079402977452],[75.124693810285194,13.380827144017127],[75.124345279453763,13.379993888453088],[75.12399092598919,13.379151511376238],[75.123875962078202,13.378906188692026],[75.123875561733456,13.378905335282635],[75.123953894313132,13.378391203949963],[75.123615906327316,13.377227678926085],[75.123463050448635,13.376641063382911],[75.123607749580799,13.376175520826019],[75.123724284121948,13.375800592610473],[75.124116545587086,13.375454943333246],[75.124337391741818,13.375260339374234],[75.124325873291284,13.375186916858798],[75.124186312591135,13.374297279546088],[75.124074843990257,13.373586713730894],[75.124226288839978,13.373420982011952],[75.124239004651614,13.373408940287497],[75.125384363162425,13.37232428499086],[75.125714989917498,13.372195862131477],[75.126668200907275,13.371732804698183],[75.126738518504965,13.371692930326788],[75.127061319116223,13.371516424677003],[75.127670361597723,13.371183400812761],[75.127524207204232,13.370928103475151],[75.127275043460955,13.370492869094514],[75.12669510804777,13.369484341591402],[75.126464002337897,13.369773476068032],[75.124950848964929,13.371515625547227],[75.124639343763278,13.366284784036411],[75.124527865721021,13.364706678974805],[75.122684331654355,13.363233746953581],[75.12253830512357,13.363114792903428],[75.119903862487931,13.360968726923506],[75.118316331589497,13.359675462579133],[75.11706917977348,13.358735216252365],[75.113833505279047,13.355859287124803],[75.109480957664928,13.356315061675229],[75.107474592312371,13.357722179406986],[75.106030115600987,13.358657347214411],[75.105327847874094,13.3591119962575],[75.102845237482043,13.359050726763256],[75.100542522287711,13.358991024476992],[75.099309984756587,13.358491729939219],[75.099013572241205,13.358370376017483],[75.097979694632855,13.357947030666638],[75.096414485402846,13.357326134448808],[75.094868559440883,13.358268205826723],[75.094473529472168,13.358508885462744],[75.092249487469175,13.35988339776493],[75.091483034943451,13.360357369223465],[75.09056419119996,13.36055890311645],[75.089984417506841,13.360690461375651],[75.089934458665127,13.360700922252366],[75.086741232625286,13.361369219150886],[75.086545805054101,13.359996916443166],[75.086431808326438,13.359018564507959],[75.086181043480636,13.357072485642536],[75.085930272599811,13.355126426102826],[75.085697921689842,13.353174627748873],[75.085322222885836,13.350262437596969],[75.085191367393747,13.349335351691746],[75.085185308267739,13.349292430969555],[75.085089006132335,13.348296933417439],[75.084476440543696,13.347963324053266],[75.083775465035174,13.347577117098336],[75.082751358762451,13.34701287372126],[75.081633087039009,13.346415573736746],[75.081539153637607,13.346364319630888],[75.080413355720424,13.345754451213047],[75.079992835041281,13.345534975323174],[75.079685979993684,13.345378044122027],[75.079062609134894,13.345058808764454],[75.077815570945319,13.344378944311639],[75.075105240146399,13.34295715907367],[75.074226560532622,13.342483794113942],[75.074109021572752,13.342420472436267],[75.074705676647596,13.341683689652424],[75.07518565964935,13.341078203266827],[75.075677626685319,13.340476578035688],[75.076197632527325,13.339873221724236],[75.076696311901742,13.339266582034787],[75.077211633730158,13.338663505345783],[75.077707970036769,13.338056995464148],[75.078180928876577,13.337451924129551],[75.078673310021912,13.336857151578693],[75.079154004091507,13.336263086112636],[75.079653396407153,13.335667871785279],[75.080157451258444,13.335072365627518],[75.080642813307222,13.334478004652157],[75.081091271380743,13.333910040470377],[75.081593369115311,13.333304313141159],[75.082090699192065,13.332713801213266],[75.082566697976176,13.332120000160776],[75.083054673146734,13.3315300563217],[75.083542650570763,13.330940110624931],[75.084030611777408,13.330350154034212],[75.084518577083628,13.329760192872707],[75.085006540025134,13.329170225334197],[75.085281990406685,13.328843133460206],[75.085503851533289,13.328579676784091],[75.086255905864334,13.327658764321683],[75.086972143779732,13.326775950596463],[75.087162048052235,13.326541878790623],[75.087397046332015,13.326259780281472],[75.087640655876172,13.325804386717895],[75.08763607354129,13.325736185407408],[75.088066690770873,13.324914715288187],[75.089510140244499,13.32216106298684],[75.089725533386698,13.321774052890857],[75.089779378567044,13.321677306441881],[75.089793923373577,13.32165988457659],[75.09069122011843,13.320585092879003],[75.091561518301205,13.319610581593068],[75.09179854709987,13.319345167903487],[75.092066720640389,13.319044854092965],[75.082948282711527,13.31981153973901],[75.079098017204601,13.320135173430943],[75.070725938255279,13.320838684439149],[75.068926340212926,13.3209898686966],[75.065495529190116,13.321278055650488],[75.063943533583867,13.321408407115644],[75.055212768020823,13.322141523524754],[75.054752448221578,13.322180167708687],[75.054638544791402,13.322187540169914],[75.053478314364838,13.322337217901296],[75.052551898595439,13.322786756913846],[75.052291376974395,13.322822309697031],[75.051931783845603,13.322871382928918],[75.051256643102661,13.322980636714727],[75.051033894371258,13.322933643475247],[75.050855906174746,13.322866059474245],[75.050240784083968,13.322632489718824],[75.049945958583095,13.322520540409023],[75.049314776942367,13.322280869686148],[75.04875073685902,13.322197454963057],[75.048529612670009,13.322164752667675],[75.048454781305821,13.32239105701451],[75.048081325422231,13.32241136057543],[75.047960576584956,13.322642778853407],[75.047886372821239,13.32264568374255],[75.047722231278442,13.322652108589971],[75.047665554478414,13.322601417106364],[75.047627848765643,13.322567692991967],[75.047274351362873,13.322522994223151],[75.047098075945144,13.322500704698724],[75.047029982742629,13.322406476516758],[75.047017438276086,13.322389163380777],[75.046924369599253,13.322388631719056],[75.046633117312723,13.322550661648307],[75.046268025462084,13.322724794514766],[75.046248900617215,13.322733916443411],[75.046168255689608,13.322772380680869],[75.045627242660885,13.323030419048008],[75.045533453687369,13.32298143283896],[75.045505465469702,13.322966188606394],[75.045428013073035,13.322924002996892],[75.045336419775239,13.322874114785533],[75.045307128587993,13.322858194385503],[75.045211223732309,13.322806067073813],[75.044984371543904,13.322886808855142],[75.044137490164985,13.322457845337798],[75.043623823752256,13.321766786006023],[75.04361615431317,13.3217564680359],[75.043527300784575,13.321635778723078],[75.043430550701245,13.321504361815908],[75.043275617475032,13.321396062872635],[75.043165691726784,13.321319222238522],[75.043055391117676,13.321242119387547],[75.042900184644836,13.321116587083109],[75.042842418957221,13.32106201094766],[75.042204052319093,13.321024851040454],[75.042053534160871,13.321016088521949],[75.042021112877876,13.321014201296295],[75.04188864626677,13.320972531883003],[75.041214823230646,13.320729092644617],[75.041192514730184,13.320717054381443],[75.041069274110441,13.320650551462119],[75.04017780410102,13.320643323543459],[75.039553714641443,13.320655323245555],[75.03952866884751,13.321049466650939],[75.039341010175434,13.321015713054436],[75.039340507853893,13.321015622707367],[75.039339526616743,13.321017434974243],[75.039317886096555,13.321013137718055],[75.039262374657056,13.321007040818555],[75.038198335444548,13.320890162553619],[75.038128250611322,13.320924760608918],[75.038090335842071,13.320943477922539],[75.037998967364061,13.32098858379381],[75.037974861258974,13.321000483699079],[75.037666945197742,13.320982094637952],[75.037480841876857,13.32079906873032],[75.036626311410544,13.320774574340687],[75.036282842205708,13.320764728452785],[75.035121540921779,13.32073143451635],[75.034986529829908,13.320727563074772],[75.034626273182383,13.320282524817383],[75.034636617242811,13.319903905292881],[75.034638842122817,13.319823161878809],[75.03461440164709,13.319769624624664],[75.034474547763651,13.319463266882803],[75.03422698996215,13.319380643863465],[75.0338653653764,13.319259950674743],[75.033734188297871,13.319298577761472],[75.033496938944481,13.319368437993583],[75.033239313732196,13.319444298555974],[75.032291629020662,13.319436739230733],[75.031998589920491,13.318914513678314],[75.031993911749012,13.319072548080682],[75.031985199795272,13.319366814447886],[75.031984921198827,13.319368763139796],[75.031984820135051,13.319379639460809],[75.031980662394773,13.319851650776322],[75.031832587649347,13.319970539251024],[75.031700735348224,13.320076520171391],[75.031436389691663,13.320282095173171],[75.031185161128789,13.320454262614664],[75.031028815249343,13.320574150827426],[75.030802635933611,13.320557096195479],[75.030703381491548,13.320644491225156],[75.030564647664619,13.320766704557951],[75.030413705494226,13.320899791062457],[75.029847666961729,13.321398868037392],[75.029740867884129,13.321493031876782],[75.029535913063995,13.321673754584385],[75.029439779343633,13.321697957121151],[75.029212792711277,13.321755480911795],[75.029081621175294,13.321842525410176],[75.028906162495943,13.321829774737488],[75.028534481775196,13.322066116923162],[75.028643880798398,13.322340569475347],[75.028559080279109,13.322555330911422],[75.028696139171061,13.32267488338608],[75.028821188766429,13.322543590366195],[75.028828255319794,13.322536187382401],[75.028908778676836,13.322602267970845],[75.028907924970255,13.322629016654808],[75.02889314743426,13.323095823259646],[75.029047200526037,13.323254823269117],[75.029016733218853,13.323550153521548],[75.03004408116584,13.323829875523844],[75.029986737257602,13.324272873786546],[75.03009304186196,13.324427296950876],[75.030493693642782,13.324412734140957],[75.030377691514204,13.324894432312711],[75.030281397019522,13.324897616826183],[75.029762118711261,13.324912504299048],[75.029698809964401,13.324984647251604],[75.029554917543692,13.324981675502752],[75.028790416433182,13.325836253967752],[75.028372069659298,13.326328563190215],[75.02723550933986,13.327670273408822],[75.026619784071102,13.328412348801926],[75.025640487076174,13.32958343783201],[75.025078336257408,13.330276914184982],[75.024698585642227,13.331210201738818],[75.024163492649564,13.332530075050544],[75.023461767326907,13.334438579265425],[75.023421859381315,13.33456286371505],[75.023259100663665,13.335071161955407],[75.023094649521198,13.335063416723315],[75.022960245205198,13.335632048119351],[75.022824516524892,13.336057763145698],[75.022822737624097,13.336063315388383],[75.022682883473522,13.336121735118635],[75.022485040928473,13.337362646752423],[75.021827425559081,13.341739265074358],[75.021827445033281,13.341935612487671],[75.024224414747835,13.34772901339624],[75.024665146136314,13.348793611537575],[75.024992223807857,13.349580655104775],[75.025285177275208,13.350212799579836],[75.025405722643427,13.350595463023096],[75.025609188431162,13.351254898962591],[75.025768571471914,13.351784756095748],[75.026106516412597,13.352876947655611],[75.026149332371944,13.353114922902153],[75.026156738125692,13.353349873472775],[75.026156987428593,13.353358105709287],[75.026106413057832,13.353496332271932],[75.026019056920859,13.353734914094574],[75.02396534615454,13.353259784920954],[75.023498594898598,13.353345666976848],[75.021437584170201,13.35373161316725],[75.020259238731484,13.353964341169219],[75.019613396093177,13.354127276666143],[75.015756899001858,13.35489278906379],[75.014399392976458,13.355106745902367],[75.014364327493794,13.355111456305496],[75.012940141716527,13.354900376085535],[75.012893223094622,13.354901650752879],[75.012679714574233,13.354899148627837],[75.012595384529973,13.354899804796535],[75.012322920809098,13.35490155706306],[75.011999956127013,13.35490209612618],[75.011740021768958,13.354759680408618],[75.011437331906478,13.354592357072207],[75.010406876498493,13.354222126930718],[75.010328745859496,13.354001487591331],[75.009990133893979,13.353282483009481],[75.009473912045181,13.352912759928939],[75.009133203951308,13.352729062033657],[75.008782360124286,13.352541183695509],[75.00843318833715,13.352353395237488],[75.006742616073495,13.35199275715085],[75.0054946298837,13.350540008744863],[75.00543273452837,13.350469167751092],[75.003892340427512,13.350219535296734],[75.003744313857197,13.350221754740886],[75.002863886719865,13.349776179494453],[75.002781138816914,13.349806364183275],[75.002744794044759,13.349819762808345],[75.002609857457827,13.349870075636469],[75.002195182286997,13.352102891436861],[75.001438887313924,13.353663758944872],[75.00167289648256,13.354011921454999],[75.001792998724682,13.354191322287171],[75.001701997517188,13.354305831298243],[75.001524392448374,13.354529137970465],[75.001151326729612,13.354998028033183],[75.000498549455742,13.355033822955967],[75.00023017932682,13.355050697489567],[74.999510113822083,13.356387696322166],[74.99925420499477,13.35689874873931],[74.99821701005078,13.358964286693672],[74.998061063990306,13.359274725998455],[74.997224890250962,13.361466874423051],[74.997124804272644,13.361730070447745],[74.996413390527124,13.363490256991255],[74.994799490376806,13.364147723481359],[74.995621359212791,13.364789863119926],[74.996838784884645,13.365769538616449],[74.997200148226653,13.366048449387538],[74.998294112297884,13.366726825293149],[74.998295082003125,13.366727329868878],[74.99874859202464,13.369533216165282],[74.998763797019464,13.36957540291715],[74.998792110561695,13.369663770460782],[74.998720686110389,13.369735462322062],[74.998267520356407,13.370184769333989],[74.99803518128077,13.370413028164288],[74.997127868657401,13.371157426098055],[74.996338263085022,13.371998319926293],[74.995282160243832,13.373497142592996],[74.995237278565071,13.373567406139042],[74.992980540956822,13.376789946236171],[74.992916497820886,13.377010803611636],[74.992196272886517,13.37726888381245],[74.991994465244218,13.377343784265699],[74.990663408904993,13.377866544203062],[74.989013697265079,13.378551118911933],[74.988667047795843,13.378699479369921],[74.987866846368505,13.379046197590869],[74.9863653393964,13.379721922117641],[74.986362553771514,13.379723746733674],[74.984767547712778,13.380781076027496],[74.98285778282802,13.382104174044507],[74.982253863379327,13.382534534779021],[74.980177507789946,13.384058156612406],[74.980093233685366,13.384119144904455],[74.975285760831568,13.384891026861737],[74.973585097724211,13.38501000989228],[74.973246794507261,13.385034284025636],[74.971050623370971,13.382322637660339],[74.968226694736799,13.379255408776494],[74.96791594623663,13.379345594190912],[74.967409473220897,13.379497910056418],[74.966807833375,13.380320796745151],[74.965966249716018,13.381421015061143],[74.965866669070124,13.383115219660986],[74.966160870030492,13.383365813615422],[74.966282296441619,13.384929522637314],[74.962130812591397,13.383594673354425],[74.956662516110626,13.381782072600561],[74.956391340453337,13.381934320653981],[74.956195255755389,13.381878692901687],[74.955846633262126,13.381390475841235],[74.955551257504339,13.381568818886441],[74.955382778977707,13.383908298446347],[74.954885379592767,13.384318550848191],[74.953424575247354,13.384561828787588],[74.954416048917551,13.39134391253355],[74.95464782322955,13.393091642274074],[74.954659185678821,13.393407766108172],[74.954700190304479,13.394849901029888],[74.954718796231631,13.395540585503886],[74.954942041801075,13.396054372291488],[74.954944254276953,13.396593480852397],[74.954966401365212,13.397269253064447],[74.955031979425684,13.397538014935728],[74.955069871981692,13.39774788301013],[74.955076374276487,13.397783813373904],[74.955157802899564,13.398234651945351],[74.955612356379504,13.399960577348466],[74.955696043458559,13.400102324938178],[74.9546447351794,13.400227595732582],[74.954520719214813,13.40024172935666],[74.954580494746281,13.400286169200617],[74.954777665222721,13.400431750668201],[74.954370937625256,13.400810136736846],[74.954347165006453,13.401066533302041],[74.953262247027936,13.400962805322115],[74.952848436720515,13.401173054443765],[74.952124802418751,13.400998359577347],[74.951587790803217,13.402013043100759],[74.951264274855319,13.402035738855991],[74.950642974521585,13.402550958029737],[74.950425558754006,13.40304202969495],[74.949981314711948,13.40405730380119],[74.949840075519987,13.404722020878511],[74.949780956973456,13.405000175921646],[74.949702274400579,13.405368979195911],[74.949610270394558,13.405799244772853],[74.949597870838844,13.405857191598839],[74.949423940385415,13.40663667643404],[74.949358905074149,13.406939431877992],[74.949354609495359,13.40699890215252],[74.949321335712895,13.407112887017542],[74.949045639145098,13.408359954789896],[74.94898097508009,13.408606052137364],[74.948290356615459,13.411402071558355],[74.948113205390655,13.411470601178433],[74.94810619873229,13.411498176416082],[74.948037205590921,13.411523737808372],[74.946356952024999,13.412126037472605],[74.94614002829114,13.412200440241424],[74.946135042675891,13.412202138248379],[74.94596852757391,13.412258611458375],[74.945369696333628,13.412881843595459],[74.945351622938134,13.412923282910013],[74.945255350244523,13.413144276915311],[74.945064914152965,13.413752635868152],[74.945008168389677,13.4137419543533],[74.944504290049821,13.413647169873919],[74.944313195176832,13.413801187116682],[74.944203985425091,13.413810444129835],[74.943928484954697,13.413833788455678],[74.943933326889322,13.414272640826328],[74.943204974307548,13.414965499867813],[74.943199282785741,13.414971598603097],[74.943169893837748,13.415003066840628],[74.943130001460332,13.4150456657348],[74.943086210971217,13.415092253258807],[74.943034737301318,13.415145369475981],[74.942982793414473,13.415198581425711],[74.942975113633722,13.415206416755282],[74.942292404836095,13.415871935510461],[74.941986926232673,13.416041514794815],[74.941644268009156,13.416338887040883],[74.941552740234243,13.416373106778634],[74.941487426319199,13.416397525157281],[74.940441670186502,13.416904912756245],[74.940427323065208,13.416911816871748],[74.939806234470538,13.417291215886261],[74.93941028793607,13.416993975474862],[74.939163150668548,13.416519263176992],[74.938554011554785,13.416527082808427],[74.938461878667042,13.416632185696303],[74.938236255591704,13.416889938938226],[74.938304107131415,13.416968031397392],[74.938377910360558,13.417053000242436],[74.938451930652903,13.417138219593461],[74.938494290561025,13.41765095400222],[74.938511347299311,13.417857376659249],[74.938510822104874,13.417863042509991],[74.938440549841559,13.418358937753808],[74.93840343703242,13.418606047097974],[74.938254626192517,13.418627169062702],[74.938213022981998,13.418866717812964],[74.938074836181883,13.418886315912975],[74.938039570661743,13.419168351978472],[74.937934294298955,13.41937175152491],[74.937804237344153,13.419623154717351],[74.937537122717373,13.420100310336773],[74.937024505155975,13.421018028691766],[74.93680148344707,13.421412698717441],[74.936322862685685,13.42225913908012],[74.935968208376195,13.422888601097441],[74.935792416359135,13.423199468019991],[74.935637327920745,13.423496231219392],[74.935711038216169,13.423663587109624],[74.935627678819685,13.423817252496587],[74.936298002965003,13.425236738777476],[74.936333827427646,13.425312616374811],[74.936115252042768,13.425753210455763],[74.935734839927846,13.426519795386691],[74.936279679803278,13.427073473911998],[74.936699546439414,13.427485024745305],[74.937332345670114,13.428125886452362],[74.937330736565286,13.428157557997192],[74.937307213476302,13.428617801759403],[74.937644094431661,13.429002727563304],[74.936491524788991,13.429614815216043],[74.935323495873817,13.430101363250087],[74.935054651804762,13.430177380550756],[74.934820932250034,13.430243050380337],[74.934418604741694,13.431307294339984],[74.934405807616059,13.431338000832408],[74.934447573736179,13.431398287482256],[74.934550095989024,13.431546759710715],[74.9348099979469,13.431938616487679],[74.935240652770972,13.43308753542953],[74.935520022357892,13.43376737174335],[74.935659009087288,13.433846611513298],[74.937394648180415,13.434912652840703],[74.937384314064815,13.434914885555013],[74.936233874091272,13.437255388758063],[74.936194351620458,13.437547000770589],[74.935614314196769,13.437649805451789],[74.934702052398194,13.437958936523618],[74.933128003315716,13.43870779324725],[74.933117847501222,13.43871260924648],[74.933148887237692,13.438939936228515],[74.933200390762963,13.438955370805061],[74.933224049129564,13.439036716192494],[74.933368343751297,13.439078442591077],[74.939801037966021,13.440843582885982],[74.940182353615995,13.440940214040758],[74.94321314093979,13.443650143723032],[74.94327856791152,13.443705975395362],[74.944569051839821,13.444432976948969],[74.945879595272814,13.44516842992631],[74.945964295342236,13.44521593427806],[74.946008448022141,13.445240690083992],[74.946043080629082,13.44569077024668],[74.946181198647238,13.446003983282964],[74.945990099517473,13.446223806461575],[74.946362952683089,13.44704768570644],[74.946688254511798,13.447763138658466],[74.945818468406074,13.448370437433971],[74.945879575487211,13.448475801734773],[74.946117229606287,13.448769897892998],[74.946178236890304,13.449766221129478],[74.946211032872469,13.450001056441636],[74.946296731738869,13.450180370977094],[74.94782546297921,13.453429978420749],[74.947937908630621,13.453654642790644],[74.948557686820379,13.453661309728044],[74.948667542033292,13.453650729053987],[74.949688135795469,13.453462739484598],[74.949764520047538,13.453448618772857],[74.949618338684004,13.454369642284842],[74.949642349143403,13.454669890699183],[74.949700408323636,13.455707475227303],[74.94997688133472,13.455784243293088],[74.950543277857179,13.45590063862948],[74.950699855515396,13.456023809558399],[74.950990558235006,13.45612107116683],[74.952085016192584,13.456931053487825],[74.952408274754831,13.457170995928932],[74.952663711779024,13.457360607005125],[74.952742165344901,13.45741874986286],[74.952701007766848,13.457643251130055],[74.95263301228141,13.458037136628612],[74.952096007122506,13.458029952930445],[74.951986538036095,13.458295795516225],[74.951854302950224,13.458323029429321],[74.951322029583409,13.458433368023154],[74.950829742123801,13.457851877319994],[74.950576169710786,13.457719764415408],[74.950376412970542,13.457751849083289],[74.950190069912395,13.457627869110178],[74.95000377863613,13.457789571581747],[74.950348167588771,13.458346259501173],[74.949862114629269,13.45873519744007],[74.949789679543443,13.459009386221364],[74.948787568527223,13.459406792496486],[74.948248063047188,13.459606746728083],[74.948196124812213,13.459637277608143],[74.948209272213745,13.45966936904111],[74.948161924665385,13.459657378121532],[74.947928875094789,13.459794312222591],[74.947905157150004,13.460020333569638],[74.947466976873827,13.459878118682914],[74.94728030993582,13.460245637340833],[74.94716193468669,13.460477812889444],[74.94684568105184,13.461451690977173],[74.946759650628522,13.461707633826235],[74.945867451483139,13.462186717887324],[74.945119777529285,13.462420136039542],[74.94500813416434,13.462454805477067],[74.94465857811818,13.462621111409611],[74.944626469326721,13.462675781841876],[74.94426627376636,13.463461968459294],[74.9439042870017,13.464375796408977],[74.943784493923872,13.464567889585989],[74.943824886479533,13.465041800042314],[74.943702020758067,13.465112456877929],[74.943724545179705,13.465256710555877],[74.943547658235516,13.46536347954097],[74.943497791527463,13.465393533361597],[74.943147726751818,13.465461538169174],[74.942772327628347,13.465800148142426],[74.942275318852566,13.466202816635466],[74.942169898275097,13.466477550646481],[74.942138771640671,13.466558324517697],[74.942125166741221,13.466667108487581],[74.942099653357928,13.466868699826685],[74.941941322856053,13.467057313635758],[74.942037803440712,13.467288349787156],[74.941942048426156,13.467404770065619],[74.941378889326231,13.468094007066354],[74.941254088843465,13.468473717270534],[74.940945617598175,13.468406034194981],[74.940851026047312,13.469028930752188],[74.940330674959171,13.469016384431789],[74.940220960922218,13.469012939437405],[74.940500016299154,13.467965156406251],[74.940545556613571,13.467795308750995],[74.940068704189471,13.467627783947432],[74.940050485218293,13.467621347756699],[74.938109291202338,13.467522114599296],[74.937939047137689,13.467512780673808],[74.936107356701427,13.467413126848308],[74.933364594113883,13.46736069141771],[74.933376491198274,13.467371375431769],[74.933798393436177,13.467749253164532],[74.929490538651763,13.471891052774319],[74.927959050265699,13.473401251363063],[74.925593240829329,13.475753338969477],[74.925256867404428,13.476918949329853],[74.925173946644748,13.477277454722364],[74.925100043785534,13.478219510440201],[74.9250709204955,13.478593751957627],[74.925230588328944,13.47857793469618],[74.925216230193357,13.478752689624798],[74.924480237610908,13.47884522967899],[74.924303443332079,13.478936423029159],[74.924548396398862,13.479171912152829],[74.924673664431268,13.479195136200282],[74.924692659284602,13.479227432203389],[74.924871167415446,13.479231437177887],[74.925053282480903,13.47944670363426],[74.925121779058514,13.479706407393351],[74.924569329982091,13.47994585948099],[74.924200263370878,13.480081173235929],[74.924053246382414,13.480327999998433],[74.92064011017392,13.486082297638937],[74.923815189460996,13.488458552322113],[74.924198430163813,13.488578731957531],[74.923691065602327,13.488783416708721],[74.922142880041548,13.489409908909074],[74.920814843197391,13.490597089317028],[74.918997298220944,13.491548293777983],[74.917887563585978,13.491672806323754],[74.917014174751415,13.492268235160896],[74.914698968876678,13.493225599010847],[74.914362302620248,13.493361539287031],[74.913930353630789,13.493437166462751],[74.911879319451984,13.493793945991456],[74.910387686586049,13.493159782612082],[74.908611809086551,13.493729543983248],[74.908313072692479,13.494482265477085],[74.907254660403311,13.496021943414274],[74.906887040869677,13.497327299031816],[74.906951594530213,13.499612635883153],[74.906528346584892,13.500804348242507],[74.904325971311337,13.501983030932051],[74.90150180405611,13.502907295450742],[74.900655010664892,13.503330246406314],[74.899863533111926,13.504051749683267],[74.898701798378951,13.504509113365428],[74.896581244551498,13.505148669155693],[74.896134248839246,13.505282919651167],[74.896025604858693,13.505315535573491],[74.895806063344111,13.50538215886078],[74.895687002655791,13.505418274215312],[74.895641094615158,13.505534579463603],[74.894773153772988,13.506185601016732],[74.894216523031972,13.506747862999026],[74.893903284273676,13.507194247917075],[74.89392146046201,13.507259608246432],[74.893893140520433,13.507347427261125],[74.893828605315434,13.507406088366169],[74.893843288733791,13.507502298793737],[74.893862244982017,13.507625860501898],[74.894028451697409,13.508677069784508],[74.894112469414864,13.509196582463181],[74.895127581236281,13.510120038913337],[74.896545775576328,13.511417096722759],[74.898386783655283,13.51307077912284],[74.898815711084126,13.513547658570481],[74.899329993658839,13.514116215705267],[74.90027693685883,13.515139564274882],[74.901210678029457,13.516156294079398],[74.901308013449068,13.516260498383398],[74.901835799040512,13.516826098802618],[74.901858290215088,13.51685023619226],[74.902371595533225,13.517175781019413],[74.902827898827411,13.517503105733292],[74.90445969470575,13.518301786714527],[74.90465020614073,13.518303337725994],[74.904754203111167,13.518358593427394],[74.906298933105518,13.51831227068875],[74.908060460214259,13.518260644222247],[74.908326900005832,13.518253420288717],[74.909939986943101,13.518138685750063],[74.912196891301988,13.51798274886311],[74.912337350462892,13.518020894341328],[74.913553280359253,13.518336364716186],[74.913751680808105,13.518418295225011],[74.914607296168853,13.518734245627234],[74.91525906863771,13.518975094507422],[74.915585558988568,13.519873435575692],[74.915648111494633,13.520081277653652],[74.915693475253278,13.520171500214037],[74.91588789208906,13.520709620056564],[74.916061411383183,13.521190484773298],[74.916494545807481,13.521949743872137],[74.917575097470689,13.523151378323858],[74.91783215796309,13.523648266937066],[74.917760670187718,13.523676927572824],[74.917848524865747,13.523795080989972],[74.917843134606329,13.524689729888685],[74.917695163917713,13.525453593272481],[74.917670350302586,13.525581432900392],[74.915860459846414,13.533152614340413],[74.915504233377916,13.534803207798307],[74.915133898992949,13.536510974880404],[74.914873908591318,13.537833106306826],[74.914577322208615,13.538745008839346],[74.914486014683533,13.540039691298682],[74.914306322703936,13.540583751709745],[74.914274316750152,13.540679439282311],[74.913840859931852,13.541281948607519],[74.913524585833201,13.541721514320768],[74.913095739151174,13.54234868229293],[74.912963605311504,13.542524996909821],[74.91286997140908,13.54263393967023],[74.912747095548539,13.542813871608733],[74.912695899541603,13.542888809172261],[74.912177526942813,13.544095338235664],[74.912013313895059,13.544440154657877],[74.911904739228248,13.544698885968014],[74.912057826322936,13.54473811390505],[74.9121389330234,13.544756935073989],[74.912157630173866,13.544761134567526],[74.912247203178353,13.544781140506936],[74.912509926489989,13.544839768943023],[74.912517253059704,13.544841408166661],[74.912785080281125,13.544901846564063],[74.913858782814501,13.545204091244727],[74.915324865256494,13.545096016352216],[74.91633666783396,13.545004567433507],[74.9165546350944,13.545424758303824],[74.916692880831789,13.545686110321522],[74.916946891145869,13.546689408731721],[74.917381109901072,13.547360793011354],[74.917472605539515,13.547368114958909],[74.917581977062952,13.547376772892147],[74.917717756522677,13.54721586792617],[74.9179031113147,13.547304898064784],[74.918431757192664,13.546740597884037],[74.91860142201007,13.546401142043196],[74.918798280875919,13.546330425476592],[74.918885773454676,13.546122076286107],[74.919626046858241,13.545720992687409],[74.91972552371071,13.545708358160281],[74.919795890902947,13.545589644199742],[74.920454854719196,13.545239850817332],[74.920861949736818,13.545239363309962],[74.920977994225098,13.545309470779696],[74.921137914598361,13.545406120404529],[74.921315661540788,13.545513569358206],[74.921357109976569,13.545538627823882],[74.922138997649981,13.545458604733438],[74.922608915429038,13.545410527012464],[74.923128620566104,13.545460249209693],[74.923442014542672,13.545380900417237],[74.923615516900639,13.545337002365164],[74.9245512695678,13.545631814845953],[74.925112985991291,13.545462724986773],[74.925444804420337,13.545362876633845],[74.926001381262566,13.544636759800385],[74.926221000518211,13.543550534971448],[74.926252674985179,13.543547649866364],[74.926365687824941,13.542999127794008],[74.926553627811359,13.542964031021562],[74.926697789271472,13.542937052138168],[74.927128349247553,13.542856159638994],[74.927412449644237,13.542895156816403],[74.927519453585219,13.542909762273187],[74.933058765285622,13.543680478332915],[74.933960281960992,13.543808637117499],[74.935797282590627,13.544073457071921],[74.936346606085053,13.544153802039146],[74.93605090202675,13.54358882984919],[74.933685903517301,13.540541423345497],[74.93365680231814,13.540534959405589],[74.933329466211845,13.540110212966322],[74.933114513846078,13.539832468372918],[74.932413804053212,13.539615864536428],[74.932027226103614,13.539500186160808],[74.931576576414088,13.539367075048682],[74.93116483743573,13.539247369142441],[74.931013905340691,13.539203565402607],[74.930221254932732,13.538981427799907],[74.92999462271753,13.538921575693372],[74.929717281259755,13.538851951561981],[74.929729383266107,13.538755269858044],[74.929766602314771,13.538458956851633],[74.929771101580698,13.538423234584183],[74.929427985193328,13.536654111055677],[74.929207892779331,13.535760322975332],[74.928990971514949,13.534961408594437],[74.92879016087025,13.534212493621704],[74.92741105349613,13.532484755921471],[74.92688471110111,13.53182129148021],[74.926788635926656,13.53170031856377],[74.926662537094302,13.531541620335213],[74.926269841660044,13.529412525276728],[74.925925664610631,13.527943328033883],[74.925909455301365,13.5278737126196],[74.925825594201669,13.527512850638017],[74.925704070525427,13.526985612914585],[74.926269689135609,13.526697117085241],[74.926363248641678,13.526347985615145],[74.926365402607786,13.526339648309271],[74.926916916644927,13.526214336624834],[74.926976813339181,13.526155884537969],[74.927123655026506,13.52601267499155],[74.927176412652727,13.525960222177048],[74.927769983323373,13.524116515685273],[74.928133972288819,13.523425459238791],[74.928231025591074,13.523212238856665],[74.928923039575963,13.522389951270926],[74.92922316019957,13.521585479501626],[74.929229600890253,13.521568245714732],[74.92967351513407,13.521095943675631],[74.929853104901696,13.520990442782884],[74.930283503391721,13.520740780013556],[74.930484188009274,13.520640024529705],[74.93283720794733,13.522498186069507],[74.933283552349735,13.522867885762011],[74.934841484247585,13.524095789248435],[74.936565624515382,13.525359273305488],[74.93780675583325,13.526288219409112],[74.939838122946171,13.527815363756403],[74.939828554383695,13.528168424989737],[74.940770642246406,13.529544875431354],[74.941788398247482,13.530989868985669],[74.943106411080294,13.531078947015914],[74.944975640295851,13.531184276856635],[74.946596526658141,13.53187398408455],[74.947259592680609,13.53328827465122],[74.947299120266038,13.533372713980144],[74.947606939093234,13.534112867552379],[74.947858319272612,13.534718005992145],[74.948228862373895,13.53592600317441],[74.948129549526513,13.536653464572627],[74.948079861367418,13.536744747472214],[74.947539669896088,13.537553895554993],[74.947258627140272,13.537975379153316],[74.946956381856296,13.538428884959082],[74.946767125056567,13.538712798391522],[74.946199840717284,13.539565168136761],[74.946030320284706,13.539819825145603],[74.946115717654692,13.54038297278435],[74.946304821015758,13.540359902159549],[74.946423017202093,13.540344881971885],[74.946528576466847,13.540331465849206],[74.946644253193995,13.540316759691327],[74.946775953498801,13.540302674481275],[74.946940676133522,13.540285052519767],[74.947067796883573,13.540401124204193],[74.947090865081222,13.540809950928811],[74.947261973373429,13.54140471196815],[74.948391832606632,13.541846654627763],[74.949177960955907,13.541875912926137],[74.949962582246499,13.54300118468651],[74.950431718787513,13.543222165938223],[74.950534628316859,13.543764090367114],[74.950342767885118,13.544868278851856],[74.950151113271787,13.545002323064779],[74.949874500377788,13.545195887508408],[74.948894979164251,13.545533848752271],[74.94889961554864,13.545769536145428],[74.948905890258658,13.546088990175393],[74.949228974574524,13.546775970792284],[74.949023976535784,13.548632982223015],[74.948848999792872,13.549060060688356],[74.949239558611495,13.54963479719831],[74.949929281408416,13.550200515596767],[74.951003407341133,13.550661367944922],[74.95176629391527,13.550707488407159],[74.95269612157216,13.551995047011271],[74.952671655990017,13.552690897032049],[74.952813725914069,13.552955315072246],[74.952972715832701,13.553250534360565],[74.953007451179516,13.553376087206052],[74.953059859586944,13.553565154826009],[74.95330620891437,13.553573845438304],[74.953334417805962,13.553796988081787],[74.953350858987235,13.553926424751925],[74.953059985972757,13.554126792434159],[74.953278900402609,13.554518832556347],[74.953448546181278,13.554821571287837],[74.953421221134462,13.554880690315333],[74.953150713469512,13.55546533880379],[74.95313801199643,13.555575612944788],[74.953111090764509,13.555808751463587],[74.953233666144214,13.556038276659462],[74.953686962094238,13.55670594833563],[74.953687341129964,13.556791391092156],[74.95383772376826,13.55695498453669],[74.9539186192453,13.557547570682495],[74.953727051806425,13.558015093688505],[74.953895724765474,13.558206690915419],[74.954111340151258,13.559286698079971],[74.954645869171827,13.56020132575159],[74.955259263792712,13.560679752344043],[74.954989574004429,13.56136662698462],[74.954907096313704,13.562212616625864],[74.954925544199156,13.563299940296938],[74.954617281538248,13.564250786027722],[74.954497142446897,13.564988192902288],[74.954450516984338,13.56550456108784],[74.954034967901677,13.565769356896181],[74.953157763384269,13.566330045131091],[74.953175186264104,13.566538264825653],[74.953217322354746,13.56704293954467],[74.954451829283883,13.568283998146608],[74.95451853140591,13.568732657236318],[74.955008967668533,13.569062326586637],[74.955551793559096,13.568993206748035],[74.955952597780637,13.569553634311992],[74.955981587250406,13.57038455992406],[74.95577418952459,13.57043092026006],[74.954881240977002,13.571500582303317],[74.954290476766602,13.572188299727445],[74.954010344901249,13.5722790628813],[74.953269233537171,13.572549321880018],[74.953072714482843,13.572548876293482],[74.952887378076824,13.572870733975703],[74.95282297487239,13.572880445003152],[74.952586579566812,13.572916025992546],[74.952233342528686,13.572969055064377],[74.952109512009827,13.57336924476842],[74.952091333555543,13.573427922237212],[74.952115979833891,13.574077585085666],[74.952426939330266,13.574319217020896],[74.952434388933455,13.574516564975648],[74.952793212034663,13.57476307665825],[74.95290649439103,13.574931204486003],[74.953136028592368,13.57527188855696],[74.953082901892117,13.57551536436522],[74.953322304331181,13.575841072431498],[74.953329095459893,13.575850313129846],[74.953452816838862,13.57576911553743],[74.953814525139705,13.576205803141152],[74.954045747193405,13.576304959449343],[74.954257619259664,13.576665255583341],[74.954729524075844,13.576953554280985],[74.954723918837729,13.57705129063508],[74.954722987682359,13.577067736610482],[74.955550289993994,13.57739982296342],[74.955619596298973,13.5774635636577],[74.956169803518648,13.57798339632277],[74.956429742119369,13.578127900807205],[74.957411792997036,13.579186516394396],[74.958442644536248,13.579166996115202],[74.958681710326175,13.579338220201896],[74.959050095754705,13.57917466678717],[74.959093867652683,13.579075561274591],[74.959395886052107,13.579043081831308],[74.960029176498892,13.577839850488287],[74.960278949198141,13.577269573199676],[74.960304843742179,13.577285782940754],[74.961630165445797,13.578718682936719],[74.961656713613849,13.578735748942998],[74.96235733574818,13.579179309243234],[74.963277720707808,13.579131033026366],[74.963408231332849,13.579123935910669],[74.963701518351087,13.579221807449844],[74.963787151160034,13.579250255229974],[74.963808363586139,13.579247018450731],[74.964109360705535,13.579715125060469],[74.964400302984302,13.57986713080814],[74.964666835214814,13.580226302789807],[74.964764157547748,13.580357004067286],[74.965548779644934,13.580660728000673],[74.965655527179749,13.580535645164742],[74.965716916728809,13.580590079234952],[74.965999970652277,13.580840585263207],[74.966261959918455,13.58072575555232],[74.966376421717499,13.580988131632958],[74.966172520493501,13.581514182545474],[74.966223754318733,13.581622171765558],[74.966841943398066,13.582917325820281],[74.969440521636642,13.588176203869468],[74.969706907357818,13.588708052817971],[74.969735208331386,13.588766219028539],[74.970091232718403,13.588542217359871],[74.97107389190748,13.587953256506236],[74.982089432920276,13.581789312445579],[74.983996164776585,13.580703851972061],[74.984357030801149,13.579896709900021],[74.990446780277637,13.565716836264922],[74.990446844984376,13.565716685260732],[74.990447081626101,13.565716133688523],[74.990453909345632,13.565717449606584],[74.990583205323304,13.565742090305305],[74.991140938086147,13.565848393190196],[75.003547868155991,13.568197130780543],[75.006450889248171,13.568747282062652],[75.008462172964542,13.569062238099626],[75.017595280181027,13.569389550692552],[75.017827409173208,13.569397451671666],[75.021901552313722,13.569303181453668],[75.022301908960657,13.569336193850457],[75.035498066985852,13.569068975853325],[75.03611589844536,13.569091018289999],[75.038234554909067,13.569136137681266]]]]}}
]
}
